/*
 Navicat Premium Data Transfer

 Source Server         : 50.116.24.104
 Source Server Type    : MariaDB
 Source Server Version : 100327
 Source Host           : 127.0.0.1:3306
 Source Schema         : galaxy

 Target Server Type    : MariaDB
 Target Server Version : 100327
 File Encoding         : 65001

 Date: 27/04/2021 14:32:21
*/

SET NAMES utf8mb4;
SET FOREIGN_KEY_CHECKS = 0;

-- ----------------------------
-- Table structure for gen_table
-- ----------------------------
DROP TABLE IF EXISTS `gen_table`;
CREATE TABLE `gen_table`  (
  `table_id` bigint(20) NOT NULL AUTO_INCREMENT COMMENT '编号',
  `table_name` varchar(190) CHARACTER SET utf8mb4 COLLATE utf8mb4_general_ci NULL DEFAULT '' COMMENT '表名称',
  `table_comment` varchar(500) CHARACTER SET utf8mb4 COLLATE utf8mb4_general_ci NULL DEFAULT '' COMMENT '表描述',
  `sub_table_name` varchar(64) CHARACTER SET utf8mb4 COLLATE utf8mb4_general_ci NULL DEFAULT NULL COMMENT '关联子表的表名',
  `sub_table_fk_name` varchar(64) CHARACTER SET utf8mb4 COLLATE utf8mb4_general_ci NULL DEFAULT NULL COMMENT '子表关联的外键名',
  `class_name` varchar(100) CHARACTER SET utf8mb4 COLLATE utf8mb4_general_ci NULL DEFAULT '' COMMENT '实体类名称',
  `tpl_category` varchar(190) CHARACTER SET utf8mb4 COLLATE utf8mb4_general_ci NULL DEFAULT 'crud' COMMENT '使用的模板（crud单表操作 tree树表操作）',
  `package_name` varchar(100) CHARACTER SET utf8mb4 COLLATE utf8mb4_general_ci NULL DEFAULT NULL COMMENT '生成包路径',
  `module_name` varchar(30) CHARACTER SET utf8mb4 COLLATE utf8mb4_general_ci NULL DEFAULT NULL COMMENT '生成模块名',
  `business_name` varchar(30) CHARACTER SET utf8mb4 COLLATE utf8mb4_general_ci NULL DEFAULT NULL COMMENT '生成业务名',
  `function_name` varchar(50) CHARACTER SET utf8mb4 COLLATE utf8mb4_general_ci NULL DEFAULT NULL COMMENT '生成功能名',
  `function_author` varchar(50) CHARACTER SET utf8mb4 COLLATE utf8mb4_general_ci NULL DEFAULT NULL COMMENT '生成功能作者',
  `gen_type` char(1) CHARACTER SET utf8mb4 COLLATE utf8mb4_general_ci NULL DEFAULT '0' COMMENT '生成代码方式（0zip压缩包 1自定义路径）',
  `gen_path` varchar(190) CHARACTER SET utf8mb4 COLLATE utf8mb4_general_ci NULL DEFAULT '/' COMMENT '生成路径（不填默认项目路径）',
  `options` varchar(1000) CHARACTER SET utf8mb4 COLLATE utf8mb4_general_ci NULL DEFAULT NULL COMMENT '其它生成选项',
  `create_by` varchar(64) CHARACTER SET utf8mb4 COLLATE utf8mb4_general_ci NULL DEFAULT '' COMMENT '创建者',
  `create_time` datetime(0) NULL DEFAULT NULL COMMENT '创建时间',
  `update_by` varchar(64) CHARACTER SET utf8mb4 COLLATE utf8mb4_general_ci NULL DEFAULT '' COMMENT '更新者',
  `update_time` datetime(0) NULL DEFAULT NULL COMMENT '更新时间',
  `remark` varchar(500) CHARACTER SET utf8mb4 COLLATE utf8mb4_general_ci NULL DEFAULT NULL COMMENT '备注',
  PRIMARY KEY (`table_id`) USING BTREE
) ENGINE = InnoDB AUTO_INCREMENT = 8 CHARACTER SET = utf8mb4 COLLATE = utf8mb4_general_ci COMMENT = '代码生成业务表' ROW_FORMAT = Dynamic;

-- ----------------------------
-- Records of gen_table
-- ----------------------------
INSERT INTO `gen_table` VALUES (1, 'glx_category', '分类目录', '', '', 'GlxCategory', 'tree', 'com.ruoyi.galaxy', 'galaxy', 'category', '分享类别', 'Hex', '0', '/', '{\"treeCode\":\"id\",\"treeName\":\"title\",\"treeParentCode\":\"parent_id\",\"parentMenuId\":2000}', 'admin', '2021-03-17 18:31:48', '', '2021-03-17 18:35:23', NULL);
INSERT INTO `gen_table` VALUES (2, 'glx_peer', '节点表', NULL, NULL, 'GlxPeer', 'crud', 'com.ruoyi.galaxy', 'galaxy', 'peer', '节点管理', 'HexPang', '0', '/', '{\"parentMenuId\":2000}', 'admin', '2021-03-17 18:31:48', '', '2021-03-18 12:11:32', NULL);
INSERT INTO `gen_table` VALUES (3, 'glx_torrent', '资源广场', '', '', 'GlxTorrent', 'crud', 'com.ruoyi.galaxy', 'galaxy', 'torrent', '资源广场', 'HexPang', '0', '/', '{\"parentMenuId\":\"2000\"}', 'admin', '2021-03-17 18:31:48', '', '2021-03-17 18:53:20', NULL);
INSERT INTO `gen_table` VALUES (5, 'glx_points_record', '积分明细表', NULL, NULL, 'GlxPointsRecord', 'crud', 'com.ruoyi.galaxy', 'galaxy', 'point_record', '积分明细', 'HexPang', '0', '/', '{\"parentMenuId\":2000}', 'admin', '2021-03-18 13:59:01', '', '2021-03-18 13:59:27', NULL);
INSERT INTO `gen_table` VALUES (6, 'glx_torrent_purchase', '种子购买记录', NULL, NULL, 'GlxTorrentPurchase', 'crud', 'com.ruoyi.galaxy', 'galaxy', 'torrent_purchase', '购买记录', 'HexPang', '0', '/', '{\"parentMenuId\":2000}', 'admin', '2021-03-18 14:10:31', '', '2021-03-18 14:11:01', NULL);
INSERT INTO `gen_table` VALUES (7, 'glx_invite_code', '邀请码', NULL, NULL, 'GlxInviteCode', 'crud', 'com.ruoyi.galaxy', 'galaxy', 'invite', '邀请注册', 'HexPang', '0', '/', '{\"parentMenuId\":\"2000\"}', 'admin', '2021-03-21 00:20:22', '', '2021-03-21 00:24:21', NULL);

-- ----------------------------
-- Table structure for gen_table_column
-- ----------------------------
DROP TABLE IF EXISTS `gen_table_column`;
CREATE TABLE `gen_table_column`  (
  `column_id` bigint(20) NOT NULL AUTO_INCREMENT COMMENT '编号',
  `table_id` varchar(64) CHARACTER SET utf8mb4 COLLATE utf8mb4_general_ci NULL DEFAULT NULL COMMENT '归属表编号',
  `column_name` varchar(190) CHARACTER SET utf8mb4 COLLATE utf8mb4_general_ci NULL DEFAULT NULL COMMENT '列名称',
  `column_comment` varchar(500) CHARACTER SET utf8mb4 COLLATE utf8mb4_general_ci NULL DEFAULT NULL COMMENT '列描述',
  `column_type` varchar(100) CHARACTER SET utf8mb4 COLLATE utf8mb4_general_ci NULL DEFAULT NULL COMMENT '列类型',
  `java_type` varchar(500) CHARACTER SET utf8mb4 COLLATE utf8mb4_general_ci NULL DEFAULT NULL COMMENT 'JAVA类型',
  `java_field` varchar(190) CHARACTER SET utf8mb4 COLLATE utf8mb4_general_ci NULL DEFAULT NULL COMMENT 'JAVA字段名',
  `is_pk` char(1) CHARACTER SET utf8mb4 COLLATE utf8mb4_general_ci NULL DEFAULT NULL COMMENT '是否主键（1是）',
  `is_increment` char(1) CHARACTER SET utf8mb4 COLLATE utf8mb4_general_ci NULL DEFAULT NULL COMMENT '是否自增（1是）',
  `is_required` char(1) CHARACTER SET utf8mb4 COLLATE utf8mb4_general_ci NULL DEFAULT NULL COMMENT '是否必填（1是）',
  `is_insert` char(1) CHARACTER SET utf8mb4 COLLATE utf8mb4_general_ci NULL DEFAULT NULL COMMENT '是否为插入字段（1是）',
  `is_edit` char(1) CHARACTER SET utf8mb4 COLLATE utf8mb4_general_ci NULL DEFAULT NULL COMMENT '是否编辑字段（1是）',
  `is_list` char(1) CHARACTER SET utf8mb4 COLLATE utf8mb4_general_ci NULL DEFAULT NULL COMMENT '是否列表字段（1是）',
  `is_query` char(1) CHARACTER SET utf8mb4 COLLATE utf8mb4_general_ci NULL DEFAULT NULL COMMENT '是否查询字段（1是）',
  `query_type` varchar(190) CHARACTER SET utf8mb4 COLLATE utf8mb4_general_ci NULL DEFAULT 'EQ' COMMENT '查询方式（等于、不等于、大于、小于、范围）',
  `html_type` varchar(190) CHARACTER SET utf8mb4 COLLATE utf8mb4_general_ci NULL DEFAULT NULL COMMENT '显示类型（文本框、文本域、下拉框、复选框、单选框、日期控件）',
  `dict_type` varchar(190) CHARACTER SET utf8mb4 COLLATE utf8mb4_general_ci NULL DEFAULT '' COMMENT '字典类型',
  `sort` int(11) NULL DEFAULT NULL COMMENT '排序',
  `create_by` varchar(64) CHARACTER SET utf8mb4 COLLATE utf8mb4_general_ci NULL DEFAULT '' COMMENT '创建者',
  `create_time` datetime(0) NULL DEFAULT NULL COMMENT '创建时间',
  `update_by` varchar(64) CHARACTER SET utf8mb4 COLLATE utf8mb4_general_ci NULL DEFAULT '' COMMENT '更新者',
  `update_time` datetime(0) NULL DEFAULT NULL COMMENT '更新时间',
  PRIMARY KEY (`column_id`) USING BTREE
) ENGINE = InnoDB AUTO_INCREMENT = 75 CHARACTER SET = utf8mb4 COLLATE = utf8mb4_general_ci COMMENT = '代码生成业务表字段' ROW_FORMAT = Dynamic;

-- ----------------------------
-- Records of gen_table_column
-- ----------------------------
INSERT INTO `gen_table_column` VALUES (1, '1', 'id', '编号', 'bigint(20)', 'Long', 'id', '1', '1', NULL, '1', NULL, NULL, NULL, 'EQ', 'input', '', 1, 'admin', '2021-03-17 18:31:48', '', '2021-03-17 18:35:23');
INSERT INTO `gen_table_column` VALUES (2, '1', 'title', '目录名称', 'varchar(190)', 'String', 'title', '0', '0', NULL, '1', '1', '1', '1', 'EQ', 'input', '', 2, 'admin', '2021-03-17 18:31:48', '', '2021-03-17 18:35:23');
INSERT INTO `gen_table_column` VALUES (3, '1', 'parent_id', '父级目录', 'bigint(20)', 'Long', 'parentId', '0', '0', NULL, '1', '1', '1', '1', 'EQ', 'input', '', 3, 'admin', '2021-03-17 18:31:48', '', '2021-03-17 18:35:23');
INSERT INTO `gen_table_column` VALUES (4, '1', 'status', '状态（0正常 1暂停）', 'char(1)', 'String', 'status', '0', '0', NULL, '1', '1', '1', '1', 'EQ', 'radio', '', 4, 'admin', '2021-03-17 18:31:48', '', '2021-03-17 18:35:23');
INSERT INTO `gen_table_column` VALUES (5, '1', 'create_by', '创建者', 'varchar(64)', 'String', 'createBy', '0', '0', NULL, '1', NULL, NULL, NULL, 'EQ', 'input', '', 5, 'admin', '2021-03-17 18:31:48', '', '2021-03-17 18:35:23');
INSERT INTO `gen_table_column` VALUES (6, '1', 'create_time', '创建时间', 'datetime', 'Date', 'createTime', '0', '0', NULL, '1', NULL, NULL, NULL, 'EQ', 'datetime', '', 6, 'admin', '2021-03-17 18:31:48', '', '2021-03-17 18:35:23');
INSERT INTO `gen_table_column` VALUES (7, '1', 'update_by', '更新者', 'varchar(64)', 'String', 'updateBy', '0', '0', NULL, '1', '1', NULL, NULL, 'EQ', 'input', '', 7, 'admin', '2021-03-17 18:31:48', '', '2021-03-17 18:35:23');
INSERT INTO `gen_table_column` VALUES (8, '1', 'update_time', '更新时间', 'datetime', 'Date', 'updateTime', '0', '0', NULL, '1', '1', NULL, NULL, 'EQ', 'datetime', '', 8, 'admin', '2021-03-17 18:31:48', '', '2021-03-17 18:35:23');
INSERT INTO `gen_table_column` VALUES (9, '1', 'remark', '备注信息', 'varchar(500)', 'String', 'remark', '0', '0', NULL, '1', '1', '1', NULL, 'EQ', 'textarea', '', 9, 'admin', '2021-03-17 18:31:48', '', '2021-03-17 18:35:23');
INSERT INTO `gen_table_column` VALUES (10, '2', 'id', '编号', 'bigint(20)', 'Long', 'id', '1', '1', NULL, '1', NULL, NULL, NULL, 'EQ', 'input', '', 1, 'admin', '2021-03-17 18:31:48', '', '2021-03-18 12:11:32');
INSERT INTO `gen_table_column` VALUES (11, '2', 'user_id', '用户编号', 'bigint(20)', 'Long', 'userId', '0', '0', NULL, '1', '1', '1', '1', 'EQ', 'input', '', 2, 'admin', '2021-03-17 18:31:48', '', '2021-03-18 12:11:32');
INSERT INTO `gen_table_column` VALUES (12, '2', 'peer_id', '节点编号', 'varchar(64)', 'String', 'peerId', '0', '0', NULL, '1', '1', '1', '1', 'EQ', 'input', '', 3, 'admin', '2021-03-17 18:31:48', '', '2021-03-18 12:11:32');
INSERT INTO `gen_table_column` VALUES (13, '2', 'ip', 'IP地址', 'varchar(64)', 'String', 'ip', '0', '0', NULL, '1', '1', '1', '1', 'EQ', 'input', '', 4, 'admin', '2021-03-17 18:31:48', '', '2021-03-18 12:11:32');
INSERT INTO `gen_table_column` VALUES (14, '2', 'port', '端口', 'int(5)', 'Integer', 'port', '0', '0', NULL, '1', '1', '1', '1', 'EQ', 'input', '', 5, 'admin', '2021-03-17 18:31:48', '', '2021-03-18 12:11:32');
INSERT INTO `gen_table_column` VALUES (15, '2', 'uploaded', '上传量', 'bigint(20)', 'Long', 'uploaded', '0', '0', NULL, '1', '1', '1', '1', 'EQ', 'input', '', 6, 'admin', '2021-03-17 18:31:48', '', '2021-03-18 12:11:32');
INSERT INTO `gen_table_column` VALUES (16, '2', 'downloaded', '下载量', 'bigint(20)', 'Long', 'downloaded', '0', '0', NULL, '1', '1', '1', '1', 'EQ', 'input', '', 7, 'admin', '2021-03-17 18:31:48', '', '2021-03-18 12:11:32');
INSERT INTO `gen_table_column` VALUES (17, '2', 'left_size', '剩余量', 'bigint(20)', 'Long', 'leftSize', '0', '0', NULL, '1', '1', '1', '1', 'EQ', 'input', '', 8, 'admin', '2021-03-17 18:31:48', '', '2021-03-18 12:11:32');
INSERT INTO `gen_table_column` VALUES (18, '2', 'download_speed', '下载速度', 'int(11)', 'Long', 'downloadSpeed', '0', '0', NULL, '1', '1', '1', '1', 'EQ', 'input', '', 9, 'admin', '2021-03-17 18:31:48', '', '2021-03-18 12:11:32');
INSERT INTO `gen_table_column` VALUES (19, '2', 'upload_speed', '上传速度', 'int(11)', 'Long', 'uploadSpeed', '0', '0', NULL, '1', '1', '1', '1', 'EQ', 'input', '', 10, 'admin', '2021-03-17 18:31:48', '', '2021-03-18 12:11:32');
INSERT INTO `gen_table_column` VALUES (20, '2', 'key', '钥匙', 'varchar(32)', 'String', 'key', '0', '0', NULL, '1', '1', '1', '1', 'EQ', 'input', '', 11, 'admin', '2021-03-17 18:31:48', '', '2021-03-18 12:11:32');
INSERT INTO `gen_table_column` VALUES (21, '2', 'event', '事件', 'varchar(16)', 'String', 'event', '0', '0', NULL, '1', '1', '1', '1', 'EQ', 'input', '', 12, 'admin', '2021-03-17 18:31:48', '', '2021-03-18 12:11:32');
INSERT INTO `gen_table_column` VALUES (22, '2', 'torrent_id', '种子编号', 'bigint(20)', 'Long', 'torrentId', '0', '0', NULL, '1', '1', '1', '1', 'EQ', 'input', '', 13, 'admin', '2021-03-17 18:31:48', '', '2021-03-18 12:11:32');
INSERT INTO `gen_table_column` VALUES (23, '2', 'status', '状态（0正常 1暂停）', 'char(1)', 'String', 'status', '0', '0', NULL, '1', '1', '1', '1', 'EQ', 'radio', '', 14, 'admin', '2021-03-17 18:31:48', '', '2021-03-18 12:11:32');
INSERT INTO `gen_table_column` VALUES (24, '2', 'create_by', '创建者', 'varchar(64)', 'String', 'createBy', '0', '0', NULL, '1', NULL, NULL, NULL, 'EQ', 'input', '', 15, 'admin', '2021-03-17 18:31:48', '', '2021-03-18 12:11:32');
INSERT INTO `gen_table_column` VALUES (25, '2', 'create_time', '创建时间', 'datetime', 'Date', 'createTime', '0', '0', NULL, '1', NULL, NULL, NULL, 'EQ', 'datetime', '', 16, 'admin', '2021-03-17 18:31:48', '', '2021-03-18 12:11:32');
INSERT INTO `gen_table_column` VALUES (26, '2', 'update_by', '更新者', 'varchar(64)', 'String', 'updateBy', '0', '0', NULL, '1', '1', NULL, NULL, 'EQ', 'input', '', 17, 'admin', '2021-03-17 18:31:48', '', '2021-03-18 12:11:32');
INSERT INTO `gen_table_column` VALUES (27, '2', 'update_time', '更新时间', 'datetime', 'Date', 'updateTime', '0', '0', NULL, '1', '1', NULL, NULL, 'EQ', 'datetime', '', 18, 'admin', '2021-03-17 18:31:48', '', '2021-03-18 12:11:32');
INSERT INTO `gen_table_column` VALUES (28, '2', 'remark', '备注信息', 'varchar(500)', 'String', 'remark', '0', '0', NULL, '1', '1', '1', NULL, 'EQ', 'textarea', '', 19, 'admin', '2021-03-17 18:31:48', '', '2021-03-18 12:11:32');
INSERT INTO `gen_table_column` VALUES (29, '3', 'id', '编号', 'bigint(20)', 'Long', 'id', '1', '1', NULL, '1', NULL, NULL, NULL, 'EQ', 'input', '', 1, 'admin', '2021-03-17 18:31:48', '', '2021-03-17 18:53:20');
INSERT INTO `gen_table_column` VALUES (30, '3', 'info_hash', '哈希值', 'varchar(64)', 'String', 'infoHash', '0', '0', NULL, '1', '1', '1', '1', 'EQ', 'input', '', 2, 'admin', '2021-03-17 18:31:48', '', '2021-03-17 18:53:20');
INSERT INTO `gen_table_column` VALUES (31, '3', 'title', '标题', 'varchar(190)', 'String', 'title', '0', '0', NULL, '1', '1', '1', '1', 'EQ', 'input', '', 3, 'admin', '2021-03-17 18:31:48', '', '2021-03-17 18:53:20');
INSERT INTO `gen_table_column` VALUES (32, '3', 'file_name', '种子路径', 'varchar(190)', 'String', 'fileName', '0', '0', NULL, '1', '1', NULL, NULL, 'LIKE', 'fileUpload', '', 4, 'admin', '2021-03-17 18:31:48', '', '2021-03-17 18:53:20');
INSERT INTO `gen_table_column` VALUES (33, '3', 'categories', '目录', 'varchar(190)', 'String', 'categories', '0', '0', NULL, '1', '1', '1', '1', 'EQ', 'input', '', 5, 'admin', '2021-03-17 18:31:49', '', '2021-03-17 18:53:20');
INSERT INTO `gen_table_column` VALUES (34, '3', 'description', '详情', 'text', 'String', 'description', '0', '0', NULL, '1', '1', NULL, NULL, 'EQ', 'editor', '', 6, 'admin', '2021-03-17 18:31:49', '', '2021-03-17 18:53:20');
INSERT INTO `gen_table_column` VALUES (35, '3', 'thumbUrl', '缩略图', 'varchar(190)', 'String', 'thumburl', '0', '0', NULL, '1', '1', '1', NULL, 'EQ', 'imageUpload', '', 7, 'admin', '2021-03-17 18:31:49', '', '2021-03-17 18:53:20');
INSERT INTO `gen_table_column` VALUES (36, '3', 'file_size', '文件大小', 'bigint(20)', 'Long', 'fileSize', '0', '0', NULL, '1', '1', '1', NULL, 'EQ', 'input', '', 8, 'admin', '2021-03-17 18:31:49', '', '2021-03-17 18:53:20');
INSERT INTO `gen_table_column` VALUES (37, '3', 'total_download', '下载次数', 'int(11)', 'Long', 'totalDownload', '0', '0', NULL, '1', '1', '1', NULL, 'EQ', 'input', '', 9, 'admin', '2021-03-17 18:31:49', '', '2021-03-17 18:53:20');
INSERT INTO `gen_table_column` VALUES (38, '3', 'uploaded', '上传流量', 'bigint(20)', 'Long', 'uploaded', '0', '0', NULL, '1', '1', '1', NULL, 'EQ', 'input', '', 10, 'admin', '2021-03-17 18:31:49', '', '2021-03-17 18:53:20');
INSERT INTO `gen_table_column` VALUES (39, '3', 'downloaded', '下载流量', 'bigint(20)', 'Long', 'downloaded', '0', '0', NULL, '1', '1', '1', NULL, 'EQ', 'input', '', 11, 'admin', '2021-03-17 18:31:49', '', '2021-03-17 18:53:20');
INSERT INTO `gen_table_column` VALUES (40, '3', 'upload_token', '上传令牌', 'varchar(128)', 'String', 'uploadToken', '0', '0', NULL, '1', '1', NULL, NULL, 'EQ', 'input', '', 12, 'admin', '2021-03-17 18:31:49', '', '2021-03-17 18:53:20');
INSERT INTO `gen_table_column` VALUES (41, '3', 'download_token', '下载令牌', 'varchar(128)', 'String', 'downloadToken', '0', '0', NULL, '1', '1', NULL, NULL, 'EQ', 'input', '', 13, 'admin', '2021-03-17 18:31:49', '', '2021-03-17 18:53:20');
INSERT INTO `gen_table_column` VALUES (42, '3', 'status', '状态（0正常 1暂停）', 'char(1)', 'String', 'status', '0', '0', NULL, '1', '1', '1', '1', 'EQ', 'radio', 'sys_normal_disable', 14, 'admin', '2021-03-17 18:31:49', '', '2021-03-17 18:53:20');
INSERT INTO `gen_table_column` VALUES (43, '3', 'create_by', '创建者', 'varchar(64)', 'String', 'createBy', '0', '0', NULL, '1', NULL, NULL, NULL, 'EQ', 'input', '', 15, 'admin', '2021-03-17 18:31:49', '', '2021-03-17 18:53:20');
INSERT INTO `gen_table_column` VALUES (44, '3', 'create_time', '创建时间', 'datetime', 'Date', 'createTime', '0', '0', NULL, '1', NULL, NULL, NULL, 'EQ', 'datetime', '', 16, 'admin', '2021-03-17 18:31:49', '', '2021-03-17 18:53:20');
INSERT INTO `gen_table_column` VALUES (45, '3', 'update_by', '更新者', 'varchar(64)', 'String', 'updateBy', '0', '0', NULL, '1', '1', NULL, NULL, 'EQ', 'input', '', 17, 'admin', '2021-03-17 18:31:49', '', '2021-03-17 18:53:20');
INSERT INTO `gen_table_column` VALUES (46, '3', 'update_time', '更新时间', 'datetime', 'Date', 'updateTime', '0', '0', NULL, '1', '1', NULL, NULL, 'EQ', 'datetime', '', 18, 'admin', '2021-03-17 18:31:49', '', '2021-03-17 18:53:20');
INSERT INTO `gen_table_column` VALUES (47, '3', 'remark', '备注信息', 'varchar(500)', 'String', 'remark', '0', '0', NULL, '1', '1', '1', NULL, 'EQ', 'textarea', '', 19, 'admin', '2021-03-17 18:31:49', '', '2021-03-17 18:53:20');
INSERT INTO `gen_table_column` VALUES (54, '5', 'id', '编号', 'bigint(20)', 'Long', 'id', '1', '1', NULL, '1', NULL, NULL, NULL, 'EQ', 'input', '', 1, 'admin', '2021-03-18 13:59:01', '', '2021-03-18 13:59:27');
INSERT INTO `gen_table_column` VALUES (55, '5', 'user_id', '用户', 'bigint(20)', 'Long', 'userId', '0', '0', NULL, '1', '1', '1', '1', 'EQ', 'input', '', 2, 'admin', '2021-03-18 13:59:01', '', '2021-03-18 13:59:27');
INSERT INTO `gen_table_column` VALUES (56, '5', 'points', '积分', 'int(11)', 'Long', 'points', '0', '0', NULL, '1', '1', '1', '1', 'EQ', 'input', '', 3, 'admin', '2021-03-18 13:59:01', '', '2021-03-18 13:59:27');
INSERT INTO `gen_table_column` VALUES (57, '5', 'torrent_id', '种子', 'bigint(20)', 'Long', 'torrentId', '0', '0', NULL, '1', '1', '1', '1', 'EQ', 'input', '', 4, 'admin', '2021-03-18 13:59:01', '', '2021-03-18 13:59:27');
INSERT INTO `gen_table_column` VALUES (58, '5', 'peer_id', '节点', 'bigint(20)', 'Long', 'peerId', '0', '0', NULL, '1', '1', '1', '1', 'EQ', 'input', '', 5, 'admin', '2021-03-18 13:59:01', '', '2021-03-18 13:59:27');
INSERT INTO `gen_table_column` VALUES (59, '5', 'remark', '备注', 'varchar(180)', 'String', 'remark', '0', '0', NULL, '1', '1', '1', NULL, 'EQ', 'input', '', 6, 'admin', '2021-03-18 13:59:01', '', '2021-03-18 13:59:27');
INSERT INTO `gen_table_column` VALUES (60, '6', 'id', '编号', 'bigint(20)', 'Long', 'id', '1', '0', NULL, '1', NULL, NULL, NULL, 'EQ', 'input', '', 1, 'admin', '2021-03-18 14:10:31', '', '2021-03-18 14:11:01');
INSERT INTO `gen_table_column` VALUES (61, '6', 'user_id', '用户编号', 'bigint(20)', 'Long', 'userId', '0', '0', NULL, '1', '1', '1', '1', 'EQ', 'input', '', 2, 'admin', '2021-03-18 14:10:31', '', '2021-03-18 14:11:01');
INSERT INTO `gen_table_column` VALUES (62, '6', 'torrent_id', '种子编号', 'bigint(20)', 'Long', 'torrentId', '0', '0', NULL, '1', '1', '1', '1', 'EQ', 'input', '', 3, 'admin', '2021-03-18 14:10:31', '', '2021-03-18 14:11:01');
INSERT INTO `gen_table_column` VALUES (63, '6', 'points', '消费积分', 'bigint(20)', 'Long', 'points', '0', '0', NULL, '1', '1', '1', '1', 'EQ', 'input', '', 4, 'admin', '2021-03-18 14:10:31', '', '2021-03-18 14:11:01');
INSERT INTO `gen_table_column` VALUES (64, '6', 'create_time', '创建时间', 'datetime', 'Date', 'createTime', '0', '0', NULL, '1', NULL, NULL, NULL, 'EQ', 'datetime', '', 5, 'admin', '2021-03-18 14:10:31', '', '2021-03-18 14:11:01');
INSERT INTO `gen_table_column` VALUES (65, '7', 'id', '编号', 'bigint(20)', 'Long', 'id', '1', '1', NULL, '1', NULL, NULL, NULL, 'EQ', 'input', '', 1, 'admin', '2021-03-21 00:20:22', '', '2021-03-21 00:24:21');
INSERT INTO `gen_table_column` VALUES (66, '7', 'user_id', '用户编号', 'bigint(20)', 'Long', 'userId', '0', '0', NULL, '1', '1', '1', '1', 'EQ', 'input', '', 2, 'admin', '2021-03-21 00:20:22', '', '2021-03-21 00:24:21');
INSERT INTO `gen_table_column` VALUES (67, '7', 'invite_code', '邀请码', 'varchar(64)', 'String', 'inviteCode', '0', '0', NULL, '1', '1', '1', '1', 'EQ', 'input', '', 3, 'admin', '2021-03-21 00:20:22', '', '2021-03-21 00:24:21');
INSERT INTO `gen_table_column` VALUES (68, '7', 'invite_user_id', '邀请用户', 'bigint(20)', 'Long', 'inviteUserId', '0', '0', NULL, '1', '1', '1', '1', 'EQ', 'input', '', 4, 'admin', '2021-03-21 00:20:22', '', '2021-03-21 00:24:21');
INSERT INTO `gen_table_column` VALUES (69, '7', 'status', '状态（0正常 1无效）', 'char(1)', 'String', 'status', '0', '0', NULL, '1', '1', '1', '1', 'EQ', 'select', 'glx_invite_status', 5, 'admin', '2021-03-21 00:20:22', '', '2021-03-21 00:24:21');
INSERT INTO `gen_table_column` VALUES (70, '7', 'create_by', '创建者', 'varchar(64)', 'String', 'createBy', '0', '0', NULL, '1', NULL, NULL, NULL, 'EQ', 'input', '', 6, 'admin', '2021-03-21 00:20:22', '', '2021-03-21 00:24:21');
INSERT INTO `gen_table_column` VALUES (71, '7', 'create_time', '创建时间', 'datetime', 'Date', 'createTime', '0', '0', NULL, '1', NULL, NULL, NULL, 'EQ', 'datetime', '', 7, 'admin', '2021-03-21 00:20:22', '', '2021-03-21 00:24:21');
INSERT INTO `gen_table_column` VALUES (72, '7', 'update_by', '更新者', 'varchar(64)', 'String', 'updateBy', '0', '0', NULL, '1', '1', NULL, NULL, 'EQ', 'input', '', 8, 'admin', '2021-03-21 00:20:22', '', '2021-03-21 00:24:21');
INSERT INTO `gen_table_column` VALUES (73, '7', 'update_time', '更新时间', 'datetime', 'Date', 'updateTime', '0', '0', NULL, '1', '1', NULL, NULL, 'EQ', 'datetime', '', 9, 'admin', '2021-03-21 00:20:22', '', '2021-03-21 00:24:21');
INSERT INTO `gen_table_column` VALUES (74, '7', 'remark', '备注', 'varchar(255)', 'String', 'remark', '0', '0', NULL, '1', '1', '1', NULL, 'EQ', 'input', '', 10, 'admin', '2021-03-21 00:20:22', '', '2021-03-21 00:24:21');

-- ----------------------------
-- Table structure for glx_category
-- ----------------------------
DROP TABLE IF EXISTS `glx_category`;
CREATE TABLE `glx_category`  (
  `id` bigint(20) NOT NULL AUTO_INCREMENT COMMENT '编号',
  `title` varchar(190) CHARACTER SET utf8mb4 COLLATE utf8mb4_general_ci NULL DEFAULT NULL COMMENT '目录名称',
  `parent_id` bigint(20) NULL DEFAULT NULL COMMENT '父级目录',
  `status` char(1) CHARACTER SET utf8mb4 COLLATE utf8mb4_general_ci NULL DEFAULT '0' COMMENT '状态（0正常 1暂停）',
  `create_by` varchar(64) CHARACTER SET utf8mb4 COLLATE utf8mb4_general_ci NULL DEFAULT '' COMMENT '创建者',
  `create_time` datetime(0) NULL DEFAULT NULL COMMENT '创建时间',
  `update_by` varchar(64) CHARACTER SET utf8mb4 COLLATE utf8mb4_general_ci NULL DEFAULT '' COMMENT '更新者',
  `update_time` datetime(0) NULL DEFAULT NULL COMMENT '更新时间',
  `remark` varchar(500) CHARACTER SET utf8mb4 COLLATE utf8mb4_general_ci NULL DEFAULT '' COMMENT '备注信息',
  PRIMARY KEY (`id`) USING BTREE
) ENGINE = InnoDB AUTO_INCREMENT = 19 CHARACTER SET = utf8mb4 COLLATE = utf8mb4_general_ci COMMENT = '分类目录' ROW_FORMAT = Dynamic;

-- ----------------------------
-- Records of glx_category
-- ----------------------------
INSERT INTO `glx_category` VALUES (2, '游戏', NULL, '0', '', '2021-03-17 18:45:19', '', NULL, '');
INSERT INTO `glx_category` VALUES (3, '主机游戏', 2, '0', '', '2021-03-17 18:45:37', '', NULL, '');
INSERT INTO `glx_category` VALUES (4, '掌机游戏', 2, '0', '', '2021-03-17 18:45:48', '', NULL, '');
INSERT INTO `glx_category` VALUES (5, 'PC游戏', 2, '0', '', '2021-03-17 18:45:57', '', NULL, '');
INSERT INTO `glx_category` VALUES (6, 'PS4', 3, '0', '', '2021-03-18 15:39:19', '', NULL, '');
INSERT INTO `glx_category` VALUES (7, 'Switch', 3, '0', '', '2021-03-18 15:39:35', '', NULL, '');
INSERT INTO `glx_category` VALUES (8, '3DS', 4, '0', '', '2021-03-18 15:39:40', '', NULL, '');
INSERT INTO `glx_category` VALUES (9, 'PSV', 4, '0', '', '2021-03-18 15:39:45', '', NULL, '');
INSERT INTO `glx_category` VALUES (10, '其他', 4, '0', '', '2021-03-18 15:39:54', '', NULL, '');
INSERT INTO `glx_category` VALUES (11, '其他', 3, '0', '', '2021-03-18 15:40:01', '', NULL, '');
INSERT INTO `glx_category` VALUES (12, '影视', 0, '0', '', '2021-03-19 00:03:34', '', '2021-03-19 00:04:24', '');
INSERT INTO `glx_category` VALUES (13, '美剧', 17, '0', '', '2021-03-19 00:03:57', '', '2021-03-19 00:05:00', '');
INSERT INTO `glx_category` VALUES (14, '日剧', 17, '0', '', '2021-03-19 00:04:06', '', '2021-03-19 00:05:06', '');
INSERT INTO `glx_category` VALUES (15, '韩剧', 17, '0', '', '2021-03-19 00:04:12', '', '2021-03-19 00:05:10', '');
INSERT INTO `glx_category` VALUES (16, '动漫', 17, '0', '', '2021-03-19 00:04:19', '', '2021-03-19 00:05:15', '');
INSERT INTO `glx_category` VALUES (17, '剧集', 12, '0', '', '2021-03-19 00:04:54', '', NULL, '');
INSERT INTO `glx_category` VALUES (18, '电影', 12, '0', '', '2021-03-19 00:05:42', '', NULL, '');

-- ----------------------------
-- Table structure for glx_invite_code
-- ----------------------------
DROP TABLE IF EXISTS `glx_invite_code`;
CREATE TABLE `glx_invite_code`  (
  `id` bigint(20) NOT NULL AUTO_INCREMENT COMMENT '编号',
  `user_id` bigint(20) NULL DEFAULT NULL COMMENT '用户编号',
  `invite_code` varchar(64) CHARACTER SET utf8mb4 COLLATE utf8mb4_general_ci NULL DEFAULT NULL COMMENT '邀请码',
  `invite_user_id` bigint(20) NULL DEFAULT NULL COMMENT '邀请用户',
  `status` char(1) CHARACTER SET utf8mb4 COLLATE utf8mb4_general_ci NULL DEFAULT '0' COMMENT '状态（0正常 1无效）',
  `create_by` varchar(64) CHARACTER SET utf8mb4 COLLATE utf8mb4_general_ci NULL DEFAULT '' COMMENT '创建者',
  `create_time` datetime(0) NULL DEFAULT NULL COMMENT '创建时间',
  `update_by` varchar(64) CHARACTER SET utf8mb4 COLLATE utf8mb4_general_ci NULL DEFAULT '' COMMENT '更新者',
  `update_time` datetime(0) NULL DEFAULT NULL COMMENT '更新时间',
  `remark` varchar(255) CHARACTER SET utf8mb4 COLLATE utf8mb4_general_ci NULL DEFAULT NULL COMMENT '备注',
  PRIMARY KEY (`id`) USING BTREE
) ENGINE = InnoDB AUTO_INCREMENT = 211 CHARACTER SET = utf8mb4 COLLATE = utf8mb4_general_ci ROW_FORMAT = Dynamic;


-- ----------------------------
-- Table structure for glx_peer
-- ----------------------------
DROP TABLE IF EXISTS `glx_peer`;
CREATE TABLE `glx_peer`  (
  `id` bigint(20) NOT NULL AUTO_INCREMENT COMMENT '编号',
  `user_id` bigint(20) NULL DEFAULT NULL COMMENT '用户编号',
  `peer_id` varchar(64) CHARACTER SET utf8mb4 COLLATE utf8mb4_general_ci NOT NULL COMMENT '节点编号',
  `info_hash` varchar(64) CHARACTER SET utf8mb4 COLLATE utf8mb4_general_ci NULL DEFAULT NULL COMMENT '哈希',
  `ip` varchar(64) CHARACTER SET utf8mb4 COLLATE utf8mb4_general_ci NULL DEFAULT NULL COMMENT 'IP地址',
  `port` int(5) NULL DEFAULT NULL COMMENT '端口',
  `uploaded` bigint(20) UNSIGNED NULL DEFAULT 0 COMMENT '上传量',
  `downloaded` bigint(20) UNSIGNED NULL DEFAULT 0 COMMENT '下载量',
  `left_size` bigint(20) UNSIGNED NULL DEFAULT 0 COMMENT '剩余量',
  `download_speed` int(11) NULL DEFAULT NULL COMMENT '下载速度',
  `upload_speed` int(11) NULL DEFAULT NULL COMMENT '上传速度',
  `key` varchar(32) CHARACTER SET utf8mb4 COLLATE utf8mb4_general_ci NULL DEFAULT NULL COMMENT '钥匙',
  `event` varchar(16) CHARACTER SET utf8mb4 COLLATE utf8mb4_general_ci NULL DEFAULT NULL COMMENT '事件',
  `torrent_id` bigint(20) NULL DEFAULT NULL COMMENT '种子编号',
  `attachment_id` bigint(20) NULL DEFAULT NULL COMMENT '附件编号',
  `status` char(1) CHARACTER SET utf8mb4 COLLATE utf8mb4_general_ci NULL DEFAULT '0' COMMENT '状态（0正常 1暂停）',
  `create_by` varchar(64) CHARACTER SET utf8mb4 COLLATE utf8mb4_general_ci NULL DEFAULT '' COMMENT '创建者',
  `create_time` datetime(0) NULL DEFAULT NULL COMMENT '创建时间',
  `update_by` varchar(64) CHARACTER SET utf8mb4 COLLATE utf8mb4_general_ci NULL DEFAULT '' COMMENT '更新者',
  `update_time` datetime(0) NULL DEFAULT NULL COMMENT '更新时间',
  `remark` varchar(500) CHARACTER SET utf8mb4 COLLATE utf8mb4_general_ci NULL DEFAULT '' COMMENT '备注信息',
  PRIMARY KEY (`id`) USING BTREE,
  INDEX `info_hash`(`info_hash`) USING BTREE,
  INDEX `peer_id`(`peer_id`) USING BTREE
) ENGINE = InnoDB AUTO_INCREMENT = 54449 CHARACTER SET = utf8mb4 COLLATE = utf8mb4_general_ci ROW_FORMAT = Dynamic;

-- ----------------------------
-- Table structure for glx_points_record
-- ----------------------------
DROP TABLE IF EXISTS `glx_points_record`;
CREATE TABLE `glx_points_record`  (
  `id` bigint(20) NOT NULL AUTO_INCREMENT COMMENT '编号',
  `user_id` bigint(20) NULL DEFAULT NULL COMMENT '用户',
  `points` decimal(20, 3) NULL DEFAULT NULL COMMENT '积分',
  `torrent_id` bigint(20) NULL DEFAULT NULL COMMENT '种子',
  `peer_id` bigint(20) NULL DEFAULT NULL COMMENT '节点',
  `remark` varchar(180) CHARACTER SET utf8mb4 COLLATE utf8mb4_general_ci NULL DEFAULT NULL COMMENT '备注',
  `create_time` datetime(0) NULL DEFAULT NULL COMMENT '时间',
  PRIMARY KEY (`id`) USING BTREE
) ENGINE = InnoDB AUTO_INCREMENT = 8410 CHARACTER SET = utf8mb4 COLLATE = utf8mb4_general_ci ROW_FORMAT = Dynamic;

-- ----------------------------
-- Table structure for glx_torrent
-- ----------------------------
DROP TABLE IF EXISTS `glx_torrent`;
CREATE TABLE `glx_torrent`  (
  `id` bigint(20) NOT NULL AUTO_INCREMENT COMMENT '编号',
  `user_id` bigint(20) NULL DEFAULT NULL COMMENT '用户编号',
  `info_hash` varchar(64) CHARACTER SET utf8mb4 COLLATE utf8mb4_general_ci NULL DEFAULT NULL COMMENT '哈希值',
  `title` varchar(190) CHARACTER SET utf8mb4 COLLATE utf8mb4_general_ci NULL DEFAULT NULL COMMENT '标题',
  `file_name` varchar(190) CHARACTER SET utf8mb4 COLLATE utf8mb4_general_ci NULL DEFAULT NULL COMMENT '文件名称',
  `categories` bigint(190) NULL DEFAULT NULL COMMENT '目录',
  `description` longtext CHARACTER SET utf8mb4 COLLATE utf8mb4_general_ci NULL COMMENT '详情',
  `thumbUrl` varchar(190) CHARACTER SET utf8mb4 COLLATE utf8mb4_general_ci NULL DEFAULT NULL COMMENT '缩略图',
  `file_size` bigint(20) NULL DEFAULT NULL COMMENT '文件大小',
  `total_download` int(11) NULL DEFAULT 0 COMMENT '下载次数',
  `uploaded` bigint(20) NULL DEFAULT 0 COMMENT '上传流量',
  `downloaded` bigint(20) NULL DEFAULT 0 COMMENT '下载流量',
  `upload_token` varchar(128) CHARACTER SET utf8mb4 COLLATE utf8mb4_general_ci NULL DEFAULT NULL COMMENT '上传令牌',
  `download_token` varchar(128) CHARACTER SET utf8mb4 COLLATE utf8mb4_general_ci NULL DEFAULT NULL COMMENT '下载令牌',
  `status` char(1) CHARACTER SET utf8mb4 COLLATE utf8mb4_general_ci NULL DEFAULT '0' COMMENT '状态（0正常 1暂停）',
  `create_by` varchar(64) CHARACTER SET utf8mb4 COLLATE utf8mb4_general_ci NULL DEFAULT '' COMMENT '创建者',
  `create_time` datetime(0) NULL DEFAULT NULL COMMENT '创建时间',
  `update_by` varchar(64) CHARACTER SET utf8mb4 COLLATE utf8mb4_general_ci NULL DEFAULT '' COMMENT '更新者',
  `update_time` datetime(0) NULL DEFAULT NULL COMMENT '更新时间',
  `remark` varchar(500) CHARACTER SET utf8mb4 COLLATE utf8mb4_general_ci NULL DEFAULT '' COMMENT '备注信息',
  PRIMARY KEY (`id`) USING BTREE
) ENGINE = InnoDB AUTO_INCREMENT = 78 CHARACTER SET = utf8mb4 COLLATE = utf8mb4_general_ci COMMENT = '种子表' ROW_FORMAT = Dynamic;

-- ----------------------------
-- Table structure for glx_torrent_attachment
-- ----------------------------
DROP TABLE IF EXISTS `glx_torrent_attachment`;
CREATE TABLE `glx_torrent_attachment`  (
  `id` bigint(20) NOT NULL AUTO_INCREMENT COMMENT '编号',
  `info_hash` varchar(190) CHARACTER SET utf8mb4 COLLATE utf8mb4_general_ci NULL DEFAULT NULL COMMENT '哈希值',
  `title` varchar(190) CHARACTER SET utf8mb4 COLLATE utf8mb4_general_ci NULL DEFAULT NULL COMMENT '标题',
  `file_name` varchar(190) CHARACTER SET utf8mb4 COLLATE utf8mb4_general_ci NULL DEFAULT NULL COMMENT '文件路径',
  `user_id` bigint(20) NULL DEFAULT NULL COMMENT '所属用户',
  `torrent_id` bigint(20) NULL DEFAULT NULL COMMENT '所属种子',
  `torrent_size` bigint(20) NULL DEFAULT NULL COMMENT '文件大小',
  `status` char(1) CHARACTER SET utf8mb4 COLLATE utf8mb4_general_ci NULL DEFAULT '0' COMMENT '状态（0正常 1暂停）',
  `create_by` varchar(64) CHARACTER SET utf8mb4 COLLATE utf8mb4_general_ci NULL DEFAULT '' COMMENT '创建者',
  `create_time` datetime(0) NULL DEFAULT NULL COMMENT '创建时间',
  `update_by` varchar(64) CHARACTER SET utf8mb4 COLLATE utf8mb4_general_ci NULL DEFAULT '' COMMENT '更新者',
  `update_time` datetime(0) NULL DEFAULT NULL COMMENT '更新时间',
  `remark` varchar(500) CHARACTER SET utf8mb4 COLLATE utf8mb4_general_ci NULL DEFAULT '' COMMENT '备注信息',
  `uploaded` bigint(20) NULL DEFAULT 0 COMMENT '上传流量',
  `downloaded` bigint(20) NULL DEFAULT 0 COMMENT '下载流量',
  PRIMARY KEY (`id`) USING BTREE
) ENGINE = InnoDB AUTO_INCREMENT = 18 CHARACTER SET = utf8mb4 COLLATE = utf8mb4_general_ci ROW_FORMAT = Dynamic;

-- ----------------------------
-- Table structure for glx_torrent_file
-- ----------------------------
DROP TABLE IF EXISTS `glx_torrent_file`;
CREATE TABLE `glx_torrent_file`  (
  `id` bigint(20) NOT NULL AUTO_INCREMENT COMMENT '编号',
  `torrent_id` bigint(20) NULL DEFAULT NULL COMMENT '种子编号',
  `file_name` varchar(190) CHARACTER SET utf8mb4 COLLATE utf8mb4_general_ci NULL DEFAULT NULL COMMENT '文件名称',
  `file_size` bigint(20) NULL DEFAULT NULL COMMENT '文件大小',
  PRIMARY KEY (`id`) USING BTREE
) ENGINE = InnoDB AUTO_INCREMENT = 2337 CHARACTER SET = utf8mb4 COLLATE = utf8mb4_general_ci ROW_FORMAT = Dynamic;

-- ----------------------------
-- Table structure for glx_torrent_purchase
-- ----------------------------
DROP TABLE IF EXISTS `glx_torrent_purchase`;
CREATE TABLE `glx_torrent_purchase`  (
  `id` bigint(20) NOT NULL AUTO_INCREMENT COMMENT '编号',
  `user_id` bigint(20) NULL DEFAULT NULL COMMENT '用户编号',
  `torrent_id` bigint(20) NULL DEFAULT NULL COMMENT '种子编号',
  `points` decimal(20, 3) NULL DEFAULT NULL COMMENT '积分',
  `create_time` datetime(0) NULL DEFAULT NULL COMMENT '创建时间',
  `start_time` datetime(0) NULL DEFAULT NULL COMMENT '开始下载时间',
  `finish_time` datetime(0) NULL DEFAULT NULL COMMENT '下载完成时间',
  `avg_speed` bigint(20) NULL DEFAULT NULL COMMENT '平均下载速度',
  `max_speed` bigint(20) NULL DEFAULT NULL COMMENT '最高下载速度',
  PRIMARY KEY (`id`) USING BTREE
) ENGINE = InnoDB AUTO_INCREMENT = 130 CHARACTER SET = utf8mb4 COLLATE = utf8mb4_general_ci ROW_FORMAT = Dynamic;

-- ----------------------------
-- Table structure for qrtz_blob_triggers
-- ----------------------------
DROP TABLE IF EXISTS `qrtz_blob_triggers`;
CREATE TABLE `qrtz_blob_triggers`  (
  `sched_name` varchar(120) CHARACTER SET utf8mb4 COLLATE utf8mb4_general_ci NOT NULL,
  `trigger_name` varchar(190) CHARACTER SET utf8mb4 COLLATE utf8mb4_general_ci NOT NULL,
  `trigger_group` varchar(190) CHARACTER SET utf8mb4 COLLATE utf8mb4_general_ci NOT NULL,
  `blob_data` blob NULL DEFAULT NULL,
  PRIMARY KEY (`sched_name`, `trigger_name`, `trigger_group`) USING BTREE,
  CONSTRAINT `qrtz_blob_triggers_ibfk_1` FOREIGN KEY (`sched_name`, `trigger_name`, `trigger_group`) REFERENCES `qrtz_triggers` (`sched_name`, `trigger_name`, `trigger_group`) ON DELETE RESTRICT ON UPDATE RESTRICT
) ENGINE = InnoDB CHARACTER SET = utf8mb4 COLLATE = utf8mb4_general_ci ROW_FORMAT = Dynamic;

-- ----------------------------
-- Records of qrtz_blob_triggers
-- ----------------------------

-- ----------------------------
-- Table structure for qrtz_calendars
-- ----------------------------
DROP TABLE IF EXISTS `qrtz_calendars`;
CREATE TABLE `qrtz_calendars`  (
  `sched_name` varchar(120) CHARACTER SET utf8mb4 COLLATE utf8mb4_general_ci NOT NULL,
  `calendar_name` varchar(190) CHARACTER SET utf8mb4 COLLATE utf8mb4_general_ci NOT NULL,
  `calendar` blob NOT NULL,
  PRIMARY KEY (`sched_name`, `calendar_name`) USING BTREE
) ENGINE = InnoDB CHARACTER SET = utf8mb4 COLLATE = utf8mb4_general_ci ROW_FORMAT = Dynamic;

-- ----------------------------
-- Records of qrtz_calendars
-- ----------------------------

-- ----------------------------
-- Table structure for qrtz_cron_triggers
-- ----------------------------
DROP TABLE IF EXISTS `qrtz_cron_triggers`;
CREATE TABLE `qrtz_cron_triggers`  (
  `sched_name` varchar(120) CHARACTER SET utf8mb4 COLLATE utf8mb4_general_ci NOT NULL,
  `trigger_name` varchar(190) CHARACTER SET utf8mb4 COLLATE utf8mb4_general_ci NOT NULL,
  `trigger_group` varchar(190) CHARACTER SET utf8mb4 COLLATE utf8mb4_general_ci NOT NULL,
  `cron_expression` varchar(190) CHARACTER SET utf8mb4 COLLATE utf8mb4_general_ci NOT NULL,
  `time_zone_id` varchar(80) CHARACTER SET utf8mb4 COLLATE utf8mb4_general_ci NULL DEFAULT NULL,
  PRIMARY KEY (`sched_name`, `trigger_name`, `trigger_group`) USING BTREE,
  CONSTRAINT `qrtz_cron_triggers_ibfk_1` FOREIGN KEY (`sched_name`, `trigger_name`, `trigger_group`) REFERENCES `qrtz_triggers` (`sched_name`, `trigger_name`, `trigger_group`) ON DELETE RESTRICT ON UPDATE RESTRICT
) ENGINE = InnoDB CHARACTER SET = utf8mb4 COLLATE = utf8mb4_general_ci ROW_FORMAT = Dynamic;

-- ----------------------------
-- Records of qrtz_cron_triggers
-- ----------------------------
INSERT INTO `qrtz_cron_triggers` VALUES ('RuoyiScheduler', 'TASK_CLASS_NAME100', 'SYSTEM', '0 0/5 * * * ?', 'Asia/Shanghai');

-- ----------------------------
-- Table structure for qrtz_fired_triggers
-- ----------------------------
DROP TABLE IF EXISTS `qrtz_fired_triggers`;
CREATE TABLE `qrtz_fired_triggers`  (
  `sched_name` varchar(120) CHARACTER SET utf8mb4 COLLATE utf8mb4_general_ci NOT NULL,
  `entry_id` varchar(95) CHARACTER SET utf8mb4 COLLATE utf8mb4_general_ci NOT NULL,
  `trigger_name` varchar(190) CHARACTER SET utf8mb4 COLLATE utf8mb4_general_ci NOT NULL,
  `trigger_group` varchar(190) CHARACTER SET utf8mb4 COLLATE utf8mb4_general_ci NOT NULL,
  `instance_name` varchar(190) CHARACTER SET utf8mb4 COLLATE utf8mb4_general_ci NOT NULL,
  `fired_time` bigint(13) NOT NULL,
  `sched_time` bigint(13) NOT NULL,
  `priority` int(11) NOT NULL,
  `state` varchar(16) CHARACTER SET utf8mb4 COLLATE utf8mb4_general_ci NOT NULL,
  `job_name` varchar(190) CHARACTER SET utf8mb4 COLLATE utf8mb4_general_ci NULL DEFAULT NULL,
  `job_group` varchar(190) CHARACTER SET utf8mb4 COLLATE utf8mb4_general_ci NULL DEFAULT NULL,
  `is_nonconcurrent` varchar(1) CHARACTER SET utf8mb4 COLLATE utf8mb4_general_ci NULL DEFAULT NULL,
  `requests_recovery` varchar(1) CHARACTER SET utf8mb4 COLLATE utf8mb4_general_ci NULL DEFAULT NULL,
  PRIMARY KEY (`sched_name`, `entry_id`) USING BTREE
) ENGINE = InnoDB CHARACTER SET = utf8mb4 COLLATE = utf8mb4_general_ci ROW_FORMAT = Dynamic;

-- ----------------------------
-- Records of qrtz_fired_triggers
-- ----------------------------

-- ----------------------------
-- Table structure for qrtz_job_details
-- ----------------------------
DROP TABLE IF EXISTS `qrtz_job_details`;
CREATE TABLE `qrtz_job_details`  (
  `sched_name` varchar(120) CHARACTER SET utf8mb4 COLLATE utf8mb4_general_ci NOT NULL,
  `job_name` varchar(190) CHARACTER SET utf8mb4 COLLATE utf8mb4_general_ci NOT NULL,
  `job_group` varchar(190) CHARACTER SET utf8mb4 COLLATE utf8mb4_general_ci NOT NULL,
  `description` varchar(250) CHARACTER SET utf8mb4 COLLATE utf8mb4_general_ci NULL DEFAULT NULL,
  `job_class_name` varchar(250) CHARACTER SET utf8mb4 COLLATE utf8mb4_general_ci NOT NULL,
  `is_durable` varchar(1) CHARACTER SET utf8mb4 COLLATE utf8mb4_general_ci NOT NULL,
  `is_nonconcurrent` varchar(1) CHARACTER SET utf8mb4 COLLATE utf8mb4_general_ci NOT NULL,
  `is_update_data` varchar(1) CHARACTER SET utf8mb4 COLLATE utf8mb4_general_ci NOT NULL,
  `requests_recovery` varchar(1) CHARACTER SET utf8mb4 COLLATE utf8mb4_general_ci NOT NULL,
  `job_data` blob NULL DEFAULT NULL,
  PRIMARY KEY (`sched_name`, `job_name`, `job_group`) USING BTREE
) ENGINE = InnoDB CHARACTER SET = utf8mb4 COLLATE = utf8mb4_general_ci ROW_FORMAT = Dynamic;

-- ----------------------------
-- Records of qrtz_job_details
-- ----------------------------
INSERT INTO `qrtz_job_details` VALUES ('RuoyiScheduler', 'TASK_CLASS_NAME100', 'SYSTEM', NULL, 'com.ruoyi.quartz.util.QuartzDisallowConcurrentExecution', '0', '1', '0', '0', 0xACED0005737200156F72672E71756172747A2E4A6F62446174614D61709FB083E8BFA9B0CB020000787200266F72672E71756172747A2E7574696C732E537472696E674B65794469727479466C61674D61708208E8C3FBC55D280200015A0013616C6C6F77735472616E7369656E74446174617872001D6F72672E71756172747A2E7574696C732E4469727479466C61674D617013E62EAD28760ACE0200025A000564697274794C00036D617074000F4C6A6176612F7574696C2F4D61703B787001737200116A6176612E7574696C2E486173684D61700507DAC1C31660D103000246000A6C6F6164466163746F724900097468726573686F6C6478703F4000000000000C7708000000100000000174000F5441534B5F50524F504552544945537372001E636F6D2E72756F79692E71756172747A2E646F6D61696E2E5379734A6F6200000000000000010200084C000A636F6E63757272656E747400124C6A6176612F6C616E672F537472696E673B4C000E63726F6E45787072657373696F6E71007E00094C000C696E766F6B6554617267657471007E00094C00086A6F6247726F757071007E00094C00056A6F6249647400104C6A6176612F6C616E672F4C6F6E673B4C00076A6F624E616D6571007E00094C000D6D697366697265506F6C69637971007E00094C000673746174757371007E000978720027636F6D2E72756F79692E636F6D6D6F6E2E636F72652E646F6D61696E2E42617365456E7469747900000000000000010200074C0008637265617465427971007E00094C000A63726561746554696D657400104C6A6176612F7574696C2F446174653B4C0006706172616D7371007E00034C000672656D61726B71007E00094C000B73656172636856616C756571007E00094C0008757064617465427971007E00094C000A75706461746554696D6571007E000C787074000561646D696E7372000E6A6176612E7574696C2E44617465686A81014B597419030000787077080000017843D634D878707400007070707400013174000D3020302F35202A202A202A203F74002347616C6178795461736B2E52656D6F766554696D656F75745065657273283630304C2974000653595354454D7372000E6A6176612E6C616E672E4C6F6E673B8BE490CC8F23DF0200014A000576616C7565787200106A6176612E6C616E672E4E756D62657286AC951D0B94E08B02000078700000000000000064740015E588A0E999A4E4B88DE6B4BBE8B783E88A82E782B974000132740001307800);

-- ----------------------------
-- Table structure for qrtz_locks
-- ----------------------------
DROP TABLE IF EXISTS `qrtz_locks`;
CREATE TABLE `qrtz_locks`  (
  `sched_name` varchar(120) CHARACTER SET utf8mb4 COLLATE utf8mb4_general_ci NOT NULL,
  `lock_name` varchar(40) CHARACTER SET utf8mb4 COLLATE utf8mb4_general_ci NOT NULL,
  PRIMARY KEY (`sched_name`, `lock_name`) USING BTREE
) ENGINE = InnoDB CHARACTER SET = utf8mb4 COLLATE = utf8mb4_general_ci ROW_FORMAT = Dynamic;

-- ----------------------------
-- Records of qrtz_locks
-- ----------------------------
INSERT INTO `qrtz_locks` VALUES ('RuoyiScheduler', 'STATE_ACCESS');
INSERT INTO `qrtz_locks` VALUES ('RuoyiScheduler', 'TRIGGER_ACCESS');

-- ----------------------------
-- Table structure for qrtz_paused_trigger_grps
-- ----------------------------
DROP TABLE IF EXISTS `qrtz_paused_trigger_grps`;
CREATE TABLE `qrtz_paused_trigger_grps`  (
  `sched_name` varchar(120) CHARACTER SET utf8mb4 COLLATE utf8mb4_general_ci NOT NULL,
  `trigger_group` varchar(190) CHARACTER SET utf8mb4 COLLATE utf8mb4_general_ci NOT NULL,
  PRIMARY KEY (`sched_name`, `trigger_group`) USING BTREE
) ENGINE = InnoDB CHARACTER SET = utf8mb4 COLLATE = utf8mb4_general_ci ROW_FORMAT = Dynamic;

-- ----------------------------
-- Records of qrtz_paused_trigger_grps
-- ----------------------------

-- ----------------------------
-- Table structure for qrtz_scheduler_state
-- ----------------------------
DROP TABLE IF EXISTS `qrtz_scheduler_state`;
CREATE TABLE `qrtz_scheduler_state`  (
  `sched_name` varchar(120) CHARACTER SET utf8mb4 COLLATE utf8mb4_general_ci NOT NULL,
  `instance_name` varchar(190) CHARACTER SET utf8mb4 COLLATE utf8mb4_general_ci NOT NULL,
  `last_checkin_time` bigint(13) NOT NULL,
  `checkin_interval` bigint(13) NOT NULL,
  PRIMARY KEY (`sched_name`, `instance_name`) USING BTREE
) ENGINE = InnoDB CHARACTER SET = utf8mb4 COLLATE = utf8mb4_general_ci ROW_FORMAT = Dynamic;

-- ----------------------------
-- Records of qrtz_scheduler_state
-- ----------------------------
INSERT INTO `qrtz_scheduler_state` VALUES ('RuoyiScheduler', 'localhost1618460071583', 1619505171406, 15000);

-- ----------------------------
-- Table structure for qrtz_simple_triggers
-- ----------------------------
DROP TABLE IF EXISTS `qrtz_simple_triggers`;
CREATE TABLE `qrtz_simple_triggers`  (
  `sched_name` varchar(120) CHARACTER SET utf8mb4 COLLATE utf8mb4_general_ci NOT NULL,
  `trigger_name` varchar(190) CHARACTER SET utf8mb4 COLLATE utf8mb4_general_ci NOT NULL,
  `trigger_group` varchar(190) CHARACTER SET utf8mb4 COLLATE utf8mb4_general_ci NOT NULL,
  `repeat_count` bigint(7) NOT NULL,
  `repeat_interval` bigint(12) NOT NULL,
  `times_triggered` bigint(10) NOT NULL,
  PRIMARY KEY (`sched_name`, `trigger_name`, `trigger_group`) USING BTREE,
  CONSTRAINT `qrtz_simple_triggers_ibfk_1` FOREIGN KEY (`sched_name`, `trigger_name`, `trigger_group`) REFERENCES `qrtz_triggers` (`sched_name`, `trigger_name`, `trigger_group`) ON DELETE RESTRICT ON UPDATE RESTRICT
) ENGINE = InnoDB CHARACTER SET = utf8mb4 COLLATE = utf8mb4_general_ci ROW_FORMAT = Dynamic;

-- ----------------------------
-- Records of qrtz_simple_triggers
-- ----------------------------

-- ----------------------------
-- Table structure for qrtz_simprop_triggers
-- ----------------------------
DROP TABLE IF EXISTS `qrtz_simprop_triggers`;
CREATE TABLE `qrtz_simprop_triggers`  (
  `sched_name` varchar(120) CHARACTER SET utf8mb4 COLLATE utf8mb4_general_ci NOT NULL,
  `trigger_name` varchar(190) CHARACTER SET utf8mb4 COLLATE utf8mb4_general_ci NOT NULL,
  `trigger_group` varchar(190) CHARACTER SET utf8mb4 COLLATE utf8mb4_general_ci NOT NULL,
  `str_prop_1` varchar(512) CHARACTER SET utf8mb4 COLLATE utf8mb4_general_ci NULL DEFAULT NULL,
  `str_prop_2` varchar(512) CHARACTER SET utf8mb4 COLLATE utf8mb4_general_ci NULL DEFAULT NULL,
  `str_prop_3` varchar(512) CHARACTER SET utf8mb4 COLLATE utf8mb4_general_ci NULL DEFAULT NULL,
  `int_prop_1` int(11) NULL DEFAULT NULL,
  `int_prop_2` int(11) NULL DEFAULT NULL,
  `long_prop_1` bigint(20) NULL DEFAULT NULL,
  `long_prop_2` bigint(20) NULL DEFAULT NULL,
  `dec_prop_1` decimal(13, 4) NULL DEFAULT NULL,
  `dec_prop_2` decimal(13, 4) NULL DEFAULT NULL,
  `bool_prop_1` varchar(1) CHARACTER SET utf8mb4 COLLATE utf8mb4_general_ci NULL DEFAULT NULL,
  `bool_prop_2` varchar(1) CHARACTER SET utf8mb4 COLLATE utf8mb4_general_ci NULL DEFAULT NULL,
  PRIMARY KEY (`sched_name`, `trigger_name`, `trigger_group`) USING BTREE,
  CONSTRAINT `qrtz_simprop_triggers_ibfk_1` FOREIGN KEY (`sched_name`, `trigger_name`, `trigger_group`) REFERENCES `qrtz_triggers` (`sched_name`, `trigger_name`, `trigger_group`) ON DELETE RESTRICT ON UPDATE RESTRICT
) ENGINE = InnoDB CHARACTER SET = utf8mb4 COLLATE = utf8mb4_general_ci ROW_FORMAT = Dynamic;

-- ----------------------------
-- Records of qrtz_simprop_triggers
-- ----------------------------

-- ----------------------------
-- Table structure for qrtz_triggers
-- ----------------------------
DROP TABLE IF EXISTS `qrtz_triggers`;
CREATE TABLE `qrtz_triggers`  (
  `sched_name` varchar(120) CHARACTER SET utf8mb4 COLLATE utf8mb4_general_ci NOT NULL,
  `trigger_name` varchar(190) CHARACTER SET utf8mb4 COLLATE utf8mb4_general_ci NOT NULL,
  `trigger_group` varchar(190) CHARACTER SET utf8mb4 COLLATE utf8mb4_general_ci NOT NULL,
  `job_name` varchar(190) CHARACTER SET utf8mb4 COLLATE utf8mb4_general_ci NOT NULL,
  `job_group` varchar(190) CHARACTER SET utf8mb4 COLLATE utf8mb4_general_ci NOT NULL,
  `description` varchar(250) CHARACTER SET utf8mb4 COLLATE utf8mb4_general_ci NULL DEFAULT NULL,
  `next_fire_time` bigint(13) NULL DEFAULT NULL,
  `prev_fire_time` bigint(13) NULL DEFAULT NULL,
  `priority` int(11) NULL DEFAULT NULL,
  `trigger_state` varchar(16) CHARACTER SET utf8mb4 COLLATE utf8mb4_general_ci NOT NULL,
  `trigger_type` varchar(8) CHARACTER SET utf8mb4 COLLATE utf8mb4_general_ci NOT NULL,
  `start_time` bigint(13) NOT NULL,
  `end_time` bigint(13) NULL DEFAULT NULL,
  `calendar_name` varchar(190) CHARACTER SET utf8mb4 COLLATE utf8mb4_general_ci NULL DEFAULT NULL,
  `misfire_instr` smallint(2) NULL DEFAULT NULL,
  `job_data` blob NULL DEFAULT NULL,
  PRIMARY KEY (`sched_name`, `trigger_name`, `trigger_group`) USING BTREE,
  INDEX `sched_name`(`sched_name`, `job_name`, `job_group`) USING BTREE,
  CONSTRAINT `qrtz_triggers_ibfk_1` FOREIGN KEY (`sched_name`, `job_name`, `job_group`) REFERENCES `qrtz_job_details` (`sched_name`, `job_name`, `job_group`) ON DELETE RESTRICT ON UPDATE RESTRICT
) ENGINE = InnoDB CHARACTER SET = utf8mb4 COLLATE = utf8mb4_general_ci ROW_FORMAT = Dynamic;

-- ----------------------------
-- Records of qrtz_triggers
-- ----------------------------
INSERT INTO `qrtz_triggers` VALUES ('RuoyiScheduler', 'TASK_CLASS_NAME100', 'SYSTEM', 'TASK_CLASS_NAME100', 'SYSTEM', NULL, 1619505300000, 1619505000000, 5, 'WAITING', 'CRON', 1618460071000, 0, NULL, 1, '');

-- ----------------------------
-- Table structure for sys_config
-- ----------------------------
DROP TABLE IF EXISTS `sys_config`;
CREATE TABLE `sys_config`  (
  `config_id` int(5) NOT NULL AUTO_INCREMENT COMMENT '参数主键',
  `config_name` varchar(100) CHARACTER SET utf8mb4 COLLATE utf8mb4_general_ci NULL DEFAULT '' COMMENT '参数名称',
  `config_key` varchar(100) CHARACTER SET utf8mb4 COLLATE utf8mb4_general_ci NULL DEFAULT '' COMMENT '参数键名',
  `config_value` varchar(500) CHARACTER SET utf8mb4 COLLATE utf8mb4_general_ci NULL DEFAULT '' COMMENT '参数键值',
  `config_type` char(1) CHARACTER SET utf8mb4 COLLATE utf8mb4_general_ci NULL DEFAULT 'N' COMMENT '系统内置（Y是 N否）',
  `create_by` varchar(64) CHARACTER SET utf8mb4 COLLATE utf8mb4_general_ci NULL DEFAULT '' COMMENT '创建者',
  `create_time` datetime(0) NULL DEFAULT NULL COMMENT '创建时间',
  `update_by` varchar(64) CHARACTER SET utf8mb4 COLLATE utf8mb4_general_ci NULL DEFAULT '' COMMENT '更新者',
  `update_time` datetime(0) NULL DEFAULT NULL COMMENT '更新时间',
  `remark` varchar(500) CHARACTER SET utf8mb4 COLLATE utf8mb4_general_ci NULL DEFAULT NULL COMMENT '备注',
  PRIMARY KEY (`config_id`) USING BTREE
) ENGINE = InnoDB AUTO_INCREMENT = 104 CHARACTER SET = utf8mb4 COLLATE = utf8mb4_general_ci COMMENT = '参数配置表' ROW_FORMAT = Dynamic;

-- ----------------------------
-- Records of sys_config
-- ----------------------------
INSERT INTO `sys_config` VALUES (1, '主框架页-默认皮肤样式名称', 'sys.index.skinName', 'skin-blue', 'Y', 'admin', '2021-03-17 17:46:24', '', NULL, '蓝色 skin-blue、绿色 skin-green、紫色 skin-purple、红色 skin-red、黄色 skin-yellow');
INSERT INTO `sys_config` VALUES (2, '用户管理-账号初始密码', 'sys.user.initPassword', '123456', 'Y', 'admin', '2021-03-17 17:46:24', '', NULL, '初始化密码 123456');
INSERT INTO `sys_config` VALUES (3, '主框架页-侧边栏主题', 'sys.index.sideTheme', 'theme-dark', 'Y', 'admin', '2021-03-17 17:46:24', '', NULL, '深色主题theme-dark，浅色主题theme-light');
INSERT INTO `sys_config` VALUES (100, '仅邀请注册', 'sys.user.invite.only', '1', 'Y', 'admin', '2021-03-21 00:15:52', 'admin', '2021-03-25 02:08:43', NULL);
INSERT INTO `sys_config` VALUES (101, '邀请码价格', 'sys.user.invite.points', '100', 'Y', 'admin', '2021-03-21 00:16:07', 'admin', '2021-03-31 10:21:36', '10G');
INSERT INTO `sys_config` VALUES (102, '注册流量奖励', 'sys.user.reward.points', '200', 'Y', 'admin', '2021-03-21 01:47:05', 'admin', '2021-03-31 10:21:29', NULL);
INSERT INTO `sys_config` VALUES (103, '积分兑换比率', 'drawbot.points.download', '1', 'Y', 'admin', '2021-03-31 10:06:39', 'admin', '2021-04-13 17:22:05', '积分兑换种子比率,1G=10积分');

-- ----------------------------
-- Table structure for sys_dept
-- ----------------------------
DROP TABLE IF EXISTS `sys_dept`;
CREATE TABLE `sys_dept`  (
  `dept_id` bigint(20) NOT NULL AUTO_INCREMENT COMMENT '部门id',
  `parent_id` bigint(20) NULL DEFAULT 0 COMMENT '父部门id',
  `ancestors` varchar(50) CHARACTER SET utf8mb4 COLLATE utf8mb4_general_ci NULL DEFAULT '' COMMENT '祖级列表',
  `dept_name` varchar(30) CHARACTER SET utf8mb4 COLLATE utf8mb4_general_ci NULL DEFAULT '' COMMENT '部门名称',
  `order_num` int(4) NULL DEFAULT 0 COMMENT '显示顺序',
  `leader` varchar(20) CHARACTER SET utf8mb4 COLLATE utf8mb4_general_ci NULL DEFAULT NULL COMMENT '负责人',
  `phone` varchar(11) CHARACTER SET utf8mb4 COLLATE utf8mb4_general_ci NULL DEFAULT NULL COMMENT '联系电话',
  `email` varchar(50) CHARACTER SET utf8mb4 COLLATE utf8mb4_general_ci NULL DEFAULT NULL COMMENT '邮箱',
  `status` char(1) CHARACTER SET utf8mb4 COLLATE utf8mb4_general_ci NULL DEFAULT '0' COMMENT '部门状态（0正常 1停用）',
  `del_flag` char(1) CHARACTER SET utf8mb4 COLLATE utf8mb4_general_ci NULL DEFAULT '0' COMMENT '删除标志（0代表存在 2代表删除）',
  `create_by` varchar(64) CHARACTER SET utf8mb4 COLLATE utf8mb4_general_ci NULL DEFAULT '' COMMENT '创建者',
  `create_time` datetime(0) NULL DEFAULT NULL COMMENT '创建时间',
  `update_by` varchar(64) CHARACTER SET utf8mb4 COLLATE utf8mb4_general_ci NULL DEFAULT '' COMMENT '更新者',
  `update_time` datetime(0) NULL DEFAULT NULL COMMENT '更新时间',
  PRIMARY KEY (`dept_id`) USING BTREE
) ENGINE = InnoDB AUTO_INCREMENT = 200 CHARACTER SET = utf8mb4 COLLATE = utf8mb4_general_ci COMMENT = '部门表' ROW_FORMAT = Dynamic;

-- ----------------------------
-- Records of sys_dept
-- ----------------------------
INSERT INTO `sys_dept` VALUES (100, 0, '0', 'GalaxyBit', 0, 'GBit', '15888888888', 'galaxybit@galaxy-bit.com', '0', '0', 'admin', '2021-03-17 17:46:23', 'admin', '2021-03-20 18:48:57');
INSERT INTO `sys_dept` VALUES (101, 100, '0,100', '深圳总公司', 1, '若依', '15888888888', 'ry@qq.com', '0', '0', 'admin', '2021-03-17 17:46:23', '', NULL);
INSERT INTO `sys_dept` VALUES (102, 100, '0,100', '长沙分公司', 2, '若依', '15888888888', 'ry@qq.com', '0', '0', 'admin', '2021-03-17 17:46:23', '', NULL);
INSERT INTO `sys_dept` VALUES (103, 101, '0,100,101', '研发部门', 1, '若依', '15888888888', 'ry@qq.com', '0', '0', 'admin', '2021-03-17 17:46:23', '', NULL);
INSERT INTO `sys_dept` VALUES (104, 101, '0,100,101', '市场部门', 2, '若依', '15888888888', 'ry@qq.com', '0', '0', 'admin', '2021-03-17 17:46:23', '', NULL);
INSERT INTO `sys_dept` VALUES (105, 101, '0,100,101', '测试部门', 3, '若依', '15888888888', 'ry@qq.com', '0', '0', 'admin', '2021-03-17 17:46:23', '', NULL);
INSERT INTO `sys_dept` VALUES (106, 101, '0,100,101', '财务部门', 4, '若依', '15888888888', 'ry@qq.com', '0', '0', 'admin', '2021-03-17 17:46:23', '', NULL);
INSERT INTO `sys_dept` VALUES (107, 101, '0,100,101', '运维部门', 5, '若依', '15888888888', 'ry@qq.com', '0', '0', 'admin', '2021-03-17 17:46:23', '', NULL);
INSERT INTO `sys_dept` VALUES (108, 102, '0,100,102', '市场部门', 1, '若依', '15888888888', 'ry@qq.com', '0', '0', 'admin', '2021-03-17 17:46:23', '', NULL);
INSERT INTO `sys_dept` VALUES (109, 102, '0,100,102', '财务部门', 2, '若依', '15888888888', 'ry@qq.com', '0', '0', 'admin', '2021-03-17 17:46:23', '', NULL);

-- ----------------------------
-- Table structure for sys_dict_data
-- ----------------------------
DROP TABLE IF EXISTS `sys_dict_data`;
CREATE TABLE `sys_dict_data`  (
  `dict_code` bigint(20) NOT NULL AUTO_INCREMENT COMMENT '字典编码',
  `dict_sort` int(4) NULL DEFAULT 0 COMMENT '字典排序',
  `dict_label` varchar(100) CHARACTER SET utf8mb4 COLLATE utf8mb4_general_ci NULL DEFAULT '' COMMENT '字典标签',
  `dict_value` varchar(100) CHARACTER SET utf8mb4 COLLATE utf8mb4_general_ci NULL DEFAULT '' COMMENT '字典键值',
  `dict_type` varchar(100) CHARACTER SET utf8mb4 COLLATE utf8mb4_general_ci NULL DEFAULT '' COMMENT '字典类型',
  `css_class` varchar(100) CHARACTER SET utf8mb4 COLLATE utf8mb4_general_ci NULL DEFAULT NULL COMMENT '样式属性（其他样式扩展）',
  `list_class` varchar(100) CHARACTER SET utf8mb4 COLLATE utf8mb4_general_ci NULL DEFAULT NULL COMMENT '表格回显样式',
  `is_default` char(1) CHARACTER SET utf8mb4 COLLATE utf8mb4_general_ci NULL DEFAULT 'N' COMMENT '是否默认（Y是 N否）',
  `status` char(1) CHARACTER SET utf8mb4 COLLATE utf8mb4_general_ci NULL DEFAULT '0' COMMENT '状态（0正常 1停用）',
  `create_by` varchar(64) CHARACTER SET utf8mb4 COLLATE utf8mb4_general_ci NULL DEFAULT '' COMMENT '创建者',
  `create_time` datetime(0) NULL DEFAULT NULL COMMENT '创建时间',
  `update_by` varchar(64) CHARACTER SET utf8mb4 COLLATE utf8mb4_general_ci NULL DEFAULT '' COMMENT '更新者',
  `update_time` datetime(0) NULL DEFAULT NULL COMMENT '更新时间',
  `remark` varchar(500) CHARACTER SET utf8mb4 COLLATE utf8mb4_general_ci NULL DEFAULT NULL COMMENT '备注',
  PRIMARY KEY (`dict_code`) USING BTREE
) ENGINE = InnoDB AUTO_INCREMENT = 105 CHARACTER SET = utf8mb4 COLLATE = utf8mb4_general_ci COMMENT = '字典数据表' ROW_FORMAT = Dynamic;

-- ----------------------------
-- Records of sys_dict_data
-- ----------------------------
INSERT INTO `sys_dict_data` VALUES (1, 1, '男', '0', 'sys_user_sex', '', '', 'Y', '0', 'admin', '2021-03-17 17:46:24', '', NULL, '性别男');
INSERT INTO `sys_dict_data` VALUES (2, 2, '女', '1', 'sys_user_sex', '', '', 'N', '0', 'admin', '2021-03-17 17:46:24', '', NULL, '性别女');
INSERT INTO `sys_dict_data` VALUES (3, 3, '未知', '2', 'sys_user_sex', '', '', 'N', '0', 'admin', '2021-03-17 17:46:24', '', NULL, '性别未知');
INSERT INTO `sys_dict_data` VALUES (4, 1, '显示', '0', 'sys_show_hide', '', 'primary', 'Y', '0', 'admin', '2021-03-17 17:46:24', '', NULL, '显示菜单');
INSERT INTO `sys_dict_data` VALUES (5, 2, '隐藏', '1', 'sys_show_hide', '', 'danger', 'N', '0', 'admin', '2021-03-17 17:46:24', '', NULL, '隐藏菜单');
INSERT INTO `sys_dict_data` VALUES (6, 1, '正常', '0', 'sys_normal_disable', '', 'primary', 'Y', '0', 'admin', '2021-03-17 17:46:24', '', NULL, '正常状态');
INSERT INTO `sys_dict_data` VALUES (7, 2, '停用', '1', 'sys_normal_disable', '', 'danger', 'N', '0', 'admin', '2021-03-17 17:46:24', '', NULL, '停用状态');
INSERT INTO `sys_dict_data` VALUES (8, 1, '正常', '0', 'sys_job_status', '', 'primary', 'Y', '0', 'admin', '2021-03-17 17:46:24', '', NULL, '正常状态');
INSERT INTO `sys_dict_data` VALUES (9, 2, '暂停', '1', 'sys_job_status', '', 'danger', 'N', '0', 'admin', '2021-03-17 17:46:24', '', NULL, '停用状态');
INSERT INTO `sys_dict_data` VALUES (10, 1, '默认', 'DEFAULT', 'sys_job_group', '', '', 'Y', '0', 'admin', '2021-03-17 17:46:24', '', NULL, '默认分组');
INSERT INTO `sys_dict_data` VALUES (11, 2, '系统', 'SYSTEM', 'sys_job_group', '', '', 'N', '0', 'admin', '2021-03-17 17:46:24', '', NULL, '系统分组');
INSERT INTO `sys_dict_data` VALUES (12, 1, '是', 'Y', 'sys_yes_no', '', 'primary', 'Y', '0', 'admin', '2021-03-17 17:46:24', '', NULL, '系统默认是');
INSERT INTO `sys_dict_data` VALUES (13, 2, '否', 'N', 'sys_yes_no', '', 'danger', 'N', '0', 'admin', '2021-03-17 17:46:24', '', NULL, '系统默认否');
INSERT INTO `sys_dict_data` VALUES (14, 1, '通知', '1', 'sys_notice_type', '', 'warning', 'Y', '0', 'admin', '2021-03-17 17:46:24', '', NULL, '通知');
INSERT INTO `sys_dict_data` VALUES (15, 2, '公告', '2', 'sys_notice_type', '', 'success', 'N', '0', 'admin', '2021-03-17 17:46:24', '', NULL, '公告');
INSERT INTO `sys_dict_data` VALUES (16, 1, '正常', '0', 'sys_notice_status', '', 'primary', 'Y', '0', 'admin', '2021-03-17 17:46:24', '', NULL, '正常状态');
INSERT INTO `sys_dict_data` VALUES (17, 2, '关闭', '1', 'sys_notice_status', '', 'danger', 'N', '0', 'admin', '2021-03-17 17:46:24', '', NULL, '关闭状态');
INSERT INTO `sys_dict_data` VALUES (18, 1, '新增', '1', 'sys_oper_type', '', 'info', 'N', '0', 'admin', '2021-03-17 17:46:24', '', NULL, '新增操作');
INSERT INTO `sys_dict_data` VALUES (19, 2, '修改', '2', 'sys_oper_type', '', 'info', 'N', '0', 'admin', '2021-03-17 17:46:24', '', NULL, '修改操作');
INSERT INTO `sys_dict_data` VALUES (20, 3, '删除', '3', 'sys_oper_type', '', 'danger', 'N', '0', 'admin', '2021-03-17 17:46:24', '', NULL, '删除操作');
INSERT INTO `sys_dict_data` VALUES (21, 4, '授权', '4', 'sys_oper_type', '', 'primary', 'N', '0', 'admin', '2021-03-17 17:46:24', '', NULL, '授权操作');
INSERT INTO `sys_dict_data` VALUES (22, 5, '导出', '5', 'sys_oper_type', '', 'warning', 'N', '0', 'admin', '2021-03-17 17:46:24', '', NULL, '导出操作');
INSERT INTO `sys_dict_data` VALUES (23, 6, '导入', '6', 'sys_oper_type', '', 'warning', 'N', '0', 'admin', '2021-03-17 17:46:24', '', NULL, '导入操作');
INSERT INTO `sys_dict_data` VALUES (24, 7, '强退', '7', 'sys_oper_type', '', 'danger', 'N', '0', 'admin', '2021-03-17 17:46:24', '', NULL, '强退操作');
INSERT INTO `sys_dict_data` VALUES (25, 8, '生成代码', '8', 'sys_oper_type', '', 'warning', 'N', '0', 'admin', '2021-03-17 17:46:24', '', NULL, '生成操作');
INSERT INTO `sys_dict_data` VALUES (26, 9, '清空数据', '9', 'sys_oper_type', '', 'danger', 'N', '0', 'admin', '2021-03-17 17:46:24', '', NULL, '清空操作');
INSERT INTO `sys_dict_data` VALUES (27, 1, '成功', '0', 'sys_common_status', '', 'primary', 'N', '0', 'admin', '2021-03-17 17:46:24', '', NULL, '正常状态');
INSERT INTO `sys_dict_data` VALUES (28, 2, '失败', '1', 'sys_common_status', '', 'danger', 'N', '0', 'admin', '2021-03-17 17:46:24', '', NULL, '停用状态');
INSERT INTO `sys_dict_data` VALUES (100, 0, '未审核', '0', 'glx_verified', NULL, NULL, 'N', '0', 'admin', '2021-03-18 23:08:36', '', NULL, NULL);
INSERT INTO `sys_dict_data` VALUES (101, 1, '审核通过', '1', 'glx_verified', NULL, NULL, 'N', '0', 'admin', '2021-03-18 23:08:43', '', NULL, NULL);
INSERT INTO `sys_dict_data` VALUES (102, 0, '审核拒绝', '2', 'glx_verified', NULL, NULL, 'N', '0', 'admin', '2021-03-18 23:08:49', '', NULL, NULL);
INSERT INTO `sys_dict_data` VALUES (103, 0, '未使用', '0', 'glx_invite_status', NULL, NULL, 'N', '0', 'admin', '2021-03-21 00:22:00', '', NULL, NULL);
INSERT INTO `sys_dict_data` VALUES (104, 0, '已使用', '1', 'glx_invite_status', NULL, NULL, 'N', '0', 'admin', '2021-03-21 00:22:05', '', NULL, NULL);

-- ----------------------------
-- Table structure for sys_dict_type
-- ----------------------------
DROP TABLE IF EXISTS `sys_dict_type`;
CREATE TABLE `sys_dict_type`  (
  `dict_id` bigint(20) NOT NULL AUTO_INCREMENT COMMENT '字典主键',
  `dict_name` varchar(100) CHARACTER SET utf8mb4 COLLATE utf8mb4_general_ci NULL DEFAULT '' COMMENT '字典名称',
  `dict_type` varchar(100) CHARACTER SET utf8mb4 COLLATE utf8mb4_general_ci NULL DEFAULT '' COMMENT '字典类型',
  `status` char(1) CHARACTER SET utf8mb4 COLLATE utf8mb4_general_ci NULL DEFAULT '0' COMMENT '状态（0正常 1停用）',
  `create_by` varchar(64) CHARACTER SET utf8mb4 COLLATE utf8mb4_general_ci NULL DEFAULT '' COMMENT '创建者',
  `create_time` datetime(0) NULL DEFAULT NULL COMMENT '创建时间',
  `update_by` varchar(64) CHARACTER SET utf8mb4 COLLATE utf8mb4_general_ci NULL DEFAULT '' COMMENT '更新者',
  `update_time` datetime(0) NULL DEFAULT NULL COMMENT '更新时间',
  `remark` varchar(500) CHARACTER SET utf8mb4 COLLATE utf8mb4_general_ci NULL DEFAULT NULL COMMENT '备注',
  PRIMARY KEY (`dict_id`) USING BTREE,
  UNIQUE INDEX `dict_type`(`dict_type`) USING BTREE
) ENGINE = InnoDB AUTO_INCREMENT = 102 CHARACTER SET = utf8mb4 COLLATE = utf8mb4_general_ci COMMENT = '字典类型表' ROW_FORMAT = Dynamic;

-- ----------------------------
-- Records of sys_dict_type
-- ----------------------------
INSERT INTO `sys_dict_type` VALUES (1, '用户性别', 'sys_user_sex', '0', 'admin', '2021-03-17 17:46:24', '', NULL, '用户性别列表');
INSERT INTO `sys_dict_type` VALUES (2, '菜单状态', 'sys_show_hide', '0', 'admin', '2021-03-17 17:46:24', '', NULL, '菜单状态列表');
INSERT INTO `sys_dict_type` VALUES (3, '系统开关', 'sys_normal_disable', '0', 'admin', '2021-03-17 17:46:24', '', NULL, '系统开关列表');
INSERT INTO `sys_dict_type` VALUES (4, '任务状态', 'sys_job_status', '0', 'admin', '2021-03-17 17:46:24', '', NULL, '任务状态列表');
INSERT INTO `sys_dict_type` VALUES (5, '任务分组', 'sys_job_group', '0', 'admin', '2021-03-17 17:46:24', '', NULL, '任务分组列表');
INSERT INTO `sys_dict_type` VALUES (6, '系统是否', 'sys_yes_no', '0', 'admin', '2021-03-17 17:46:24', '', NULL, '系统是否列表');
INSERT INTO `sys_dict_type` VALUES (7, '通知类型', 'sys_notice_type', '0', 'admin', '2021-03-17 17:46:24', '', NULL, '通知类型列表');
INSERT INTO `sys_dict_type` VALUES (8, '通知状态', 'sys_notice_status', '0', 'admin', '2021-03-17 17:46:24', '', NULL, '通知状态列表');
INSERT INTO `sys_dict_type` VALUES (9, '操作类型', 'sys_oper_type', '0', 'admin', '2021-03-17 17:46:24', '', NULL, '操作类型列表');
INSERT INTO `sys_dict_type` VALUES (10, '系统状态', 'sys_common_status', '0', 'admin', '2021-03-17 17:46:24', '', NULL, '登录状态列表');
INSERT INTO `sys_dict_type` VALUES (100, '审核状态', 'glx_verified', '0', 'admin', '2021-03-18 23:08:25', '', NULL, NULL);
INSERT INTO `sys_dict_type` VALUES (101, '邀请码状态', 'glx_invite_status', '0', 'admin', '2021-03-21 00:21:48', '', NULL, NULL);

-- ----------------------------
-- Table structure for sys_job
-- ----------------------------
DROP TABLE IF EXISTS `sys_job`;
CREATE TABLE `sys_job`  (
  `job_id` bigint(20) NOT NULL AUTO_INCREMENT COMMENT '任务ID',
  `job_name` varchar(64) CHARACTER SET utf8mb4 COLLATE utf8mb4_general_ci NOT NULL DEFAULT '' COMMENT '任务名称',
  `job_group` varchar(64) CHARACTER SET utf8mb4 COLLATE utf8mb4_general_ci NOT NULL DEFAULT 'DEFAULT' COMMENT '任务组名',
  `invoke_target` varchar(500) CHARACTER SET utf8mb4 COLLATE utf8mb4_general_ci NOT NULL COMMENT '调用目标字符串',
  `cron_expression` varchar(255) CHARACTER SET utf8mb4 COLLATE utf8mb4_general_ci NULL DEFAULT '' COMMENT 'cron执行表达式',
  `misfire_policy` varchar(20) CHARACTER SET utf8mb4 COLLATE utf8mb4_general_ci NULL DEFAULT '3' COMMENT '计划执行错误策略（1立即执行 2执行一次 3放弃执行）',
  `concurrent` char(1) CHARACTER SET utf8mb4 COLLATE utf8mb4_general_ci NULL DEFAULT '1' COMMENT '是否并发执行（0允许 1禁止）',
  `status` char(1) CHARACTER SET utf8mb4 COLLATE utf8mb4_general_ci NULL DEFAULT '0' COMMENT '状态（0正常 1暂停）',
  `create_by` varchar(64) CHARACTER SET utf8mb4 COLLATE utf8mb4_general_ci NULL DEFAULT '' COMMENT '创建者',
  `create_time` datetime(0) NULL DEFAULT NULL COMMENT '创建时间',
  `update_by` varchar(64) CHARACTER SET utf8mb4 COLLATE utf8mb4_general_ci NULL DEFAULT '' COMMENT '更新者',
  `update_time` datetime(0) NULL DEFAULT NULL COMMENT '更新时间',
  `remark` varchar(500) CHARACTER SET utf8mb4 COLLATE utf8mb4_general_ci NULL DEFAULT '' COMMENT '备注信息',
  PRIMARY KEY (`job_id`, `job_name`, `job_group`) USING BTREE
) ENGINE = InnoDB AUTO_INCREMENT = 101 CHARACTER SET = utf8mb4 COLLATE = utf8mb4_general_ci COMMENT = '定时任务调度表' ROW_FORMAT = Dynamic;

-- ----------------------------
-- Records of sys_job
-- ----------------------------
INSERT INTO `sys_job` VALUES (100, '删除不活跃节点', 'SYSTEM', 'GalaxyTask.RemoveTimeoutPeers(600L)', '0 0/5 * * * ?', '2', '1', '0', 'admin', '2021-03-18 13:36:55', 'admin', '2021-04-13 17:43:09', '');

-- ----------------------------
-- Table structure for sys_job_log
-- ----------------------------
DROP TABLE IF EXISTS `sys_job_log`;
CREATE TABLE `sys_job_log`  (
  `job_log_id` bigint(20) NOT NULL AUTO_INCREMENT COMMENT '任务日志ID',
  `job_name` varchar(64) CHARACTER SET utf8mb4 COLLATE utf8mb4_general_ci NOT NULL COMMENT '任务名称',
  `job_group` varchar(64) CHARACTER SET utf8mb4 COLLATE utf8mb4_general_ci NOT NULL COMMENT '任务组名',
  `invoke_target` varchar(500) CHARACTER SET utf8mb4 COLLATE utf8mb4_general_ci NOT NULL COMMENT '调用目标字符串',
  `job_message` varchar(500) CHARACTER SET utf8mb4 COLLATE utf8mb4_general_ci NULL DEFAULT NULL COMMENT '日志信息',
  `status` char(1) CHARACTER SET utf8mb4 COLLATE utf8mb4_general_ci NULL DEFAULT '0' COMMENT '执行状态（0正常 1失败）',
  `exception_info` varchar(2000) CHARACTER SET utf8mb4 COLLATE utf8mb4_general_ci NULL DEFAULT '' COMMENT '异常信息',
  `create_time` datetime(0) NULL DEFAULT NULL COMMENT '创建时间',
  PRIMARY KEY (`job_log_id`) USING BTREE
) ENGINE = InnoDB AUTO_INCREMENT = 5784 CHARACTER SET = utf8mb4 COLLATE = utf8mb4_general_ci COMMENT = '定时任务调度日志表' ROW_FORMAT = Dynamic;

-- ----------------------------
-- Records of sys_job_log
-- ----------------------------

-- ----------------------------
-- Table structure for sys_logininfor
-- ----------------------------
DROP TABLE IF EXISTS `sys_logininfor`;
CREATE TABLE `sys_logininfor`  (
  `info_id` bigint(20) NOT NULL AUTO_INCREMENT COMMENT '访问ID',
  `user_name` varchar(50) CHARACTER SET utf8mb4 COLLATE utf8mb4_general_ci NULL DEFAULT '' COMMENT '用户账号',
  `ipaddr` varchar(128) CHARACTER SET utf8mb4 COLLATE utf8mb4_general_ci NULL DEFAULT '' COMMENT '登录IP地址',
  `login_location` varchar(255) CHARACTER SET utf8mb4 COLLATE utf8mb4_general_ci NULL DEFAULT '' COMMENT '登录地点',
  `browser` varchar(50) CHARACTER SET utf8mb4 COLLATE utf8mb4_general_ci NULL DEFAULT '' COMMENT '浏览器类型',
  `os` varchar(50) CHARACTER SET utf8mb4 COLLATE utf8mb4_general_ci NULL DEFAULT '' COMMENT '操作系统',
  `status` char(1) CHARACTER SET utf8mb4 COLLATE utf8mb4_general_ci NULL DEFAULT '0' COMMENT '登录状态（0成功 1失败）',
  `msg` varchar(255) CHARACTER SET utf8mb4 COLLATE utf8mb4_general_ci NULL DEFAULT '' COMMENT '提示消息',
  `login_time` datetime(0) NULL DEFAULT NULL COMMENT '访问时间',
  PRIMARY KEY (`info_id`) USING BTREE
) ENGINE = InnoDB AUTO_INCREMENT = 1666 CHARACTER SET = utf8mb4 COLLATE = utf8mb4_general_ci COMMENT = '系统访问记录' ROW_FORMAT = Dynamic;

-- ----------------------------
-- Table structure for sys_menu
-- ----------------------------
DROP TABLE IF EXISTS `sys_menu`;
CREATE TABLE `sys_menu`  (
  `menu_id` bigint(20) NOT NULL AUTO_INCREMENT COMMENT '菜单ID',
  `menu_name` varchar(50) CHARACTER SET utf8mb4 COLLATE utf8mb4_general_ci NOT NULL COMMENT '菜单名称',
  `parent_id` bigint(20) NULL DEFAULT 0 COMMENT '父菜单ID',
  `order_num` int(4) NULL DEFAULT 0 COMMENT '显示顺序',
  `path` varchar(190) CHARACTER SET utf8mb4 COLLATE utf8mb4_general_ci NULL DEFAULT '' COMMENT '路由地址',
  `component` varchar(255) CHARACTER SET utf8mb4 COLLATE utf8mb4_general_ci NULL DEFAULT NULL COMMENT '组件路径',
  `is_frame` int(1) NULL DEFAULT 1 COMMENT '是否为外链（0是 1否）',
  `is_cache` int(1) NULL DEFAULT 0 COMMENT '是否缓存（0缓存 1不缓存）',
  `menu_type` char(1) CHARACTER SET utf8mb4 COLLATE utf8mb4_general_ci NULL DEFAULT '' COMMENT '菜单类型（M目录 C菜单 F按钮）',
  `visible` char(1) CHARACTER SET utf8mb4 COLLATE utf8mb4_general_ci NULL DEFAULT '0' COMMENT '菜单状态（0显示 1隐藏）',
  `status` char(1) CHARACTER SET utf8mb4 COLLATE utf8mb4_general_ci NULL DEFAULT '0' COMMENT '菜单状态（0正常 1停用）',
  `perms` varchar(100) CHARACTER SET utf8mb4 COLLATE utf8mb4_general_ci NULL DEFAULT NULL COMMENT '权限标识',
  `icon` varchar(100) CHARACTER SET utf8mb4 COLLATE utf8mb4_general_ci NULL DEFAULT '#' COMMENT '菜单图标',
  `create_by` varchar(64) CHARACTER SET utf8mb4 COLLATE utf8mb4_general_ci NULL DEFAULT '' COMMENT '创建者',
  `create_time` datetime(0) NULL DEFAULT NULL COMMENT '创建时间',
  `update_by` varchar(64) CHARACTER SET utf8mb4 COLLATE utf8mb4_general_ci NULL DEFAULT '' COMMENT '更新者',
  `update_time` datetime(0) NULL DEFAULT NULL COMMENT '更新时间',
  `remark` varchar(500) CHARACTER SET utf8mb4 COLLATE utf8mb4_general_ci NULL DEFAULT '' COMMENT '备注',
  PRIMARY KEY (`menu_id`) USING BTREE
) ENGINE = InnoDB AUTO_INCREMENT = 2052 CHARACTER SET = utf8mb4 COLLATE = utf8mb4_general_ci COMMENT = '菜单权限表' ROW_FORMAT = Dynamic;

-- ----------------------------
-- Records of sys_menu
-- ----------------------------
INSERT INTO `sys_menu` VALUES (1, '系统管理', 0, 1, 'system', NULL, 1, 0, 'M', '0', '0', '', 'system', 'admin', '2021-03-17 17:46:23', '', NULL, '系统管理目录');
INSERT INTO `sys_menu` VALUES (2, '系统监控', 0, 2, 'monitor', NULL, 1, 0, 'M', '0', '0', '', 'monitor', 'admin', '2021-03-17 17:46:23', '', NULL, '系统监控目录');
INSERT INTO `sys_menu` VALUES (3, '系统工具', 0, 3, 'tool', NULL, 1, 0, 'M', '0', '0', '', 'tool', 'admin', '2021-03-17 17:46:23', '', NULL, '系统工具目录');
INSERT INTO `sys_menu` VALUES (100, '用户管理', 1, 1, 'user', 'system/user/index', 1, 0, 'C', '0', '0', 'system:user:list', 'user', 'admin', '2021-03-17 17:46:23', '', NULL, '用户管理菜单');
INSERT INTO `sys_menu` VALUES (101, '角色管理', 1, 2, 'role', 'system/role/index', 1, 0, 'C', '0', '0', 'system:role:list', 'peoples', 'admin', '2021-03-17 17:46:23', '', NULL, '角色管理菜单');
INSERT INTO `sys_menu` VALUES (102, '菜单管理', 1, 3, 'menu', 'system/menu/index', 1, 0, 'C', '0', '0', 'system:menu:list', 'tree-table', 'admin', '2021-03-17 17:46:23', '', NULL, '菜单管理菜单');
INSERT INTO `sys_menu` VALUES (103, '部门管理', 1, 4, 'dept', 'system/dept/index', 1, 0, 'C', '0', '0', 'system:dept:list', 'tree', 'admin', '2021-03-17 17:46:23', '', NULL, '部门管理菜单');
INSERT INTO `sys_menu` VALUES (104, '岗位管理', 1, 5, 'post', 'system/post/index', 1, 0, 'C', '0', '0', 'system:post:list', 'post', 'admin', '2021-03-17 17:46:23', '', NULL, '岗位管理菜单');
INSERT INTO `sys_menu` VALUES (105, '字典管理', 1, 6, 'dict', 'system/dict/index', 1, 0, 'C', '0', '0', 'system:dict:list', 'dict', 'admin', '2021-03-17 17:46:23', '', NULL, '字典管理菜单');
INSERT INTO `sys_menu` VALUES (106, '参数设置', 1, 7, 'config', 'system/config/index', 1, 0, 'C', '0', '0', 'system:config:list', 'edit', 'admin', '2021-03-17 17:46:23', '', NULL, '参数设置菜单');
INSERT INTO `sys_menu` VALUES (107, '通知公告', 1, 8, 'notice', 'system/notice/index', 1, 0, 'C', '0', '0', 'system:notice:list', 'message', 'admin', '2021-03-17 17:46:23', '', NULL, '通知公告菜单');
INSERT INTO `sys_menu` VALUES (108, '日志管理', 1, 9, 'log', '', 1, 0, 'M', '0', '0', '', 'log', 'admin', '2021-03-17 17:46:23', '', NULL, '日志管理菜单');
INSERT INTO `sys_menu` VALUES (109, '在线用户', 2, 1, 'online', 'monitor/online/index', 1, 0, 'C', '0', '0', 'monitor:online:list', 'online', 'admin', '2021-03-17 17:46:23', '', NULL, '在线用户菜单');
INSERT INTO `sys_menu` VALUES (110, '定时任务', 2, 2, 'job', 'monitor/job/index', 1, 0, 'C', '0', '0', 'monitor:job:list', 'job', 'admin', '2021-03-17 17:46:23', '', NULL, '定时任务菜单');
INSERT INTO `sys_menu` VALUES (111, '数据监控', 2, 3, 'druid', 'monitor/druid/index', 1, 0, 'C', '0', '0', 'monitor:druid:list', 'druid', 'admin', '2021-03-17 17:46:23', '', NULL, '数据监控菜单');
INSERT INTO `sys_menu` VALUES (112, '服务监控', 2, 4, 'server', 'monitor/server/index', 1, 0, 'C', '0', '0', 'monitor:server:list', 'server', 'admin', '2021-03-17 17:46:23', '', NULL, '服务监控菜单');
INSERT INTO `sys_menu` VALUES (113, '缓存监控', 2, 5, 'cache', 'monitor/cache/index', 1, 0, 'C', '0', '0', 'monitor:cache:list', 'redis', 'admin', '2021-03-17 17:46:23', '', NULL, '缓存监控菜单');
INSERT INTO `sys_menu` VALUES (114, '表单构建', 3, 1, 'build', 'tool/build/index', 1, 0, 'C', '0', '0', 'tool:build:list', 'build', 'admin', '2021-03-17 17:46:23', '', NULL, '表单构建菜单');
INSERT INTO `sys_menu` VALUES (115, '代码生成', 3, 2, 'gen', 'tool/gen/index', 1, 0, 'C', '0', '0', 'tool:gen:list', 'code', 'admin', '2021-03-17 17:46:23', '', NULL, '代码生成菜单');
INSERT INTO `sys_menu` VALUES (116, '系统接口', 3, 3, 'swagger', 'tool/swagger/index', 1, 0, 'C', '0', '0', 'tool:swagger:list', 'swagger', 'admin', '2021-03-17 17:46:23', '', NULL, '系统接口菜单');
INSERT INTO `sys_menu` VALUES (500, '操作日志', 108, 1, 'operlog', 'monitor/operlog/index', 1, 0, 'C', '0', '0', 'monitor:operlog:list', 'form', 'admin', '2021-03-17 17:46:23', '', NULL, '操作日志菜单');
INSERT INTO `sys_menu` VALUES (501, '登录日志', 108, 2, 'logininfor', 'monitor/logininfor/index', 1, 0, 'C', '0', '0', 'monitor:logininfor:list', 'logininfor', 'admin', '2021-03-17 17:46:23', '', NULL, '登录日志菜单');
INSERT INTO `sys_menu` VALUES (1001, '用户查询', 100, 1, '', '', 1, 0, 'F', '0', '0', 'system:user:query', '#', 'admin', '2021-03-17 17:46:23', '', NULL, '');
INSERT INTO `sys_menu` VALUES (1002, '用户新增', 100, 2, '', '', 1, 0, 'F', '0', '0', 'system:user:add', '#', 'admin', '2021-03-17 17:46:23', '', NULL, '');
INSERT INTO `sys_menu` VALUES (1003, '用户修改', 100, 3, '', '', 1, 0, 'F', '0', '0', 'system:user:edit', '#', 'admin', '2021-03-17 17:46:23', '', NULL, '');
INSERT INTO `sys_menu` VALUES (1004, '用户删除', 100, 4, '', '', 1, 0, 'F', '0', '0', 'system:user:remove', '#', 'admin', '2021-03-17 17:46:23', '', NULL, '');
INSERT INTO `sys_menu` VALUES (1005, '用户导出', 100, 5, '', '', 1, 0, 'F', '0', '0', 'system:user:export', '#', 'admin', '2021-03-17 17:46:23', '', NULL, '');
INSERT INTO `sys_menu` VALUES (1006, '用户导入', 100, 6, '', '', 1, 0, 'F', '0', '0', 'system:user:import', '#', 'admin', '2021-03-17 17:46:23', '', NULL, '');
INSERT INTO `sys_menu` VALUES (1007, '重置密码', 100, 7, '', '', 1, 0, 'F', '0', '0', 'system:user:resetPwd', '#', 'admin', '2021-03-17 17:46:23', '', NULL, '');
INSERT INTO `sys_menu` VALUES (1008, '角色查询', 101, 1, '', '', 1, 0, 'F', '0', '0', 'system:role:query', '#', 'admin', '2021-03-17 17:46:23', '', NULL, '');
INSERT INTO `sys_menu` VALUES (1009, '角色新增', 101, 2, '', '', 1, 0, 'F', '0', '0', 'system:role:add', '#', 'admin', '2021-03-17 17:46:23', '', NULL, '');
INSERT INTO `sys_menu` VALUES (1010, '角色修改', 101, 3, '', '', 1, 0, 'F', '0', '0', 'system:role:edit', '#', 'admin', '2021-03-17 17:46:23', '', NULL, '');
INSERT INTO `sys_menu` VALUES (1011, '角色删除', 101, 4, '', '', 1, 0, 'F', '0', '0', 'system:role:remove', '#', 'admin', '2021-03-17 17:46:23', '', NULL, '');
INSERT INTO `sys_menu` VALUES (1012, '角色导出', 101, 5, '', '', 1, 0, 'F', '0', '0', 'system:role:export', '#', 'admin', '2021-03-17 17:46:23', '', NULL, '');
INSERT INTO `sys_menu` VALUES (1013, '菜单查询', 102, 1, '', '', 1, 0, 'F', '0', '0', 'system:menu:query', '#', 'admin', '2021-03-17 17:46:23', '', NULL, '');
INSERT INTO `sys_menu` VALUES (1014, '菜单新增', 102, 2, '', '', 1, 0, 'F', '0', '0', 'system:menu:add', '#', 'admin', '2021-03-17 17:46:23', '', NULL, '');
INSERT INTO `sys_menu` VALUES (1015, '菜单修改', 102, 3, '', '', 1, 0, 'F', '0', '0', 'system:menu:edit', '#', 'admin', '2021-03-17 17:46:23', '', NULL, '');
INSERT INTO `sys_menu` VALUES (1016, '菜单删除', 102, 4, '', '', 1, 0, 'F', '0', '0', 'system:menu:remove', '#', 'admin', '2021-03-17 17:46:23', '', NULL, '');
INSERT INTO `sys_menu` VALUES (1017, '部门查询', 103, 1, '', '', 1, 0, 'F', '0', '0', 'system:dept:query', '#', 'admin', '2021-03-17 17:46:23', '', NULL, '');
INSERT INTO `sys_menu` VALUES (1018, '部门新增', 103, 2, '', '', 1, 0, 'F', '0', '0', 'system:dept:add', '#', 'admin', '2021-03-17 17:46:23', '', NULL, '');
INSERT INTO `sys_menu` VALUES (1019, '部门修改', 103, 3, '', '', 1, 0, 'F', '0', '0', 'system:dept:edit', '#', 'admin', '2021-03-17 17:46:23', '', NULL, '');
INSERT INTO `sys_menu` VALUES (1020, '部门删除', 103, 4, '', '', 1, 0, 'F', '0', '0', 'system:dept:remove', '#', 'admin', '2021-03-17 17:46:23', '', NULL, '');
INSERT INTO `sys_menu` VALUES (1021, '岗位查询', 104, 1, '', '', 1, 0, 'F', '0', '0', 'system:post:query', '#', 'admin', '2021-03-17 17:46:23', '', NULL, '');
INSERT INTO `sys_menu` VALUES (1022, '岗位新增', 104, 2, '', '', 1, 0, 'F', '0', '0', 'system:post:add', '#', 'admin', '2021-03-17 17:46:23', '', NULL, '');
INSERT INTO `sys_menu` VALUES (1023, '岗位修改', 104, 3, '', '', 1, 0, 'F', '0', '0', 'system:post:edit', '#', 'admin', '2021-03-17 17:46:23', '', NULL, '');
INSERT INTO `sys_menu` VALUES (1024, '岗位删除', 104, 4, '', '', 1, 0, 'F', '0', '0', 'system:post:remove', '#', 'admin', '2021-03-17 17:46:23', '', NULL, '');
INSERT INTO `sys_menu` VALUES (1025, '岗位导出', 104, 5, '', '', 1, 0, 'F', '0', '0', 'system:post:export', '#', 'admin', '2021-03-17 17:46:23', '', NULL, '');
INSERT INTO `sys_menu` VALUES (1026, '字典查询', 105, 1, '#', '', 1, 0, 'F', '0', '0', 'system:dict:query', '#', 'admin', '2021-03-17 17:46:23', '', NULL, '');
INSERT INTO `sys_menu` VALUES (1027, '字典新增', 105, 2, '#', '', 1, 0, 'F', '0', '0', 'system:dict:add', '#', 'admin', '2021-03-17 17:46:23', '', NULL, '');
INSERT INTO `sys_menu` VALUES (1028, '字典修改', 105, 3, '#', '', 1, 0, 'F', '0', '0', 'system:dict:edit', '#', 'admin', '2021-03-17 17:46:23', '', NULL, '');
INSERT INTO `sys_menu` VALUES (1029, '字典删除', 105, 4, '#', '', 1, 0, 'F', '0', '0', 'system:dict:remove', '#', 'admin', '2021-03-17 17:46:23', '', NULL, '');
INSERT INTO `sys_menu` VALUES (1030, '字典导出', 105, 5, '#', '', 1, 0, 'F', '0', '0', 'system:dict:export', '#', 'admin', '2021-03-17 17:46:23', '', NULL, '');
INSERT INTO `sys_menu` VALUES (1031, '参数查询', 106, 1, '#', '', 1, 0, 'F', '0', '0', 'system:config:query', '#', 'admin', '2021-03-17 17:46:23', '', NULL, '');
INSERT INTO `sys_menu` VALUES (1032, '参数新增', 106, 2, '#', '', 1, 0, 'F', '0', '0', 'system:config:add', '#', 'admin', '2021-03-17 17:46:23', '', NULL, '');
INSERT INTO `sys_menu` VALUES (1033, '参数修改', 106, 3, '#', '', 1, 0, 'F', '0', '0', 'system:config:edit', '#', 'admin', '2021-03-17 17:46:23', '', NULL, '');
INSERT INTO `sys_menu` VALUES (1034, '参数删除', 106, 4, '#', '', 1, 0, 'F', '0', '0', 'system:config:remove', '#', 'admin', '2021-03-17 17:46:23', '', NULL, '');
INSERT INTO `sys_menu` VALUES (1035, '参数导出', 106, 5, '#', '', 1, 0, 'F', '0', '0', 'system:config:export', '#', 'admin', '2021-03-17 17:46:23', '', NULL, '');
INSERT INTO `sys_menu` VALUES (1036, '公告查询', 107, 1, '#', '', 1, 0, 'F', '0', '0', 'system:notice:query', '#', 'admin', '2021-03-17 17:46:23', '', NULL, '');
INSERT INTO `sys_menu` VALUES (1037, '公告新增', 107, 2, '#', '', 1, 0, 'F', '0', '0', 'system:notice:add', '#', 'admin', '2021-03-17 17:46:23', '', NULL, '');
INSERT INTO `sys_menu` VALUES (1038, '公告修改', 107, 3, '#', '', 1, 0, 'F', '0', '0', 'system:notice:edit', '#', 'admin', '2021-03-17 17:46:23', '', NULL, '');
INSERT INTO `sys_menu` VALUES (1039, '公告删除', 107, 4, '#', '', 1, 0, 'F', '0', '0', 'system:notice:remove', '#', 'admin', '2021-03-17 17:46:23', '', NULL, '');
INSERT INTO `sys_menu` VALUES (1040, '操作查询', 500, 1, '#', '', 1, 0, 'F', '0', '0', 'monitor:operlog:query', '#', 'admin', '2021-03-17 17:46:23', '', NULL, '');
INSERT INTO `sys_menu` VALUES (1041, '操作删除', 500, 2, '#', '', 1, 0, 'F', '0', '0', 'monitor:operlog:remove', '#', 'admin', '2021-03-17 17:46:23', '', NULL, '');
INSERT INTO `sys_menu` VALUES (1042, '日志导出', 500, 4, '#', '', 1, 0, 'F', '0', '0', 'monitor:operlog:export', '#', 'admin', '2021-03-17 17:46:23', '', NULL, '');
INSERT INTO `sys_menu` VALUES (1043, '登录查询', 501, 1, '#', '', 1, 0, 'F', '0', '0', 'monitor:logininfor:query', '#', 'admin', '2021-03-17 17:46:23', '', NULL, '');
INSERT INTO `sys_menu` VALUES (1044, '登录删除', 501, 2, '#', '', 1, 0, 'F', '0', '0', 'monitor:logininfor:remove', '#', 'admin', '2021-03-17 17:46:23', '', NULL, '');
INSERT INTO `sys_menu` VALUES (1045, '日志导出', 501, 3, '#', '', 1, 0, 'F', '0', '0', 'monitor:logininfor:export', '#', 'admin', '2021-03-17 17:46:23', '', NULL, '');
INSERT INTO `sys_menu` VALUES (1046, '在线查询', 109, 1, '#', '', 1, 0, 'F', '0', '0', 'monitor:online:query', '#', 'admin', '2021-03-17 17:46:23', '', NULL, '');
INSERT INTO `sys_menu` VALUES (1047, '批量强退', 109, 2, '#', '', 1, 0, 'F', '0', '0', 'monitor:online:batchLogout', '#', 'admin', '2021-03-17 17:46:23', '', NULL, '');
INSERT INTO `sys_menu` VALUES (1048, '单条强退', 109, 3, '#', '', 1, 0, 'F', '0', '0', 'monitor:online:forceLogout', '#', 'admin', '2021-03-17 17:46:23', '', NULL, '');
INSERT INTO `sys_menu` VALUES (1049, '任务查询', 110, 1, '#', '', 1, 0, 'F', '0', '0', 'monitor:job:query', '#', 'admin', '2021-03-17 17:46:23', '', NULL, '');
INSERT INTO `sys_menu` VALUES (1050, '任务新增', 110, 2, '#', '', 1, 0, 'F', '0', '0', 'monitor:job:add', '#', 'admin', '2021-03-17 17:46:23', '', NULL, '');
INSERT INTO `sys_menu` VALUES (1051, '任务修改', 110, 3, '#', '', 1, 0, 'F', '0', '0', 'monitor:job:edit', '#', 'admin', '2021-03-17 17:46:23', '', NULL, '');
INSERT INTO `sys_menu` VALUES (1052, '任务删除', 110, 4, '#', '', 1, 0, 'F', '0', '0', 'monitor:job:remove', '#', 'admin', '2021-03-17 17:46:23', '', NULL, '');
INSERT INTO `sys_menu` VALUES (1053, '状态修改', 110, 5, '#', '', 1, 0, 'F', '0', '0', 'monitor:job:changeStatus', '#', 'admin', '2021-03-17 17:46:23', '', NULL, '');
INSERT INTO `sys_menu` VALUES (1054, '任务导出', 110, 7, '#', '', 1, 0, 'F', '0', '0', 'monitor:job:export', '#', 'admin', '2021-03-17 17:46:23', '', NULL, '');
INSERT INTO `sys_menu` VALUES (1055, '生成查询', 115, 1, '#', '', 1, 0, 'F', '0', '0', 'tool:gen:query', '#', 'admin', '2021-03-17 17:46:23', '', NULL, '');
INSERT INTO `sys_menu` VALUES (1056, '生成修改', 115, 2, '#', '', 1, 0, 'F', '0', '0', 'tool:gen:edit', '#', 'admin', '2021-03-17 17:46:23', '', NULL, '');
INSERT INTO `sys_menu` VALUES (1057, '生成删除', 115, 3, '#', '', 1, 0, 'F', '0', '0', 'tool:gen:remove', '#', 'admin', '2021-03-17 17:46:23', '', NULL, '');
INSERT INTO `sys_menu` VALUES (1058, '导入代码', 115, 2, '#', '', 1, 0, 'F', '0', '0', 'tool:gen:import', '#', 'admin', '2021-03-17 17:46:23', '', NULL, '');
INSERT INTO `sys_menu` VALUES (1059, '预览代码', 115, 4, '#', '', 1, 0, 'F', '0', '0', 'tool:gen:preview', '#', 'admin', '2021-03-17 17:46:23', '', NULL, '');
INSERT INTO `sys_menu` VALUES (1060, '生成代码', 115, 5, '#', '', 1, 0, 'F', '0', '0', 'tool:gen:code', '#', 'admin', '2021-03-17 17:46:23', '', NULL, '');
INSERT INTO `sys_menu` VALUES (2000, '我的面板', 0, 5, 'torrent', NULL, 1, 0, 'M', '0', '0', '', 'documentation', 'admin', '2021-03-17 18:33:28', 'admin', '2021-03-17 18:33:47', '');
INSERT INTO `sys_menu` VALUES (2001, '资源目录', 2000, 2, 'category', 'galaxy/category/index', 1, 0, 'C', '0', '0', 'galaxy:category:list', '#', 'admin', '2021-03-17 18:36:51', 'admin', '2021-04-15 12:05:29', '分享类别菜单');
INSERT INTO `sys_menu` VALUES (2002, '分享类别查询', 2001, 1, '#', '', 1, 0, 'F', '0', '0', 'galaxy:category:query', '#', 'admin', '2021-03-17 18:36:51', '', NULL, '');
INSERT INTO `sys_menu` VALUES (2003, '分享类别新增', 2001, 2, '#', '', 1, 0, 'F', '0', '0', 'galaxy:category:add', '#', 'admin', '2021-03-17 18:36:51', '', NULL, '');
INSERT INTO `sys_menu` VALUES (2004, '分享类别修改', 2001, 3, '#', '', 1, 0, 'F', '0', '0', 'galaxy:category:edit', '#', 'admin', '2021-03-17 18:36:51', '', NULL, '');
INSERT INTO `sys_menu` VALUES (2005, '分享类别删除', 2001, 4, '#', '', 1, 0, 'F', '0', '0', 'galaxy:category:remove', '#', 'admin', '2021-03-17 18:36:51', '', NULL, '');
INSERT INTO `sys_menu` VALUES (2006, '分享类别导出', 2001, 5, '#', '', 1, 0, 'F', '0', '0', 'galaxy:category:export', '#', 'admin', '2021-03-17 18:36:51', '', NULL, '');
INSERT INTO `sys_menu` VALUES (2007, '我的分享', 2000, 1, 'torrent', 'galaxy/torrent/index', 1, 0, 'C', '0', '0', 'galaxy:torrent:list', '#', 'admin', '2021-03-17 18:54:13', 'admin', '2021-03-18 15:41:51', '资源广场菜单');
INSERT INTO `sys_menu` VALUES (2008, '资源广场查询', 2007, 1, '#', '', 1, 0, 'F', '0', '0', 'galaxy:torrent:query', '#', 'admin', '2021-03-17 18:54:13', '', NULL, '');
INSERT INTO `sys_menu` VALUES (2009, '资源广场新增', 2007, 2, '#', '', 1, 0, 'F', '0', '0', 'galaxy:torrent:add', '#', 'admin', '2021-03-17 18:54:13', '', NULL, '');
INSERT INTO `sys_menu` VALUES (2010, '资源广场修改', 2007, 3, '#', '', 1, 0, 'F', '0', '0', 'galaxy:torrent:edit', '#', 'admin', '2021-03-17 18:54:13', '', NULL, '');
INSERT INTO `sys_menu` VALUES (2011, '资源广场删除', 2007, 4, '#', '', 1, 0, 'F', '0', '0', 'galaxy:torrent:remove', '#', 'admin', '2021-03-17 18:54:13', '', NULL, '');
INSERT INTO `sys_menu` VALUES (2012, '资源广场导出', 2007, 5, '#', '', 1, 0, 'F', '0', '0', 'galaxy:torrent:export', '#', 'admin', '2021-03-17 18:54:13', '', NULL, '');
INSERT INTO `sys_menu` VALUES (2013, '我的节点', 2000, 3, 'peer', 'galaxy/peer/index', 1, 0, 'C', '0', '0', 'galaxy:peer:list', '#', 'admin', '2021-03-18 12:12:31', 'admin', '2021-04-15 12:05:40', '节点管理菜单');
INSERT INTO `sys_menu` VALUES (2014, '节点管理查询', 2013, 1, '#', '', 1, 0, 'F', '0', '0', 'galaxy:peer:query', '#', 'admin', '2021-03-18 12:12:31', '', NULL, '');
INSERT INTO `sys_menu` VALUES (2015, '节点管理新增', 2013, 2, '#', '', 1, 0, 'F', '0', '0', 'galaxy:peer:add', '#', 'admin', '2021-03-18 12:12:31', '', NULL, '');
INSERT INTO `sys_menu` VALUES (2016, '节点管理修改', 2013, 3, '#', '', 1, 0, 'F', '0', '0', 'galaxy:peer:edit', '#', 'admin', '2021-03-18 12:12:31', '', NULL, '');
INSERT INTO `sys_menu` VALUES (2017, '节点管理删除', 2013, 4, '#', '', 1, 0, 'F', '0', '0', 'galaxy:peer:remove', '#', 'admin', '2021-03-18 12:12:31', '', NULL, '');
INSERT INTO `sys_menu` VALUES (2018, '节点管理导出', 2013, 5, '#', '', 1, 0, 'F', '0', '0', 'galaxy:peer:export', '#', 'admin', '2021-03-18 12:12:31', '', NULL, '');
INSERT INTO `sys_menu` VALUES (2025, '积分明细', 2000, 4, 'point_record', 'galaxy/point_record/index', 1, 0, 'C', '0', '0', 'galaxy:point_record:list', '#', 'admin', '2021-03-18 14:00:41', 'admin', '2021-04-15 12:05:47', '积分明细菜单');
INSERT INTO `sys_menu` VALUES (2026, '积分明细查询', 2025, 1, '#', '', 1, 0, 'F', '0', '0', 'galaxy:point_record:query', '#', 'admin', '2021-03-18 14:00:41', '', NULL, '');
INSERT INTO `sys_menu` VALUES (2027, '积分明细新增', 2025, 2, '#', '', 1, 0, 'F', '0', '0', 'galaxy:point_record:add', '#', 'admin', '2021-03-18 14:00:41', '', NULL, '');
INSERT INTO `sys_menu` VALUES (2028, '积分明细修改', 2025, 3, '#', '', 1, 0, 'F', '0', '0', 'galaxy:point_record:edit', '#', 'admin', '2021-03-18 14:00:41', '', NULL, '');
INSERT INTO `sys_menu` VALUES (2029, '积分明细删除', 2025, 4, '#', '', 1, 0, 'F', '0', '0', 'galaxy:point_record:remove', '#', 'admin', '2021-03-18 14:00:41', '', NULL, '');
INSERT INTO `sys_menu` VALUES (2030, '积分明细导出', 2025, 5, '#', '', 1, 0, 'F', '0', '0', 'galaxy:point_record:export', '#', 'admin', '2021-03-18 14:00:41', '', NULL, '');
INSERT INTO `sys_menu` VALUES (2031, '购买记录', 2000, 6, 'torrent_purchase', 'galaxy/torrent_purchase/index', 1, 0, 'C', '0', '0', 'galaxy:torrent_purchase:list', '#', 'admin', '2021-03-18 14:11:38', 'admin', '2021-04-15 12:05:57', '购买记录菜单');
INSERT INTO `sys_menu` VALUES (2032, '购买记录查询', 2031, 1, '#', '', 1, 0, 'F', '0', '0', 'galaxy:torrent_purchase:query', '#', 'admin', '2021-03-18 14:11:38', '', NULL, '');
INSERT INTO `sys_menu` VALUES (2033, '购买记录新增', 2031, 2, '#', '', 1, 0, 'F', '0', '0', 'galaxy:torrent_purchase:add', '#', 'admin', '2021-03-18 14:11:38', '', NULL, '');
INSERT INTO `sys_menu` VALUES (2034, '购买记录修改', 2031, 3, '#', '', 1, 0, 'F', '0', '0', 'galaxy:torrent_purchase:edit', '#', 'admin', '2021-03-18 14:11:38', '', NULL, '');
INSERT INTO `sys_menu` VALUES (2035, '购买记录删除', 2031, 4, '#', '', 1, 0, 'F', '0', '0', 'galaxy:torrent_purchase:remove', '#', 'admin', '2021-03-18 14:11:38', '', NULL, '');
INSERT INTO `sys_menu` VALUES (2036, '购买记录导出', 2031, 5, '#', '', 1, 0, 'F', '0', '0', 'galaxy:torrent_purchase:export', '#', 'admin', '2021-03-18 14:11:38', '', NULL, '');
INSERT INTO `sys_menu` VALUES (2037, '分享审核', 2007, 6, '', NULL, 1, 0, 'F', '0', '0', 'galaxy:torrent:verify', '#', 'admin', '2021-03-18 23:11:45', '', NULL, '');
INSERT INTO `sys_menu` VALUES (2044, '邀请注册', 2000, 5, 'invite', 'galaxy/invite/index', 1, 0, 'C', '0', '0', 'galaxy:invite:list', '#', 'admin', '2021-03-21 00:25:54', '', NULL, '邀请注册菜单');
INSERT INTO `sys_menu` VALUES (2045, '邀请注册查询', 2044, 1, '#', '', 1, 0, 'F', '0', '0', 'galaxy:invite:query', '#', 'admin', '2021-03-21 00:25:54', '', NULL, '');
INSERT INTO `sys_menu` VALUES (2046, '邀请注册新增', 2044, 2, '#', '', 1, 0, 'F', '0', '0', 'galaxy:invite:add', '#', 'admin', '2021-03-21 00:25:54', '', NULL, '');
INSERT INTO `sys_menu` VALUES (2047, '邀请注册修改', 2044, 3, '#', '', 1, 0, 'F', '0', '0', 'galaxy:invite:edit', '#', 'admin', '2021-03-21 00:25:54', '', NULL, '');
INSERT INTO `sys_menu` VALUES (2048, '邀请注册删除', 2044, 4, '#', '', 1, 0, 'F', '0', '0', 'galaxy:invite:remove', '#', 'admin', '2021-03-21 00:25:54', '', NULL, '');
INSERT INTO `sys_menu` VALUES (2049, '邀请注册导出', 2044, 5, '#', '', 1, 0, 'F', '0', '0', 'galaxy:invite:export', '#', 'admin', '2021-03-21 00:25:54', '', NULL, '');
INSERT INTO `sys_menu` VALUES (2050, '邀请注册购买', 2044, 6, '', NULL, 1, 0, 'F', '0', '0', 'galaxy:invite:buy', '#', 'admin', '2021-03-21 00:27:21', '', NULL, '');
INSERT INTO `sys_menu` VALUES (2051, '资源审核', 2000, 7, 'review', 'galaxy/torrent/review', 1, 0, 'C', '0', '0', 'galaxy:torrent:verify', '#', 'admin', '2021-04-15 12:06:22', '', NULL, '');

-- ----------------------------
-- Table structure for sys_notice
-- ----------------------------
DROP TABLE IF EXISTS `sys_notice`;
CREATE TABLE `sys_notice`  (
  `notice_id` int(4) NOT NULL AUTO_INCREMENT COMMENT '公告ID',
  `notice_title` varchar(50) CHARACTER SET utf8mb4 COLLATE utf8mb4_general_ci NOT NULL COMMENT '公告标题',
  `notice_type` char(1) CHARACTER SET utf8mb4 COLLATE utf8mb4_general_ci NOT NULL COMMENT '公告类型（1通知 2公告）',
  `notice_content` longblob NULL COMMENT '公告内容',
  `status` char(1) CHARACTER SET utf8mb4 COLLATE utf8mb4_general_ci NULL DEFAULT '0' COMMENT '公告状态（0正常 1关闭）',
  `create_by` varchar(64) CHARACTER SET utf8mb4 COLLATE utf8mb4_general_ci NULL DEFAULT '' COMMENT '创建者',
  `create_time` datetime(0) NULL DEFAULT NULL COMMENT '创建时间',
  `update_by` varchar(64) CHARACTER SET utf8mb4 COLLATE utf8mb4_general_ci NULL DEFAULT '' COMMENT '更新者',
  `update_time` datetime(0) NULL DEFAULT NULL COMMENT '更新时间',
  `remark` varchar(255) CHARACTER SET utf8mb4 COLLATE utf8mb4_general_ci NULL DEFAULT NULL COMMENT '备注',
  PRIMARY KEY (`notice_id`) USING BTREE
) ENGINE = InnoDB AUTO_INCREMENT = 13 CHARACTER SET = utf8mb4 COLLATE = utf8mb4_general_ci COMMENT = '通知公告表' ROW_FORMAT = Dynamic;

-- ----------------------------
-- Records of sys_notice
-- ----------------------------
INSERT INTO `sys_notice` VALUES (10, '[公告] GalaxyBit 测试及注意事项', '2', 0x3C703EE7B3BBE7BB9FE6ADA3E5BC8FE4B88AE7BABFE6B58BE8AF952C20E58FAFE883BDE4BC9AE5AD98E59CA8E59084E7A78DE997AEE9A2982C20E6ACA2E8BF8EE5A4A7E5AEB6E9809AE8BF875151E7BEA42832343833383337323929E68F90E4BAA4E7BB99E7AEA1E79086E591982E3C2F703E3C703E3C62723E3C2F703E3C703E4254E5AEA2E688B7E7ABAF205B3C6120687265663D2268747470733A2F2F7777772E71626974746F7272656E742E6F72672F646F776E6C6F61642E706870222072656C3D226E6F6F70656E6572206E6F726566657272657222207461726765743D225F626C616E6B223EE782B9E6ADA4E5A484E4B88BE8BDBD3C2F613E5D202CE4B99FE58FAFE4BBA5E794A8E887AAE5B7B1E5969CE6ACA2E79A84E5AEA2E688B7E7ABAF2E3C2F703E3C703E3C62723E3C2F703E3C703E3C7374726F6E673EE4B88BE8BDBDE9809FE5BAA63C2F7374726F6E673EE685A2E79A84E69C8BE58F8BE8AFB7E6A380E69FA5E4B88BE887AAE5B7B1E79A844950E698AFE4B88DE698AFE585ACE7BD91E79A842E3C2F703E3C703E3C62723E3C2F703E3C703EE69CACE7AB99E5B9B6E99D9EE4BCA0E7BB9FE79A845054E7AB992CE899BDE784B6E8A681E6B182E6B2A1E69C89E4BCA0E7BB9F5054E7AB99E982A3E4B988E4B8A5E6A0BC2CE4BD86E5B88CE69C9BE5A4A7E5AEB6E883BDE5A49FE6B3A8E6848FE4BBA5E4B88BE587A0E782B93A3C2F703E3C703E3C62723E3C2F703E3C703E312EE8AFB7E58BBFE4BDBFE794A8E8BF85E99BB7E7AD89E590B8E8A180E8BDAFE4BBB628E4BC9AE5AFBCE887B4E8B584E6BA90E8B4A8E9878FE4B8A5E9878DE4B88BE9998DE5B9B6E4B894E4BC9AE8A2ABE7B3BBE7BB9FE5BD93E4BD9CE4BD9CE5BC8A293C2F703E3C703E322EE8AFB7E58BBFE5B086E887AAE5B7B1E79A84E7A78DE5AD90E58886E4BAABE7BB99E585B6E4BB96E4BABAE4B88BE8BDBD28E4BC9AE8A2ABE7B3BBE7BB9FE6A380E6B58BE5B9B6E5A484E7BD9A293C2F703E3C703E332EE8AFB7E58BBFE4BD9CE5BC8A3C2F703E3C703E342EE8AFB7E58BBFE5B086E69CACE7AB99E7A78DE5AD90E4B88AE4BCA0E588B0E585B6E4BB96547261636B65723C2F703E3C703E352EE7BD91E7AB99E794B1E4BA8EE58685E6B58BE998B6E6AEB52CE5A596E58AB1E7AE97E6B395E99A8FE697B6E58FAFE883BDE4BC9AE8B083E695B42E3C2F703E3C703E362EE6B3A8E5868CE6BBA137E5A4A9E4BBA5E4B88A2CE4B88AE4BCA0E9878FE4B8BA30E79A84E8B4A6E688B7E5B086E8A2ABE887AAE58AA8E7A681E794A82E3C2F703E, '0', 'admin', '2021-03-19 01:34:30', 'admin', '2021-04-07 12:37:11', NULL);
INSERT INTO `sys_notice` VALUES (11, '[教程] 种子发布流程', '2', 0x3C703EE8BF99E9878CE4BBA52071426974746F7272656E7420E4B8BAE4BE8B2E3C2F703E3C703E3C62723E3C2F703E3C703E3C696D67207372633D22646174613A696D6167652F706E673B6261736536342C6956424F5277304B47676F414141414E535568455567414141547341414143704341594141414255425A6F374141416741456C4551565234416532642B3563557866584135792F366E754D5057654E6F45714D78357148662B4568634E614C7261364C5272795975676A78454647474643417867454156355031315155426C6B515643556C354156354C457343797579434D757977494B4B38586D2F3531623372613671727537706E756E5A6564303570303933563158583431626454392B7136716C4B41663959416977426C6B4164534342564232586B49724945574149734157445963534E6743624145366B4943444C7536714759754A4575414A61444237707366414137332F776766662F453972442F387254672B37766B654476662F414F6A48503559415334416C554B3053454C4437385365417A775A2B684A58374C38476F64792F433432384F774D4F766E34572F4C54734444792F76677964576E6F456C4F79394139396E76416350796A795841456D414A564A734555676776744E346D62506F4B486C6C31336F4863386A5077344A4C5463502B69586D696166784C756E6E734337707039484A356164516F2B4F6E714A6756647474637A355A516D7742434231375079504D48376A6C2F427736316E3447304A75615A2B41334C304C54734B306A6632776550743575504F565933443779393177323074486F486C35443353642B625A306F75764B516A7156686D7858365A4C676D466B434C4948366B30447139665A4C384E434B6673677337594D4846702B4765786563676E766D66514644357654416C4C592B574C6E725044542B2B796A3865586F58334A4C74684A736D64384473443834554E596158793651676C564B4F6442596B322B6F4F646A6E4970464B5144715337342B2F494B774F356F44616179796779355A64466B4A6A597658346C6B4870797A566B42755646766E34566C65372B4270587375776650722B75484A6C616667785677766244353441643575507763376A6C7945435738656878736D376F4D684C335841675A502F4C56687143447456755158384D6A5931376F4A734F6757656C336C6663425953657244342F48526C30774A53716A79387A47483848754343355A53446A507243454F447A6E765069347975575150314B495057334A6232515758774B336A6E3848647737727766756D50555A7648586F57786A37396D6D592B4D354A324E667A4E6477356F784E756E4C67666567652B6858746D484951624A757942447A712F4C4668714A757945776E7445552B493159574C654B30484C636C6C6B6674434B545763686138412F734367494D5256717751456877304D4267644A686A2F715551416F6E4834612F6352706D62623041743839307875576D764E63505931616667676D726532444E376E37345938756E38507678653244682B7964683075706A634D33547532445A7472345169616C644C37653771696970446A7344474B49626931614A4555633644576C72313963496C314974476F726244535079594850446F756A78654A5957757163686D2F57366959366648743450495363644C7834414158557042386F4867433650594C4647445164733251554C6B583371566749706E48775975626F585A6E343441482B65666868756E6E6F497872335443364E576E594278713437423469326E345070786E38427678763448356D2F36416B59765067792F484C45394248594F42465244445A5655685947347434494C6B4169516C734479674F44556B486E76704B5543525664304A33784B786F6578324E78636F486B44683072333259556146556762557A547A5937516A7A524C547736726755712B4E474678354F43384D796F49766A4F6F67387164322F565650766D594A314B3845556E65383341312F66666B6F76482F385232696366686A2B6B6A30454B2F5A3842534E616A384F7A72336444372F6C7634646F78752B4847352F38446E787939414839353454397739596874734F6E67426276554E41563367786875507556574C5A45347344506964564A546F614A655533597462694A395A634C454262466E77616B442F766738335676696F6D54455759476F5769346A337A3535614846344E78684F66576C34507336564D2F354865544E392B5A346C554E3853534E302F707874756D744942443877354371397550516654336A7344325931394D477A5A4D636938664243655874494672567450775A62395A2B485257667667353039736752756633516C3765373632533835515A42484963504D72647741555843764D7332674D75426A784F686E4B42794D6A446E7A494767385654386D62634D6F58507A336E6E4B6D73434349486E6B3736326D773057626D79693676483464325A65564638454953656F447750766D494A7341534542464B7A743577524D36782F614E6B4C7633742B442F7A3275585A3465755678474C716B4736346575514E2B3864513275504C4A6A2B434B356931772B54382F674962483334667357386443506A314268565337556135794B34704D414A4231674C436872715A71416557446E54764F35757647797251735950504669626B7738347A386F37452F457A44785943653635656B4D5A4B51314B4573744C7A523569504B3731686C654B77445478767A4D6343512F475374667341525941716F45556C31393338496A6337734535484263446963666D68636668536357486F4772686D32464B356F2F6C4A443732574F6234613458322B485171572F554F507A58416C37554C585148397957416E41463533624968734A686A64753667506C6F2B37764E4F563832374A31423538536C785763466D4179436C53336C57595230474F332F2B2F4D4A775961394179777754434475524C656654464E3933646972734E486E62796D436D795063736766715467506937324F5A44462B4842575231773961696459764942495A6365366B4C75482B3844516F35417433482F2B66682F467776744A746166304C6E454C414757774F424C5143344563506A30662B476C64543377702F4737345A664450344947684E7A6A6D2B484B35672F676A382F73454633585136634B2F4638737732377761355A545A416D774244514A2B4A5A34776F6D48546676507736497476654C4161335172616F6B6E6870306D644C356843624145426C38434775774750336C4F6B535841456D414A44493445474861444932644F685358414569697A424268325A6134415470346C7742495948416B7737415A487A70774B5334416C5547594A4D4F7A4B584146526B2F2F2B357A2B48576A6D696C706E44735153536C4144444C6B6C706C6A4175424630742F47716C484C5651462F5657426F5A646C64523472554369567370524A63324773366C496747476E434B4F534C327346457256536A6B70754B35773375775159646E6135564A797244524B763741576F354D4D6D52467335624F48596A53575174415159646B6C4C74455478325343426F4E766457356B483573333273355844466F376457414A4A533442686C375245537853664452494D7578494A6D364F7453516B77374B716B57686C3256564A526E4D324B6C514444726D4B72527338597730365842392B78424F4A4B6747455856324A6C43732B774B3550674F646D616B59414275344256664D3369356A4C614A74664347356478436C6D4E313477692B6A3275464B7975506F78506D7173483637486C4D7254706A4C744B4D4F3378494D396D6650727A6365357735575376324A67766236566775586F7972644973566865322B5075656F6678374F536B4D646A6D34785265334C66304D544B654A6A75315A2B4A2F515A394C517644332F70456938435170624858746C3936373839556D79392B7263433831584C41465641676273304373634A434B4568416B75736534715A716C674A38456141424A584D616E52692F7754584D5379374359345547475367353265586734794D6D3053732B4B6D37536B5239474A42647A505049503471526A4853755A414A696A66487065462F786E55467A2B49693749626B4176326E44306B516474686D4C47444E354979366C6A4C563630353930636832534D4C684D3076416B45444B31746973627454675547487047734649317957425852646B4D316C77746E4D4E6676766A486734494F7A7872655263623352687551726D53674A30444B356D656B494D6E44302F35504465782B59354C5A56396552623451636855414F7775415A446C5443634A4F4E6B617A62723137424A71336F5A494E646759597052786C35487A4245684153454A61642B6F625535434B744B733856773872756173436247525844613644657337477663686D6E697968416D724633455633464A4D764F67307A733141702B774A4F4A427A597648353662413775733249426277494E65464F37474F7435576933566932626D37756E6B6778526354766F6863324B6D62436F6E614D563477636863372F515868796237674B75554861314143546A64573631353570665133477663744B7369694E7A437839796F5278347569714374702F5A4456354275374D364A3379794774675241593032356C52677A78623055615A436C3659504E6B35376D706C7031495343697A61336C4B32526C7964584E55324A696466327774556A6432304330374C44504A45417673575861673752436E682F4E6530717137585837784B3561667144554A75474E326C67614369716859486C6877415A464D78746E4C3141536B734C3579436374486263536F41476C4970323364557365534642615771716A704C4754644C7136584D54564F7A3757674B782B73504C41467738357532596D584265593959492F5A515958644949335A2B65724C726274304E69736D70544C4B7349547A4C734336302B7666637964594A6C692F4254554B667168534A65424E55476877633843536451624C5A4E357A325378306D5A416A33784C41546C57474E454A57674D4474356D41726437765A41734A4B5A74563761523271454D786E49564B5A3870774630484C75527459694C316C33444E4F31674D6B69705A65474A6A74546356566C4C584D3356704F5644706455346D4E32526C736A4F5672725341635A31724D444F2B386C343169434A4D733846636A656453554244335A59624E6E74387975626C416F70724178724B6F4E3754776F7548797A795173425573596F4D6856544843435867536D335A595A464948714A3472744A6858744E6F68654C6B69714B49576C6844486C3164376B514D4B7252662F72566F32516E5A4766576F6A39383562636B426D68433231743256734E506B716750526B444C6631724545416D446E7A473561356149314C4357456746485333566756774E68567A626D4E5051635A6E32573355585A783067676131394B54344E4F554B734533763038656A6C556E5070387767532F44757061666D7964506D56476535594A64467A542F4C4F444670636E4F44664F7A4C4C784A332B5A5A7A74472F73304E5A4B505668544970682F586E796355435778556B796D6163305A444A6B345A48386C5069554A737158395330424154734A424B3956796338344342705354464A687059747A55514C596958794A50464658683937614E7468356657367A473076466B755645525446425A42516E38713071443779574D39474B525566576E6576764B576F51584D706F3266554334435347794B4D456D674C436B50453864515757596D486E315A556E43334A5432795457745636587174776A3179494872414D4A694F2F7343416132386F7247704D4A425657373167524C41546B5976332F59454F2F4C784C4353314441513755673643697850476A4950694B76424D387344797178614B4F347449615976506453687361464B5950302F424B57676833646A7051344A67616E45666B704F51432F336F65496E7A4958426F6D46356E6E54334B753371326C555031703346597A53337752716C4C49582B6E58436F4D4178396C6A377154674E364E725976694B7770535265573151614B516631436F316C637072364E62646C5655435A7A5671705A4148634B754F75754C59566564396361357268774A4D4F77717079354363384B774378555065374945386B7141595A6458524A55526747465847665841756168654354447371715475676D434859324F5665746845617975484C527937735153536C6B44713473574C7745666C7977416859646254377432376F646F4F4C456531355A6E7A573333747A465A6E624E6B6C2F666F6F55587732697767723141526770642F626F46337065656238566234786B4B2B4F5546645341774D447745666C7977416859645954773637366C5443666B724A2F4D6E584D734B736930435073617555776F6333336C662B79726459366F7063467736364B594764726246694274514A414C6B6674764D7771705335525A7868325651343541682F424469755533506A4D56684B3367514668424B416347486144434C74392B2F61564445514D4F77596267383365427443365A4E674E497568513241773765324E6B4A5757356C4C494E35495864766F346A4D4876354F6C69792B6A303438555676795377534B755335382B646834616F4E4D486E4F7174426A366D7476774C767666777A6E7A353876655A346F62306D644758617331456D314A59346E656C734B6864337974392B4871323462427066663069794F5039342F4676596537436F70584C627532696653656D44456441673647682B624B4D4A6363657451654C4C6C4E65672F65375A6B65567234394E4D772B7272727447505A7548464670526348646E316E2B71473337307A6B394B4A32597865397352477750762F3839776E61385A73686F2B484742352B44545676624936635A532B46616D79445631426F76626E6F477A366B6D6142316B537A78572B54687653743232516C4D4631566367374F6131746B6E494E592B6641336338506B6E632F2F61654D535546337359506434743077686F5968646D775A546463315467636E68672F4F784867725A3837467962646359633858726A744E6D692B2F484C7267583454477876684254787575773361357331544B6A6E3862524D48646D3974324162584E3430526C76585A732B66797068455664704E656152575773536C6E644A2F372B72747730392B654235537A36562F515063454B51614265527756446577733045434456612B50353169624C6D6E793437694939613451767143783146776343533546724C466E47685630377444526757673351306D376F454C616268685A6F4C304C2B567469397437566467673668683433696446382F504454364A516D386A734F664A614D495275594A5A47454E5551324431774A347A37384B5A2F714C732F415164454677792B654F7A34626C5766574C413776563637664B75726A743052656762637575304B3537474F79366A3532416F52506D7743663744304D593748423459502B686F774A34482B3071646A4C466163424E7257376A7A514F37397059475A586C3152636C556863734C734C684B5A69695730536256756976383270424453644A497542785956366B55794C7244504C633251554D4C5776315279684F33487477346D7978674B7858735272323451436A597631356471536D77414E346F423367497673497250726853564A414678572B47496541396B313163564A3532356E4B7759634743676F36503136324C6E486168734B5068424A52392B37354F61337042734D4F752F71312F6E794472645578326B64577979383539453535342F6C5542773865656E515750502F654B4E5A32677576473575776F6A563263326F53587576546335776B35544C6C53774547764F6C3536415346776C433236503976674C43523846446F58455736706E554959473644524152796C505544336773376268434972544F547451646374584B74694E6E7278514B41564F416C426C6E7A6E544C36794B6659654F436A38637938504A42504A50366D79437A42597668554772683434526B2B614A665056386361716F504F31617678375776764A4B72474E586D32503932764A7163797357646769396E393836464A36657368434F48757652796873457533506E7A734839773750772F45764C344A3668552B446559566E4962643670505974352F654C5561566A2F77533442776C5872746F68785531735A49726B68704579467755596230685779776D3667465A706B46795A496756536C4477726A4B4C4148586C5868534E48634D4349396D78756D6F38666A4B5357364E30424C69324D525954714F6E78362B324F35594A4E6C7259464A6C452F4536464336323874686B6865465547565061474462493351577332585A433830507868702B7433566A7375714179346248696E666546517279364C436467676F506171477733507A54657079684A56414B424C4379753479644F69544845362B3465445852634F325355794E65654138564E6F4D7836374C485958566C384A69792F706C385373434D72373565334434635A38396441372B6B2B6B59636732474565384958313350536C516B34344A6F6354514E696C4E664E48393932666E79674B646A6947357250534973444F6731484B4861667859496377394F4153314C68745375596F71505973356B55716F364F73336A3347625850446544784C6C4D4934355854536B444158436B746843515A4265613477393778774D6373544A4B7367714157356532334747644A77772B584E54333735575747486A5833786D787546556944776C722B31475861304839426D5A6C747A573453536E4F727467794F663959534F4935487952446C48675A3074486C524D42454353734276353631394C38413237386B7241673862756E723378526E6C645474675239483533377A4F77624D316D73565153566D725150796751696738384E553349366B2B5A6358446638477767384971466E61676E415A535173546673786B7172625141305143497370495856424B3043486A596C4D52753642585A575A5645565672326D2B437875416558784C446943473861427A394F394A61356972613953506D2B5646386D46797561425359632B68545071495652327758474B6C3066652F46436177656441324746445862706D45397A303048693439713552385074376E78454B51737146536A4A32326D4C7068702B44344464354E6844466361736B324833573053466D57684677622F3337332B4C4136346D3333773666487A35635562436A65676D7A374B676545486A597063566E527678725075445948506D70353052675A796F6B4E7472416271774B423365737A6755687A6254364C45557A666E46764B426D36575A564654633847493475624E5235534D4579583445624B532F6557754B783570376A4B6654624C597562484C4939356A2B45743953444B6A4746744C79314C484E536474553161784A5266494F7A514D75673630516E7674626642316B2B33776A386D7A425366514F4148786C66664F554A4344685547763366444D33346955657833654A554575785064336644695858634A714B32624D776677514E6968472F71526C56634A6C6C3063324348516344793261646855574C4379446137353638674B675A326848416F594265776B4A4C31757251706E3739714952796746757445596D71753447726773696D61646358546955614862326B534B693334454E30774434365237572F776D5143727233756C47557634396D546C5772466B6538783744322B6F4233544573795577747379324F415844796F666341764C70576E772B2F446F5264622F394A47506C614D317A5466446E6338737A3130506C357035795177426B3655713637683034422F4B54683775624A776732375535385738654578773036764D50585445354A3532446D4B5A59634E425438396558766A646A6E42593273386732375A45647A77374D3761496C5145364271616F4B6C4247627957344E506C355A516A534D6B63554648637476453546574C3272706C726353717A7974347A5962424C546D6C74645655794E365575684E775575657351736F45717142376977593771515233754B4B5338676241373158394B7775376D4D6464443978644F46335833336B4D43617668743235562F636635646361437A4730366337495568547A6A4177362F793863762F516A4A45734474312B69524D587445434D31646E49385654696A4737577262736772367A552B7573574E685231394F4453386A5958554D4C7A476779724967424633525377527946777669306959615933526D316A48787465316E55707073566471663654304C2F77426B4E646D63472B674464327A734F77442F487A784C6A504E7432377750387770386144503533397666334F574E376D3764394974334A5038715A595064703178356856614A6C4765573577595A647A39476A4664574E78646E78745A74323570326749466B472F56314D2F667359786A6C6D79714A49387164342B5679626F4B6946657258433774487039774D652F7A76364E774934317A325A4676666B767672443166443373544E68383359646150675068707365656C35596676675666694543716862595663715948663658645835726D2F7A33534E52756243463177383877794B71354456686868395A553244463277516759505755682F4B4A7875415165646C747856672F486B2F357733316A7863577063776654313938486A326366676C772F39455A706E50694C7A38505463595944487635594866397458623559646674534E5856467A4A52714748514D707274375653336772374A6F6D33675A342F474845315249343549626E5A653874684466586679544168734362506E384E4E4430355664796A70624672543064425674316E4A37706C656B4777446171595573414F7536704273374539523436557252754C4B373130644E6E2F6D387977593967463655693975317468642F70734C357A2F387077637330507758507A3641707A6F4F79364F4D2B6563722F58784D785438364A686D422F48664658744376736A504A2B7A2B733264677A4B765077692F75767858474C786F6A7754646A31575441592B3761345039706C674A3262372F38736C6A61435438787763394C384D447255646465433632544A673036374F34644E685732376434662B694A683244487338756C5A76667062595966435547646A45585A39352B774C6432372F7A3336594E6D38317A462F5A3575745346534A556E5052416544593250793168643963544C304B2B34335A336A627644527A38506855472B504330614D305A436A4C366A793364653875797A73644B4D383363786E414443667A72674F63704370517737686C322B4E6C36762F6F477755372B7A51396964506C7663482B796A4368675647762B4150756D3165524A32727978644331474F74652F74694155645735364F374E734830783534514675733031793855373266665066646348522F754C566C70684D48647667482F6A694C6B7A4C7347485A6D652B4E37703030457767372F5158486F2B4546597557555A6250356B41357739583968336334554B476963724672664E673557626C78634E73454C7A554B726E3473417562683449646C6978664C414D7541336F62514431796271373249554C462B444C4C37384D2F464E355845586B384D3462707453776F38706B65624F567832334133775A4950394177534C47412F414A4B5569594D75394C4B4E386D363472687172363459646A58796C794E385731466C44726169646E52304142387367307075413667547042397332565535394D6F4A753847474B36645865316258594E51707736374B4955654E68474848414B433277476437573244594D657871627461626C643275375055754677313236396576427A367155775A7332624743317A764D387056666731322B774F786675517246734B7663756D473971597936596468784E35613773545853426869713456426C324E56495132664C4C7279684D776859506872734F6A733767592F716C4148446A70575A67523765426A545941662B715667494D752F43477A6942672B54447371685A766573626A774134334E38654E7458474A726B2B4B574965514163494171615932774C44546D56473164314667683074477A5A692F5275344F682B73482F742F5957584379393354796B7852694B7A357A6A314462746E76657A6D473047316B54626F797362466E6F58667433495273635A62506C32775764324D793558506C69324D617066345A6431654A4E7A33672B324A303530792F332B4B555670756B385A6334624363504F334B6656335571786F5145615449673174454137546849684E476A72524E70486473445A6339585A6E7857426B77387152726F5558394754554179374F464370314C414D4F35305A56587558443361545A3638534B30486A6E723937443362423955316A354C4C36754D542B684A6B7245674F653244635751595051636D486D624B794D6C7034444A472B4461635643496A695A477A524C514962417A6E3147693765314B6146395A6B4E67567A524932546F624C446957464862552F56414A596E4E542F6458724F474856352B72784F6778322B7734646853762B2F4B5345323333447333444672555046566F79343944745A6548662B34312F7734496A70416E7934556E4C426A5441515676374E7369576369724C73416743614749675964675733686354716F50695867685632502F33306B3555585165375777414279334558314A3444525766557A72364F454D5A2B70312F7377324C32364C436542526D44444D2B34666F734A4F39647579633239527347746F61632F375046703743447468436172575730764D4D5476466767785753714F4C6D7A4C48453850384464694A63626F55704E41534664647158486F387168776336356141727A3554764349486C35766A4A746E3459446476336A7759506E773466502F3939786F333842376435382B6672376E6262676853644662447147363261334C4C6431626A354775414D4E67396B31307359496657586650344F584A4463785675357658534E5A7679776F6F616B6632734B3731656E35627561444757585637594F586C5277534F3632424A342B66775632416D7256636D2F426A754D522F4562554A3754776A47413747326D74484C5259506644447A38496F46313939645561384168303549376838763355787132474A5866567A585A4E3465687343384E756E6754435950667374435543646F2B4F66566B416245663741633353752F484235324454316E59592F65494336623738726333467734346D4834797554477554436753336761757755384B543952657148506C675A2F5658514A54506E36416C5A6F6B4E693079466D414168575737653259457377643953647157386F65586B634557315351313271447266666665644272784C6C7935703936624635366D622F3470416C653973506B6E68796432384A33632B6578494967393238316A59424D5A795532506A686268673359366D45476C703075506B324B686E366B5957336464652B6F687257674473525158586E5078744B7238424F372B3535304D4134354269667076696D5257565943494577632F4F517A392B465855724D4A6C7679545261694E52346A4C7853585A6747615966692B464E4433775137565237586B62726A684269434C4C67376F4D423571344A354B327432432F4E586E315773315046383745676944486536706531586A63416B79416870746449347A74416738334F77632F6444534B327143516F436F465A6F434C44747379443772546C6849434459644A7045734F2F635446664E5A374B7171567057764779767A4639434E6C66364B46656A6D55304A58746577734D3832745461346C324E34434C6130454D544D2B743877694C737531426E614B673839786757694648617150436A7A6247463455794A69416F6E7336713347514735375648376D6A473132625964547739586F64426A7473464C4F57724E5667642B2B77724F693645766A6F6A4144637650325449713036564D536F73484D55482B7455416B525237716977457733663745625370797745587A6B4A676C413175714D2B53315431562B436B7864554572527273334F38466C5854554D6D6B544D5A5333494D4370376F6F3834696F34682F6465436F4777513267673842597357434336746E456859674F54366859465742512B6274723147443466374E4253652B535A6C7A58675858336E434F30656759642F495574475157694D53752B475570333672444253614B486B51632B6B35486437796554525577534F722F5A6C45517137517148684E57696E30564938516535682F76514D686C477636526B2B4F784C49427A74553576506E7A385043565276675637632F35595063445138384B79773956767261562F703672654F5377493441704D4A4A76555A2F38313531552F3355617A554D7063466E52774A525945654E4850384C753362545470697A664A3334316D377A746B38412F7A644C2F6E786D344E566947366759324B6C515536384A5A7552475A334C6E63337A5931574A44356A49786F504F3167554742585243676774785266636E505044506337424B4959396E6C617854737A2B436F78545A5155746A5A315A4A645379454268683044716859426C57535A4748616C4945385A346D54594D65795342454D74787357774B774F595370456B773435685634754153724A4D444C74536B4B634D63544C7347485A4A6771455734394A67787A754C5665664F596C687644447547585330434B736B794D6578715A507449686833444C6B6B7731474A63444475474858394D5448395634334E4E74345641324B316138526F736E70654E664C7A524F7063333243346A4F4E6D7959387575467132784A4D7355434C76567178624139426548527A35574C702F4E734B7369324F482F5A4E2F61734133577447314E59446B6E417A546D696831344C316235774E5644314E56456A4F6649736A4A584C3146574552464C6F564D345070664245734D4648694C5559515857545344734468303642476A64525148656969577A414D50486D6543593359694C42445443374442417449324579314B5877636732622B4C416563356246654F796B573278306F325478326F4B473957797777327963514F656F386436354749412B773864686350647836486A3847634A4B6F2B336F4B6132744A454B4C7346663638344141412B6C53555242564866744F7450665778597049687772554C475374456A4B45356537394259745253566C6E424473664B7662364F73596C714C4D6762424452653834314145726C3730614372786C692F34644733527449792B443147556A6F5731326F334D32674366384E6156773458625A53426A5A6D494C47325137384D4278643238416B346D6C554C63375A304A684B67517049684B64366234756E47747969774B377A794448347733316A345664336A41446359597A57734C746E364253346473676F7358676E686B6D306F6147564A68556D424637592B476D78544A3869304D75744F69324B524F55706F524E674653666C4C2B6F44392F6B315A6137437A67476939334B4B6D43646875527477632B7338646C77787968734B4F315279744E6A5163724E5A654573575449654F6A6F4D784C4B733247486C5A436C4971674242344667747664714E713053476B48437351345351416831596641744D417051535435752B6D6D32714552682F633045394E79374D695A567842615653516578545964585239427466654E5570436A6D42485A2F51723372707A4C594A5579724A6E61777A594566686B59773535566F614A714777635075384C4452644E785A57643065725741525156646B483168632B62636272314A69426F776A57354F73304C4F774965576E4171384262506D776F4844783649446A6F424E633871303041697571756D68595551517344704D434C59365444304134724361656C30646F4C566B734F38715143754949695A2B512B367A776337584C77547536396F78534863304D4A626D64736944727847743775624A304E5839334778376C3352316F69374A4C725A52545558647042576E326E5A7562447A56696F4F5570376B6C4B486F4D74634D5246485772755746414E4A65504151374231717950725577574363423965574C5436302F6A4E4F772B424B55615354596F594A742F5843544272735050396751475851496D46546A534D6571733356506856736A6A425464323466685962542B724F45637936787874744D6444516155446B6756454662596156616748357A71383556366E5139324F424642466879654558536B334869742B6D4659386976344C50642F6342717A4236324135646F5A6473584C50436B7761454179415553774936414657476B4677513442475253664373584372676346646A5A413448686149574E6C71735557484966583754585474734B754D7A69382B58796C3375654448633638716B4162624E683533534546647168554E4A3748734B735932474664715A73543666643559496431616A46555A4877615345316F4B525A6C5575425734716C51324C6D576D7959305A31784E6856306E51736F326268646971646C684632774A566972637A487A6C6778312B616F497A734E685652656A5A757248597863575A32654A3346687341623263763539727243756D776B307267446C436A6F6A51304E636E4A436D3858736F42756B644B5943375A434F5134467441677A57382B4B78744C797745374B4D71692B6E506A316355415865674B556C49344A77754C7642773932377069646A66726B356C6C36666B754C78756730324156437A6638387763454F752B44773946796C6E2F5042446B47416B772B6C6E3642774769554E634F505A417833364F5630567038366438526B61312F4D70674C51536A484563415562584C6568614B6C3378536C4A58454C55435277565573624162414E456D7A4C45353932586E61774D4A316D4E6B32473337715041784F78736F677275674F47626D68343847753061637758586550765A50542F42352B77797246585A69676954504E333856506D6B524258613466797A75436675624961506C524156616566675A436E364F67745A6549702B654349567067495969786C3863414E4A62336C45327263744C79734B775536797934734575354535444377706F504863566467517532363576515A61646D306358627154486762764E4B586B6F397155544758624F4A79677A355352466E416D4B776D426E6D744B32626D7A775A494A6D4153716773734B75446D5A6A71614567385041445970795A70544738376D4D6E7844312B63457A68696A6E7258552B7A486F3137553746634A5A44645736577843347641444B2F3446354E6E66725A345546613644435044446F474633395174585468444143385737434A3059596E77546C63326A32586E666C527367366830432B7A696D6F43732F7645364C484D55793035746A44677568374F754F48474234336D7148312F5876754C5859783348676830714658356274334C46484E6937707A337970796353514971464E5268752F6E39516D4B414C2B4F35756B504F5A68437A6977713465477A755875623468486874325353676D782B47486272457959646A567479497A7950505850384F75437130344778675A64766B624F774F68766D5845734750593858676454334C55525274673244487336714B68733156583331596431723847757A4A736973564A4A695142377361794D6A50517739734177793468324A5137476F5A6465454E6E454C42384748626C706C524336545073574A6B5A364F467449424C737676726D5378673535776C34624D61443468672B2B334534642F4673516D724B3053516841595A6465454E6E454C423849734675582F6365754B623563753359667544444A485355343068494175574558556448422F44424D716A6B4E6F417675354C444C7063782F67747058543747445A504A4B61726642646C30426A79584847545357656A71796B493670626F726A3954785A546C68783159545730335630415A4B446A732F66334B5143594E564C694E584E4B482F792B49356B334E684A794C4D45776341644758546B4E4C6769632B6B494A33746B6C6C43454B763330714D4B4C786832444A78714145343538316835734A4F674D5330373831344739462B67395964576F504442353942797A454447427A6630533450435033396356654C43734750596C524D6B315A42326863474F774253783679754270684D4A4C54624E71484F39725A596357704B327748715546582F487347505956514E7779706E48514E6A68424D5438396250464D576E354F47317941696372586C6F39426437392B423178374469344E51594D7344755A686E5136547866534236476F6C6C3277745761466E575946786968476851566C3244487379676D53616B673745485A2F65766F36482B444D47566D36762B323547324B6F76674F37624A647278526E576D526872733031695A484B51793768647A6C424142592F6E575745487765466A464B727351526C32444C74714145343538786749753932644F2B47337736374B43377A66502F55724F48447330786A4B72735046675A732B626F5A75324C4F6B4D30564F39304864564245754249523232415662677052754E5A775A64677937636F4B6B4774494F684230712B4A5A504E384F3151363849424E35766831304A434D563450783132346C6B4E554F6A7648374D5477327135444B5454356979726D626F6C666A654948586242346332594B2F6D6559636577717762676C444F506F62424435563733386474573243454550396937715144396A77345878354A7A75727343646959556A5336776B786D4D583763554B5A4E5732474763595A2F43304D4D56666D62594D657A4B435A4A7153447376374644485632355A35674E65627564624261702F464E693534336E43776E50424A62362F793041326D33612B6A664E4E59486A5A4365726D576D4558456F3858592B566635595064696535756D446469424C524F6E41686E2B2F7439797A71644F3373573370673646563537386B6E6F4F5872553531384E6A5A6E7A794D415061774F52594965716A6A4F7A4E4348522B7637534972512F48485A6F7A61566379347A4736495362386E6B49517376353044676747356F46474242474F4E6647654230574A5178326E78382B444F4E7676686D614C37396348484F616D7A586749656751684F512F2F705A626967496537514F7266685165654B3374466D5A75762B647571433132484B4E744657304B6A63385A65387447575A415474337A45394B3137706472535562594F784264785177753052306D4877315445797A4D7937483736365364597647456574483551444F6A43774A4F736E776C49572B78575338385773417263776D434863434F5130526B744F49536343547256502B77744763395033327655393679416A582B6374716E56685A3241525951344E4844615961576C6A52436C5A39547241514E713668677968576541445472413849577031562F4D4F6F674D757972513937724F59686A73336E33744E522F734547707A68772F584C446F43485A37667A47614C616C68366F3877444B746C6F5463764F76486342466742486D2F56494F3877377539443767657037786F555A6871646E39624A45674B67734434644E556E5A555634584779624372455553477751373368583139346B51723846544130545632616448694B3752522B5A384C677830434C514B45794C7243726D4E7245396732305462545659476C58737477686A556E33634D734F386F486E646E5353374364684C386343485A3456757371366A58447267356768343042676266696852667941693935304745445274673151454E444B6878534E49596D4C614D4179773739785468654F4352567938774B4F38795848486654675777504836364D555A574F7778556D52785632685143505956636E734A50416D7A41684548696C415A304875355A32313471546748456150594C46624D6A6976716B5657707663695165456D2F466348476A343068427865624244663956615A4E67564271513464524933724E7047346A364C34526C32645153372F72342B6D506E49493257436E546562366F42486E7A306C754E435A476A5064347777765757724F382B465748536B4741557839586C6946416E6175355369735243392F6D44616C47356F576432454C366B35533363593955353347665937434D2B7A7142486235514665363854717937485359654D4168667A2B38424E7877664B366877666C4552485A764661744437666F476A734568314253344B6C596966535A444943584649497353595566414A44397856744F313559766445676368776B3672673567795A746A564165796967713530774E50487738496172474E524F6431644153414654474C737A2B6A4B2B69773231647043494646334E61584156674756674A313868727131586E345A6473714C4A535A637775713548483652596666545477434C316C3241317A64657242453831465978776D5A6A6C77654D302B472F4B59496D4C6436594D71576F74366A656D443134364F367149726E6A65574B5730375843454571704A6D676836307142314D43414731364379703230554F3870764870325A31455270414A3044553351314F42326B56334C5548526433586A454E6332386D6D633172536F485158433971485655336465525954662F6E51483439634F66693250466867753152596F614B4530593742614F4875306270384E50555843474667386244484779496A6B4643496564417851486348694E49464B42672F6C517535764F746449746C6144426450547573414D3166316A646F764E4132394379426C6F615043735138384864324F7147484C586A534C42622B64354643546F43336A736666526B4445637266736F7A2F6F744A667776795234642F4B55766F717773617A2F6D66713179554D6472306E5473446B49554D6B384E436151386852493844727065504753663858476876686932504870442B4634334E744B483239316D4E65324B33623970555064416938612F372B4F577A652F58553075716A2F565457414A52666B64474D53662F4D536232664C446D4C477332474A363338586338457034765657524B6D5876347468343062677257687067625946437A545155634D2F662B3463724A30314378614E47634F676B35596977343361527932635132483351667658416D706B7A5A6E6E36783439446A735066425047484F474834456C6E73373531366E787563736B6D7441514A64756F4B4B486F5852566B62514D2B44436C64776E70653769434577355A4A4F6973577078314231643247575853303056433444673766594E68414975313048767747456D516B34382F35336A78324854342F384E77514F6A6C576C7759596F705668716A6F566E4156736D3634465043522F632F51564169343253414E393664553461306C2B4A4D36515146652F4673474D5946417544576E382B4548622F4F37516E4C2B6749664C634D507845494131714F795159374246773667317365496F44496B684F6276696F4C6169702B4370694359596668766134714B4D39514A72587571325946556F6A714F7A50734748613144717469797863497532326658674B636763566A34734A2B482F686565763063724E762B6C5469323737735551496375794761796B484D583342546A614F70736D625461314132773351327535626864584E6A70362B574A4E4B555A3532525467783176754D4D544554784756786474494242324B7232776D307057484A3052686C462F43427930374478727A414E59567A59443256775730684A49434C364D4F484949496E47746A3958523330626B49327047544573746E32556E72457246456C546A71714A7231624B6A5375587A52666C2F534A594679344C61414F704B4B6B693353776B375A307A4E47324E7A774A685475725565474E55757151644F4D3965365A5365656B524D664742626A38394B444772547371464C357A41724F6263446642736F484F3753385568353863686B6375314D4170374C4D5971577033733431776B363131417934595277712F48775447503459713845464B3541506C67473367576874594641734F2B71436973382F5A4A6654684A7435372B496D4575794D325668385641434E75734C4B52416A365259797A476F426E35684866367032646E624232375671594D32634F544A733244615A4F6E567156527A4D754C562F6730644C534172626A64332B387153706C5561313157456E354868545965654E73526E6454676B2F5153656E474B696F6346557861584D727A766B7545716D6F462B674A5574634F6C5335656770366348746D2F664C6F433361745571574C6C795A5655656B795A4E676B4B50685173586775316F2F4F753956536D4C6171334453737033494F792B7576516A6A4A7A5A422F2F335971383468733034446563752F464452494D4178765A5248566D746539566C5A6135437164767A75752B2F67776F554C416E686F3452303463414432373939666C5564726179735565757A5973514E737836502F654B6F715A5647746456684A2B66352F506C654E4B31466954484941414141415355564F524B35435949493D223E3C2F703E3C703EE59CA82022E5B7A5E585B72220E88F9CE58D95E4B8ADE98089E68BA922E7949FE6889020546F7272656E74223C2F703E3C703E3C62723E3C2F703E3C703E3C696D67207372633D22646174613A696D6167652F706E673B6261736536342C6956424F5277304B47676F414141414E5355684555674141416C454141414C3643415941414141577077507A4141416741456C45515652344165336436374E7332336E58392F556D6C66774C2F674F773959497176334346424A465156424A6978554346704C417842454A63676B4F6F593463547A4D58496755414145314B4548433742546B7878745445584B5448494A5A5355385131734442686A774C614D6447797349797A4A756C6A62584151476E45364E66633776364E6E6A6A44486E374C6C57392B377539566C567257654D5A7A786A7A4E6E662B52747A2F7272584F6C743362336E4C57773565474E41414464414144644141445A786241352F33655A39333152376B37754148415151515141414242424241344367437A5841795555636855347741416767676741414343427965666F5047524645434167676767414143434342774A4148665242304A54446B434343434141414949494E41494D46463067414143434343414141494937434441524F32415A676F434343434141414949494C444C5250324C66334D347650385450333334577A2F3272772F2F7A2F742F36756E726233336F58782F652F346C2F6332686A6668424141414545454541416756736E634A534A2B756E2F373344345230392B2B76444F372F2F30345376662B30384F762F372F666E4C3464582F686B3464662B773066502F7936502F65787732393435386350582F3833662F4C7749352F3831346457367763424242424141414545454C68564170744E56444E463764756D722F715766335A3438563266657330382F626D504833374E312F2F343465312F35714F482F2B5A5066766A77582F2F7866337A3446562F37367545723376575277312F2F3455387A557265714775384C4151515151414142424C622F59666D506675716E44372F6E6D2F2F703464663978553865666D307A54332F3259302F4E30356638715138662F754133662B4C7764582F6A553464662F6E2F38364F474C762F7048446C2F305231343566506D662B39446841782F2F71573249332F504334613076663242512B34484479323939362B475A6F564C37675A66664F706B3357456F4B4151515151414142424234316762753775385033664D2F3354426D307356617A395766544E31487437357A2B7776642B2B7644662F766C5048463734737838372F4F71762B2F48446C2F79706A78782B315A2F3473634F762F474D664F7679422F2F646A6833662B3755386466756E2F2F734F48582F4B48506E44344C312F2B683464662F4C2B2B372F4331332F377878622B5265734D4546575030326F6D2F352F44435731382B664F44775A6850316E686469717434387476536D332F504333564D774463347A72786665737A544E474149494949414141676A634349466D6B763674662F7666475271707062485A322F2B637A2F6D6339582B78765033422B472F36533539386170362B3874326650487A44332F7358687A2F37665A382B2F4F362F386F6E446233726E5277362F2F7A306650587A72442F376B346433662B784F483733376C6E78792B3676392B3966414C6639382F4F507A4B502F4B2B777739382B46394F6A763265777775396F586E61662B48776E7350455248336735634E626E357172772B48776E6865654E554E317264514D6A39794F3234357853542F4E454E34642B4C6C4C7569624F425145454545446746676D4D7A4E496F742B5739627A4A52332F33715478312B3764642F395044433133336B384533762F3165484C2F6B54487A723873712F355234652F2F454D2F64666764372F3778772B2F37706738662F7347482F766E686C2F2F6866336A3452622F762B77386666664A5468312F3168332F773841752F3676734F332F34502F2B6E77504E713355472B59686F3366524C55356430386E76576241586D764F666855345047787A58307A554449303841676767674141436A3442414E553231666578623332536976756B482F766E545078722F4C662F586A782B2B356A742F38764446662F53317633763641332F31453466662F6F30664F587A564E33376F384A652B35784F48582F42372F2F3768502F73393333663430392F323463502F386F302F6576695066747666506E7A4464333173654537746D35646E66713157766B6C363638737644333664392F6F3356792B38352F444772774862796D3879594D50446C65544D524C322B2F68766E55622B74796A64467239653838617647397531527A5430396F57652B5966764D3333713175726365586E37354D392B6776546257486665744C35647A31555141415151515141434255784349655A7239656D2F4C4D54655A7148662F2F582F3239492F47332F474E487A333830622F323550424C2F744437442F2F462F2F5A4468392F3154523839664F57372F7648686437337252773966397830664F587A2B372F7137682F2F6B642F796477352F386C6838372F413966392F37447A2F327466324E716F7034357554635A6F54662F4F752F704E31637676337834367874665837322B77754458656E334A4D386361666850316D7048356A4F484A7277746A7046347A555866502F4270776C4876644B4C33784E2F4978582B304D586A644C4F626E3271386C6D717037573172706E7A315950415151515141414242423665774E6C4D31486639794B6350762B7972662B54775833333144782B2B3764576650767A53502F542B7778652B2F454F48502F39392F2B7A77572F2F69713466662B52642B35504452542F335534542F2B3764397A2B45572F2B2B38632F7534502F2B5468432F2F6E7633503465622F3175773766386F4D2F4F586E6E4D5348394E314C6A76346C367A387376487A37516A45644D53465A396B77484C774377324D784E7A3948704E4D324A762B6A7571616D78714F2B734F63674E44313735742B387733546A464E62593032502F3342576A6D4D6941414343434341414149505369414771735861507659676D37364A657439482F39586837582F735277362F2B412B38372F43722F396750482F3750372F794A77782F387178382F76507A4E487A7638356D2F3430634D4C582F324468392F32395238342F4D58762F4D6A684F37372F6B3463762F5A702F63506A3366384E3348483752372F796268372F336F58382B4F61646D484634334D3238596F6554652F4533553030584F62714B57544D37412B417A4E574E372B364675717066557A543051414151515151414342687949774D6B326A334A626A62544A52375A38342B4E72762B506A542F2B4C7543333776337A75383758642F332B452F2F5A2B2B392F446233766E713454642B2F5938636674343776767677483337466478312B7A6D2F36363465662F65586663666A332F767476502F7973582F39746835662F386F38752F424D484D557A313735704B37756E5A7433364D527676795A76784E56502B3356632F385775354E46416266524C332B71375A6E356A316A6941614736656B335366312F55666661722B7A716C32587665534866656A465262376F554567676767414143434A7952774A4A5A576871626E65496D4539556D662B426A503356343859392F344B6C35616E2F333150356F2F4D752F376F6350762B465076334C344433377A6478352B3970662F7454664D30372F3733333372345666382F7538392F4E42482F735873754B2F2F4F717438452F584343346533746A2F71667562586174744D3144506D5A2B47497277324E544651626563304166636151786679307361306D366E576A3938596670316554745753696D6A39383632742F614F3850793165766F414945454541414151543245476A502B4761575A6A3974724E56732F646C736F74722F376375332F74412F4F66796172336E6634656439356439382B6B666A7A5479393954652B627035652B725A444D303878554E2F382F5A2F612F6E2F373873617638334C6172356D577034616D6D71724A4E3148486D616763513051414151515151414142425059542B4F7A502F757A316632777A797A636A396634662F356548502F4A58506E54347A332F503978782B376D2F353634656631637A54722F2F5777382F35386D382F2F494C2F386275662F677276687A37692F7A63767A45514545454141415151517545304352356D6F4947682F4939582B5950786276763954687A2F7A485239392B6D72746C6D746A6668424141414545454541416756736E384C6D662B376E6276346D3664526A65487749494949414141676767734A584153792B39784552746861554F415151515141414242424149415359714A4551454545414141515151514F4149416B7A5545624355496F4141416767676741414349634245685953494141494949494141416767635159434A4F674B5755675151514141424242424149415359714A41514555414141515151514143424977677755556641556F6F4141676767674141434349544155785031354D6D54677863474E4541444E4541444E4541444E4C42644130775541386C413077414E3041414E3041414E374E4141453755444770652B3361566A6852554E3041414E304D4374616F434A59714A382B71414247714142477141424774696841535A7142375262646454656C302B4C4E4541444E4541444E4C426441307755452B58544277335141413351414133517741344E4D4645376F48487032313036566C6A524141335141413363716761594B43624B707738616F4145616F4145616F494564476D4369646B43375655667466666D3053414D3051414D30514150624E6342454D56452B66644141446441414464414144657A5141424F31417871587674326C5934555644644141446444417257726735436271377535753647356E2B5159365979324F586739784D584B4D724E58336B2B2F6A6C7270527A5369335A2B30325A3754574B4E6576502B74766E547571472B564778396C614E356F7235775A4D417A5241417A527769526F3475596C7162376F2B514E4E4F48454770593755395771754E62336E3178316C614E375662316B314E6E5A4E326A663378366C687462366C4C54574B6258397431766234397135766C362F7A554A44374563657636326D36534E4541444E454144313653427335696F437151396750745848572F742B7043752F54342F6D3764575639664D476C766D70485957327872394B37576A664A39623674643131746F5A37324E62762B57576A744F505A59334D7A66785250726E55394776312F56717637635A4A417A5241417A527762526F3471346D615059674462656B68572B656D7673562B7A71682F7276722B484E4E507A486D733957643165623931764B30316571576D7875643133503638367A6C7075326E53414133514141316371775A4F61714C717737304831442F513633672F6C6E37697244626A69613275746D667A6A716D72612F547A2B6D4F3166702F7235347A364F55592F743634334773753855657A727A3348636573785A65335375636D366F4E4541444E454144313643426B35716F414D6744744D585A4B3755743976577A58504B7A4E5A4F766136656459387A364E5A39315A72485770743169506361736E666F363373394E7A5A3538357662727A2F4A623632627A6B302F4D656E334D754F684753514D3051414D30634B30614F4E704576664C4B4B34656C317768454871415A537A38782B63535737386636666D707233464B542B723632373666756D4E6A5736463931666F36524F42704C626C5454786F374E4C38305A6A5232372F71772B37794E7861393253746F7774377A3138384B4542477143422B3273677A363074635A654A32724A7772656B666F4F6B6E707262313878726C746F796C706F39747654363331463836667032587571792F70642F6D313771306B30394D7673614D74626A30477332707564717561395A386264656174654D756A66646A39526A61506F33534141335141413038547730304533724D386339756F7649776269655A646D4A4F764F2F583274543063632B63666F316A2B6C754F4E36707078356A6C31386157786D64727A764C39653132726D343350386E5839314354574D57303354427167415271676755765277455762714E4644744F583666506F5A4738554B504F4E3972766237646F3652664E39762B6179374A61592B363433364752736471396250786D744E316B71637A5A6E6C4D362B75755651374735766C7333342F337664544A37714A3067414E3041414E5047384E584A794A796B4D7A635175675565306F31362F5661764C717832702F74745973582B653239717775783636786E7A75616E2F70614F38714E356D5A4F71303837635A544C5749756A593478797161317A30313436786D78736C732B616F687370446441414464444138394441525A6D6F2F6D485A2B724E58594755382F63522B725A5A5062574A712B37452B582F743965335363314F513473356F2B502B725858477658666F35545931387A71352F6C363170703932736D58324E664D31742F6C4F2F6E316E5854336C4B545774484E6C415A6F67415A6F3442776175436754645934333742673246673351414133514141335177454E6F67496C36516B6750495352723042454E3041414E304D426A307741547855533936572B6A4874736D384837642B476D41426D694142765A6F67496C696F70676F477141424771414247714342485270676F6E5A41322B4E577A66457068775A6F67415A6F67415A7553774E4D4642506C3077634E3041414E3041414E304D414F445442524F3644354A4846626E79526354396554426D6941426D68676A7761594B43624B707738616F4145616F4145616F494564476D4369646B44623431624E38536D48426D6941426D6941426D354C41307755452B58544277335141413351414133517741344E4D464648516E76484F393578384D4B41426D6941426D6941426D35624131752B4E5753696470696F67783845454541414151515175466B437A53417A5555636170433341476C672F434343414141494949484337424A696F4578696F5A724B59714E76644E4E345A41676767674141436A63444E6D4B6937753776567239533231477A356C6D6C4C44524E6C677947414141494949484462424B374F5244556A564638784E4455334D6B73313139665773617833333368664539584F3661462B6C74594B6934633631745A31527364644F732B36376D6875485439564F386664657035627A694E7270765968313235723975766E4F4D664570584E36695057504F5265314347776C734B54627257756F5132434E7746576171426963746B6C614F3748507A2F724A6A2B62577366753071346E4B6736624774517654617675664F6E38303374656E763161375A5477314C65615639666647724A6E3566542F3555527A5635727753522F4D65496A6336396E33577265765664722F6D306C6866572F74373532574E74666C7234323264566C4E6673317966722F3357626A2F394F7250636139586A2F7832744D6135384C66745139614E316169377465693474312F2B6B626A54573137622B72503668386A6E47374E67506B522B74735A5462796D5A7044574D4972424734656850564E6B6F31512B6E48414E562B62646335715833495745315575776A7432506D703765524763565258633755396D72383174325764576C5062533864597131736233374E3258624F326C39593664757968312B3358362F733576316B2B34374F34643935737654362F746E342F587676336162667A6150507247736E3135316A377A36742B6474772B3335397250373757722F4E626531622F55506B636F312F764966503965394A4834464949584B574A61707331723270385771373261377366537A2B7831725A3279382F472B74705266326169327072397A796A58616B62356D7176746673316A2B6C76576154577053317737786C726432766A532B724F354E562F62533273644F2F6251362F62723966326358387650786C497A696E766D6A4E615A3564625758787176593650324B4E664F492F6B57303837353966336B452F767876702B3678483638373663757352395050374776362F4D5A54337A6F3861795832422F6E3248772F502F3345667232392B6377544562676B416C646E6F6D4A5932735A4D75385830452F75786D712F744F6E6470546833623068365A71486263397472364D36724E476B746A6466335531317A6147637461366266783275373771652F5853622F57392B763059356B7A71757472363348543775636C6E376C5A502F335265484931746E5A6564593273302B65537A78703166476D64306468736A52776A6132647559764B4A79576539394C4E4F386E31392B724F366A47653972465037746232305475616D706C38372F547165745773756458573935507059612B7061665633747036374F72654E39653154667A30322F31695A583178766C326E6A6D31647131646C327274724E6550372F573150616F76682F5057672B567A336F31747258724B32504A70643969636F6C315442754276515375336B526C5131526A55334F7433636236574F7672654A2F6632782B5A71486152326E6B6338395058312F365739757959572B614F616C70756C4238647039626C5064646362592F6D7A33493176375247485275316B2B746A586239766A2F70394C75767479626335376165755566757A664B315A612F64724C4E58335936336666756F6174663336384454307462552F6173397979536632357A51396764634832727A4D545A7A4E36636637666A2B764830382F4D6658704A2F623557542F357848352B386E3373363037647A2F4837342B7A4E5A39346F6A6F36786C68754E6A3961575132434A774E575A714362386D4A362B336670353965596E745856756175745950323976663261696C693747614B7964572F32702F6470754E6132663132784F386E58754D65312B2F6651547333374F702F6237584431755031626E7A646275352F64723150476C396D7A396E454F643278396A56444F7137343952613270377446364F6D5456712F5833614F56625754372B7532592B4E61767236314D786972542B6D6E646F5738386F784D70622B4D584674626A2F65392F746A396550704A36612B37382F797337705A666649316A74626F6337566632316D6E7A3633315A2F5032356A4F766A2F31355A48795572376E617A68775267574D4A6E4D704566656D5866756E68376867447376582F5636594A5030596F36796333362F6631533356317246383359317669755531557653485564684E45332B397A6466772B375635386461324D31567874392B65552B6870726664714A7161763959397131746A2B58706248374872632F316D6939767161657A3333614F6462532B7631593573794F6D2F45616132322F58683037747032313672783633466D37317466326C766F636331593747733878456A4D332F63512B7637656665596E392B724E3836684A546C396A6E312F717A6558767A6D6466482F6A7779507372585847316E6A6F6A417351524F5A614A6565756B6C4A696F586F323357764A4B726357307A5A7A78724A4E5931576A763578443633706236666B3755534D313758796C694C3957644C506E5032314F5A596F7A57535330324C4F55616679316A797163736174642B334D7964725A4D346F6E376B5A537A38782B63537331592B6E58324F626B3336646E31776655314E6A616B61354E74622F704436784830382F34346E4835467674307277366E726F5738315062796455354E5A64386E30732B363966787466583738617878716E7739743754724D644D656A593179572B7262764E5331574838654D6C2F58546275755834396438366C74635A61764E646F49484550675643627178526466504C324A61687569665374554E3062612F626446716133355561364F3336666466784E317A455870613974352B6E6C3842467A337833664E766550544572436E547376334D61352B6C5361714E7A39722F57614755745069374855663039545066556754395269463654306A674D42784247623374654E57756433717975643233365633646D34435632656965724E797158306D36747853646A7745454541414151544F5334434A65764C6B366138454839714D4D56486E46624B6A495941414167676763473443544251546457374E4F52344343434341414149335159434A4F71474A616E43394D4B41424771414247714342323958416C74396B6266316E6E4C4C577966377276427841504D3276495848466C515A6F67415A6F6741596556674E4D31496D2B73534C55687855716E6E6A5341413351414131636D6761594B4362714A482B4166326C43647A3575766A5241417A524141772B744153614B69574B69614941476149414761494147646D694169646F4237614764725056384F714942477141424771434236394D41453856452B665242417A5241417A5241417A537751774E4D3141356F5069316333366346313877316F7745616F4145616547674E4D46464D6C4538664E4541444E484131476E6A58753935313846706D734759553846766D312F69734D637734452B586D75566B734559336F3078774E304D447A306B42377748337767782F306D6A445959674177584E6250466F625250785046524446524E4541444E484131476D4141376D38414D4C772F5179624B54664E7162706F52712B6A6244787167415162672F675941772F737A7A4C33494E31484D46444E46417A52414131656A415162672F675941772F737A5A4B4C634E4B2F6D70686D78506F2F3446562F78465965383676466262716D2F5A6178666F38375A302B3758362F745A732B587A536B373044632B3161474350416269377578762B44645573332F376D4B6D4D746A6C367A7638764B764E6C3438714F36555337315732506A733359746C786A4F7A6D4757622B655673525A4872396D355A39357350506C52335369582B687133317455355778694773572B696D4B6E5644526578504D61345A4551716A316C6471356D4E6A664974742F56566A7A38367A6D6A394F6D6474764E5A714D316D586F6F456C4131416668483237506B7A545475787257372B4F3158592F746A5A334E46375871477658396D7A65576E364C4156686A574D386A3763545238657459626466334F5A71335A627A57314C567265375A326E62745530343974595A6A397745517855557A5567675A6D5271506D5733763079696262556C74724D712F4657623757704E3358316E35747A2B715446786D6D533962416D67486F4834696A666E734139362B2B726E394970352B592B6E3664705836647339624F2B4C4678697745346875486F2F66546E4E474C53616B62353058716A58493552313569315535746A6A74617275566F2F616D39686D4433435243303851414E4A664C77506C6435387448372F696A37363270617674656D50366D647A55397650486558374E57712F746A4E336C4D75592B486731662B6E582F6867444D487041726A324936384F32317559425056707A616178666F362F746A31663773324D7435626359674B304D36376E58646F35667A375566372F755A302B4A73624A537675646165766572367456336E312F78536577764437424D6D696F6E7954645343426D5A476F2B6254726A4874747448366475755058746D552F5A7931664E5A505448333669636B6E7A76495A46786D705339544156674F5168325239364361587550534137636653543877616956767A72533631695774725A48784C334749415A67787A6276313574654F4F636A6D6666697A39784E516C627332337574516D72713352786D7674724A3131526E454C772B774E4A6D72684152704934754E396D4D794D5273326E33574A74527A664A746637576474616178617864313679317964666A31546B5A373350366A31667231334C745A775A67394443737554784D573579396C757262574C394772612F6A7961632B2F63526A38356D334A5734784147734D633334747A6C3731585072364E6A624B6A65596B6C2F723045342F4E392F4D79507A486A5333454C772B77584A6F714A386B335567675A6D4A7151616C74724F7871727A4D743747306837467A4F316A58537472314A714D4A32617337796566754461654F7047787569514E72426D4132634F786634696D6E396A50612F6C2B724F2B5035745463725037596646317A72623346414B7778374D38762F63542B4846712B482B76376F7A6B314E36732F4E6C2F58624F335A2F4C3675397263777A4A35676F6859656F49456B5074364853473830576A2B763643493169533266646C2B624F58314E7A666674724E586E30383934597039507634393966542B752F33683166386E58667330413149646862666350302F515455397636655931792F56687145724E65597649315A6978727A574B6473375739785143734D637A35355A6A704A395A387A6E3255363864536B356A3145704F764D574E5A617862626E4E6E594B462B50306265334D4D776559614B594B4E39454C5768675A6A527150753061303234627262617A38524A485979323339737238756E362F56742B76632B713850712F50504632794274594D51503941544C3839534A666164627A563966315A4C6D76574F4A71375A587874586C316A31743569414E595931764D59745775756E5566666E2B5647357A7961572B746D34375038614F3657326A70764338507345535A7134514561534F4C6A66616A4D6A456A4E70353359363255706E374845666D37724C34335638623675396D733778786A6C4D69592B587331662B7256664D77443159566A62655A416D396D4E39507630575A362B3652747031586E4A39544D335766462B33314E3969414E595935767753362F466172732B6E6E3746527247756B5865636C31386655624D326E72702F5839314D33696C73595A70387755557955623649574E4E434D526C375A4E43315741314C6271616D353270364E6A32704774636E566D4C6B74357458476B782B316131316453357435756E514E72426D4130554D7844394445555532664739574F63706E587876727855613756393356316A6254337869304759496C687A69317879336D4D616B6535724E58472B764652727458336458574E745075345A3035645977764437424D6D61754542476B696942307656774D69414A46646A6D354E2B357666396D712F317156754B665833577172484F72336C746D7235574453775A67506F67544C742F6F4F5A6850597031546A2B766A6331796F337A577972786155397439586533766157387841444F472F586D312F757956633874342B6F6E395769302F713832635563316F6E64545665636E4E366C4F37355279324D4D7A2B59614B594B4E39453051414E304D44566147426D41504B51664F78786977484130503842386456732B4C68563053642F477141424772692F426869412B787341444F2F504D48763532472B697676694C762F68776C386C6234724548324C4B6D6D767666694444456B415A6F34426F31774144633377426765482B4732547648657077585833795269516F3830554F49426D69414273367267575941764A595A72476B537632562B6A6338617734777A5566345759724E59496872787641384E7650476D415271676763765541425046524446524E4541444E4541444E4541444F7A527772496C362B397666377464355068466335696343313856316F5145616F4145614F4B63476A6A56524C37333045684E317A67766B574734494E4541444E4541444E48435A476A6A57525033387A2F38434A6F71594C31504D726F767251674D3051414D306345344E4847756966424F313433656D353779676A75554751674D3051414D305141506E3051415478525435593049616F4145616F4145616F494564476D4369646B446A384D2F6A384848476D515A6F67415A6F344A493177455178555435393041414E3041414E3041414E374E4441575578554F346758426A5241417A5241417A52414137656D67574F2B4B54763644387550575679747232317067415A6F67415A6F67415A7556514D6E4E31463364336650664B58592B7658566736316A7333592F52393847705145616F4145616F4145614F4C6347546D3669326874715A696876624E5A65476C2B626B376D69445551444E4541444E4541444E484175445A7A46524E55337332614932766A617136366E62625051414133514141335141413038447731636E496E714956545431592F70327A513051414D3051414D305141505053774D6E4E56483147365832426B65474B44555A54333874506939676A6D757A3067414E3041414E3041414E4E413263314552465A43507A6C4C4731654A2B356132736274776C6F67415A6F67415A6F674162326175426F453758323730474D5469524761506274556A396E567064312B767257587A7376342F34744578716741527167415271676754554E6A447A474C4C664C524D30576D2B57722B616E7456742F335A376D6C2F4F7934386A35643041414E3041414E3041414E624E56414D31686261317664325531554F32694D55324A2F7773666D2B2F6E364E67774E3041414E3041414E304D437847726859453955626F373566333267646D3756727662614E51674D3051414D3051414D306346384E584B794A716D3873786969786A7256327A632F612F5278396D3463476149414761494147614F412B4772684945355533314178524E55557458334E7062346C5A55375268614941476149414761494147486B4944463232694875494E57734E476F5145616F4145616F4145614F4955476D4B676E6848554B59566D54726D6941426D6941426D3564413077554533585566353535367876432B335054707745616F414561324B6F424A6F714A59714A6F67415A6F67415A6F67415A326149434A3267467471304E5635394D4D4464414144644141446479754270676F4A73716E44787167415271674152716767523061594B4A3251504F70346E592F566269327269304E3041414E304D425744544252544A5250487A5241417A5241417A5241417A733077455474674C62566F61727A615959476149414761494147626C63445442515435644D4844644141446441414464444144673077555475672B56527875353871584676586C675A6F67415A6F594B73476D4B674C4D31487665746537446C37504D6C67534D3162507374724B59346D704D513851477141424774696D4153627141705A6B35636741414341415355524256453355427A2F3477595058617779614B566A617A473063712B503073735A3069626578625464576E484369676365684153614B6962706F45374C32774765696A6A4E517A5843754D58587A667877336639665A646161422B32754169574B696D4B6848397330664533582F473665484434593051414E4E41307A55465A716F7537753758635A6E37377A6E2B6575797451652B62364A38452B5668356D4647417A5477764452776B536171506577726B4C36667356462B6C45743948342B7062584F5072652B507436572F5A6772614F61795A6D6C6154563633644D72665758304C3757424D31653438506C512B546672322B503674722B566C74356F78717473797038356661613079333646534E6878594E3041414E584F6733556532425553394F33382F594B442F4B7062365078395332756366573938666230682B5A7148626374646653517A4E6A62593230727957755066426E765072334E3376765064664D6D2B5872654E6F744C71316636355A7136316A5736324F2F3170372B47744D744F6C586A41556F444E45414446326969326B4E6A644746472B5A70723764467274465A7964583579532F48592B7157315A6D4E6254554639654C627A717631526538526D56486470756255482F6F6A583644324D474E58636C6E62577262584A74546A4B313178726A3135316A625472764E6E6171543032726A467432717A6E57625536793963357456376267355947614F43574E584278763835724E2B6B523844342F75356E58757472657375616F70756257317175316539736A5539434F752F5367724F4F74336238797436394C2F707A783365392B392F53396A4D62574876676A58715033553939375039377A7176322B7476566E612F583532547131726D2F584F576E6E6D4F6E584F61507A573875744D573372562F326D6E35697832702B31557974366B4E4941446479694269374B524E556238516832503937333235796136397574762B56566A3932766B624761547937486E343356756C6C375A4171326E48502F3447787A6C6E4B6A3862372B6F66732F38414D2F635069694C2F71697739642B3764652B36647861726F32316D6E72637451642B3556553531545661652B6E397A735A472B56477548717366372F763975637A47613337577A6E4862654B314A666862586D4C6131716A3754543878592B6F6E4A697836574E4541446A30554446324F6963694E7563665A7146795631665473586247303864625035646279767157763359356D5863302F2F3246684E515236436263323052374566372F755A552F4F316E66467A784A47526D686D6F646A3572442F776C587530397A6C373176633571656B62707239576E7268326A746E504D6D71767457742F7964537A74784B79564F614E3872616E744E615A747265693274644E5072474F746E5879745459336F59556F444E48444C47726759453956447A6F30352B62376638736E6C356A324C576150474F72666D617A733179613331553365667547514B366F4F77747474356A66717A664B7674782B7238553765726B566F79554F30383168373457336B7476642F5A32437766507631343332393179625734394B71317456336E31337872373332744D5733367A626D6D5857503033577153547A7639314967656F44524141376573675A737755665543315A74357A66667431435832343633666A2F58395563316F6E574E794D3150516A72333079674F3131615464597533503272582B584F305971644776384F6F35724433775A377A7147713164332F746F72493250586E3174376664723976335A63556431532B76576464626D316E566D3754576D765637624D55646158387633362B68376D4E49414464796142693753524F586D58474850636A5766646D4B6458397639654E39767458747A6264356F626A332B556E75724B61675079486138394850384774745972526E314D2F2B6373526D70396C6F3635746F4466346C5866632B31335239764E6A624C742F6D6A73566D7535744E4F724F66536376307234366C505444376E4D7372586D74706559397257696B5A6E37627048616B334E5A77335267354D47614F42574E5843314A71726475476333377A37665837782B764F2F3339656C7671577331572B71795A682B5854454639454E5A324F3137746A397039546438667A626D45334E6F446638617266333939763732336C747636366C6E4D3171743157627650356467316E335A6474376258357653315757385531356732546562636533306D333249646D2B56726A6259484B513351774B3170344F4A4D5648397A4476425A666A592B717A38326E2F56626E4D32744E6664744C356D4364767A5A612F5377544B374E71653361542F355334396F4466386172667A397237376B66372F743176646E594C4A2B352F586A66723358395750714A7164305431356A655638506D6531445341413038466731636C496C714434674B7676587A71766D2B33632F4C654A316232786E763436776D2B5262374F512F6448356D4350512F4B57356D7A397344667971746475786D543064676F312B62332B6462506137622B6146357136397A61726E4E615076553158335048744E65595072536D7265654253674D30634B736175436754646175516A336C66573033424D512F4E61363564652B446A6466782F70626647394269397176567770414561654D7761594B4B65584E5947594171654E515672443379386E755731785443764D58334D4E3054762F624C756836364836334870476D43694C74424574596563313263594C4730694A6F714A57744B484D513968477143425532714169626F774533584B6933324C617A4F626E7A47627837433452533134547836574E45414435395941453856456E667950356338746173647A4936554247714142476A69484270676F4A6F714A6F6745616F4145616F414561324B45424A6D6F4874484F34573866774B596F4761494147614941474C6C73445442515435644D4844644141446441414464444144673077555475672B575277325A384D58422F5868775A6F67415A6F34427761594B4B594B4A382B614941476149414761494147646D694169646F4237527A75316A463869714942477141424771434279395941453856452B665242417A5241417A5241417A537751774D585936492B372F4D2B3733447369304F2F624966752B72672B4E4541444E45414474367942697A4A5268794E2B6D754861636D487537753665716576372F52707234333339592B732F4A4A396A316A716D39707A58704A3358316C6339722F37393950316157397462363971637672627631335854726A57316E664852756E564D32774F54426D6A674D576E674A6B3155752F6E6E31562F4D32594D686457766A7158754D7362494A33793178784370724A593571616D3572585A317A6A766257382B72725276325779327432377632385756334C393756396630764E614D356F33744A3547504E51705145617546554E584A574A65765856567739766539766244753939373375662F75707637614B4D48674239727657337674614F642B766A506276522B3931544D35717A395A714D3574627A3674664A57504A39502F6B61557A4F4B7257365537334F3172725A623356712F72745858317248616E7458312B62562B58624F322B336C31544E73446B775A6F344C466F3447704D56417A5569792B2B65506A30707A2F39594361715875694865444138784272316E4F376266716A7A3262724F57743173664A5A7637333970624175664F6E2B746E66452B7A6F3754366C4B626D6C452F75635338722F54376D4C58366D4C6F2B332F646E6458322B3962652B7468366A72395033514B5542477268564456794669656F4E5650765471646E66524D3065434C6D412F554F6B356D647A5A334D7974385A6A6175753855375566366E7932724C4E55303859796E6E614E3766326E33375049764F543766764B7A574F7533744E7336745736326271314C2F5A6259616C4A583178376C366E694F6C2F6B31317271316457626A73337864753761507261397A7454315561594147626B45444632576932712F7032712F726D6D6E4B7A3868414C5A6D6F656C48366D337A665432334C7A385A617A644A59316B68643175726E4A4A2F3632742F534873336265737936667459354E7259316C75625559367A564C7133546A3433574775583665625666362F7432362B63316D31507A66627466723435764857747A5570745931366E7472654F7462766171787A746D37566F3757364F7630666567704145617547554E584A534A61722B6D61372B7569354761476167744A716F2B5148494252772B6735477239714A3031316D4C57713355313137647250334E61627061764E5776744E6A35614A2F4F4F695576725A437A786F59376231717472356E78487559794E59713366306A376D2F4766723957764D366C712B6A6D56656E3876376D75557A3373652B76752F582B6A593265745761326C356171395A7065346A534141336371675975796B51316331534E56444E542B52756F66444F564F5074315872745175626E5034756869707662597362352B7445374E7A6470316E5672543539745958686D72396258647876742B356877625A2B7655664733337832356A57313931626C317A4E482F4C2B2B6A58794A785A7668342F74624F594E59364A7254617648437639784C586A7A636237664675763576702B78704A503750507031396A58316A4674443030616F4948486F49474C4D314856534D304D564B755A6D61683659362F74646A485454367758754F575758725632715431624F3350716547316E764D58373550753566623865353968325861753161333932336E334E724735324C76656433782B76726A647239334E6D35356136756B357964553462373276363861582B317246613139716A5934357966573171457674312B2F7252754A77484B413351774750517745576171487A627442526E4A71706574506F51714F3157733961667256507A6F335A624E3638363375665362334655312B645430382B623957663179652B4A7333504B576D766A725735576330782B5670767A714C4856316C66476B6876314D395A69786D6478533032623239666C474C4F782B783576744F3539632F57632B7664547837513950476D414268364C4268364669636F4471342F3149693839464A6247366871506F623345596D6D7373576E6A61362B6534576A4E556136666436372B316E4E4A5859747035787954717A466A66657A6E397550707A2B72362F4B6966584974705A39305752376B367275304253674D30384667306346456D716E3237644D78723753497433657A37736236667456742B4E70596138625562786E30356A65596E312B4C7339547A35352F786D3531445065616D6D6A745531362F79316474616F383175757A6B744E48315054352B7638305A69636879554E304D426A317344466D4B6A4866424738647A636847714142477141424772672B44544252543637766F746C6F72686B4E3041414E3041414E5048384E4D46464D314F6F665439756F7A332B6A7567617541513351414131636E6761594B43614B6961494247714142477141424774696841535A71427A5366426937763034427234707251414133514141326357774E4D4642506C3077634E3041414E3041414E304D414F445442524F364364322B6B366E6B39584E4541444E4541444E484235476D43696D436966506D6941426D6941426D6941426E5A6F67496E614163326E676376374E4F43617543593051414D305141506E317344466D4B686A2F715879314A34626C75505A6F445241417A5241417A524141394841525A6D6F70662F443458367347616D38696258592F393967724E57333863784A3344706E3666382B5938736171526B64643554723632744E62616575786E3638373964616254634E4771414247714142476E6857417A646E6F706F5232507061456B4D31464C57644F614E6A5A4B79506F396F2B4E35717A4A5A65616E474E6979396432726375786B3073633157644D6648626A344945484464414144644441565A6D6F563139393966433274373374384E3733767666702F314878534D42626A55437469366C59692F56346458374E4C3758374F58322F7A7533482B7636737474625664713176376448594B4E6650303366546F4145616F4145616F4948584E4841314A696F4736735558587A78382B744F666E70716F505264325A42354775627232326E697454627566302F64625863765656334A5A59366B2F6D74666E736B374C5A36316155397570466430776159414761494147614F444E4772674B45395562715062335557742F4531584E514E2F7568644447742B527154622F6D71462F725737732F5474395066664931746E622F7970717053372F47555875307A716975356277776F4145616F4145616F4947784269374B524C566630375666317A58546C4A2B52676470696F6F363534434E544D54496D6463303658764E4C3758354F33382F6335424F547237474F72625872654E5A494C72486C5A2B334D456365624342646361494147614F427861754369544654374E5633376456324D314D78416E634A455A515045534353326647333364656E5059707537395A5531637277612B7A5653322B4B6F72732F33395857396A4757644F6A646A34754F3851626A75726A734E3041414E7A445677555361716D614E71704A715A79743941355A7570784E6D7638366F35574774484743507A6B46786961684F5462334832536D316935737A364C563972306B36637A63763457717A7A613231726A313670462B63624342747361494147614F44786175446954465131556A4D443157706D4A71714B4F5559687562342F797465615762764E79316869316B6F6335667463332B2F6E5A6A7978482B2F37715A76465672396C724E626C474F4C6A76556D34397134394464414144597731634A456D4B7438324C6356546D4B686D4D47596D492F6B6D70466D3769717A5739484E533139636B3339663364624E2B792B655674667261706679734E6E504538536243425263616F414561654A776175466B544E5449454E5464727434315178394B76756237642B714E583356523154764B6A5849375878333739724E485862636E584F6150366D744E2B6E44634731393131707745616F49463144567955695772664C68337A476C33676D493352574D746C5041596D4D66563976382F333433322F723838786B3639784E4C666D306B374D334C582B364A683735755234347670477767676A47714142476E683847726759453056386A30393872726C7254674D3051414D30634D3061594B4C3867354C2B515530616F4145616F4145616F494564476D4369646B43375A746673334833716F7745616F4145616F4947483051415478555435394545444E4541444E4541444E4C424441307A55446D67632F4D4D3465427878704145616F4145617547594E4D46464D6C4538664E4541444E4541444E4541444F7A5441524F32416473327532626E37314563444E4541444E45414444364D424A6F714A38756D44426D6941426D6941426D686768776159714233514F50694863664134346B67444E4541444E48444E477267594533584D76315365326D734737397A644F476941426D6941426D6A67756A567755535A713666397775423972526D704A6650332F7A636C5337576873792F792B70752B5031723231334F67396A334C316666666A66622F57317662577573785A716D396A3964586D31483761576176474E6C62377462303056757530722F764736667135666A5241413030444E3232693869436378515A674E44624B6A7A5A4D2F3844732B364D35743553627664395A50752B39482B2F377261376C747237323176666E30352F48724E2F6E7330374F6F2F61313357687067415A6F34485931634A4D6D716A376B31746F5A727A4874434C2F767A2F4B3172725A546630757876622F2B6C66633379376678475A645A506D736547396657712B4E704A2B5A596F33374C3156662F6E766F3557557538335A756F612B76613073446A3163444E6D616A2B495662376F335A79733967325238617955644A5037504F6A4F616E7059373947503337752F74627A3665765354387835722F566E64533366357136394D6A2F314E57597335354259612F70636637782B6A54703379316871784D64376B335874585873617546304E334A794A716D4C744835436A736454307364586D6756726E4A56396A786B64725A4777574D32633266753738317650703631712F7A37567A72376E614872327666727A7639334E4734793358762F727A71503236526D33586D7254376457752F3161517562664632623579757257744C417A54514E48437A4A716F2B45477337776B2B7550676A54626A555A373975316E2F72557070396A724D58554A396236506C66375739705A713961325850714A715673627133577072626D325876716A646E493537696A32363435712B6C794F4F59717464705166486166506A66705A71312B33396D733739614B624C5133514141336370675A75306B545642316E666276302B313853645844386534576538723831347A646663577275756D39716136397531582B746E2B56717A316D376A6F33557972385A5731372F36386158312B7550302F6272574D6532734D34745A4B2B5031484675756636552B64615078305670316E765A74336A786456396556426D6A674A6B33554D634C4F4133415536774F7A72746E585A697A35394C6645305A79616D3758723272576D7A37657876444A57363275376A6666397A4F6C6A587A6672392F6D73302B66376673366C35576576724A57594E55623157612B7672666B362F3569367A4B74725A62376F4A6B73444E4541447436754252324769366B4F7569626E3230353746767237324D796362704F386E7678524863327075317135723170706A382F3363766C2F58712B322B72752B6E647054666D73736166527A4E3732746166366D756A71553969316C374E703738326A477A6A6E69374E3154583172576C6763656C675A733055586D6F4A545A523133627474337A2F71754E39752F5A6E61396161316C35363157505875755354533339307A49796C7473614D5A6436736E7A6E3965504A397A48724A392F326C2F4B69327A37582B316C633731746261484B66576A38343164526E4C4D555A7856464E7A327374374142393861494147726C55446A385A4535514C6C34646A4830666A6F5164767136747A5531487A667A74713346504F2B617879397637444B574E3966793263386354592F347A5575315937475771376D613775746D333771307439367A46716E37614642417A5241413965766759737955666E2F784E736152774C7348327A31675A663261463666712B7630376156314D6C626E394776665172392F6636502B4B46666665787650712B5A4837645431613435716B317571485933644E39666D6A3962492B596A5866384E304456314447714342716F474C4D564831704C534A6C415A6F67415A6F67415A6F344E4931774553742F4D335370563941352B636D51774D3051414D305141505052774E4D46424F312B4966764E75627A325A6934343034444E4541446C3638424A6F714A59714A6F67415A6F67415A6F67415A326149434A3267484E7034504C2F33546747726C474E4541444E45414470395941453856452B665242417A5241417A5241417A537751774E4D3141356F703361323176667069515A6F67415A6F67415975587750486D71675858337A786348664D68543332414D657372666279426559617555593051414D3051414F33716F466A5063357A4D3146622F77484F5772643230656F2F6A446872393274737265766E39663236546A2F572B6D766A6F7A6C79626C513051414D3051414D306344344E584A574A4F687A7830387A556D70437155616E744E712F765A363261722B324D62343162356D367032586F38646566625646686A54514D3051414F5051774F50316B5431427158766A7A5A41587A507274337A2F36746572632F76617058362F6A76376A324B6975732B744D417A52414135656E675A737955612B2B2B75726862573937322B47393733337659653262714A69594A634F536D67683371642B505A55364C47577578663433716171374F372F50366C3765685842505868415A6F674159656A775A75786B5446514C552F32767230707A2B39614B4A695A4B7251713947702B6254337A4B6C7A3030374D38644A5037504E395033586934396D6B7272567254514D3051414F58715947624D4647396757702F4F7258316D3667494D32596C4D666B576B30764D574F76337556706636394A4F484D327259374F3155794E65356F5A795856775847714142476E6738477267594539564F704C353645545A543148354E3133356431307854666B59473671464E564D366C4E7A3539503355745A697978357670323572586157702B36507066364669737A37576331684163654E4541444E454144657A56516E37577A646C74374E6A624B6E2B79664F4667376B57616932712F7032676E45534D304D31446C4D314D6A7756474178506F6B5A537A2B78355673372F63525266542B5747764878664F70787256317247714142476A693942745938536137423172725550316354316378524E564C4E544F56766F504C4E564F49787638367235715332383659544D3962486A5063786454576658474964612B302B332F6637657633546279614D4D615942477143427836574272655A6F613133303839784E564456534D77505661683743525055473570682B61684D444D484672666C6158646354487462466462396562426D6941426B36766761336D6147746472746C466D4B6838323751557435716F33715455666D3033414D663061323174422B5239636C6C44505031477768686A47714142476E6838477468716A72625752554D335A614A4752716139305A62504B3238382B6470504C72565A4C7A473174642F586A6D7153792F7131722F33344E724E72377072544141335177486B31734E55636261334C395875754A7170397533544D4B7963746E6C6438654F4E4E417A5241417A52777A527259616F3632316F5846637A4E524F514852787151424771414247714142476A696C427261616F3631314F56636D36676E68526777694C6441414464414144647969427261616F3631315966547A502F384C446E667062496C62443743316273737831646A554E4541444E4541444E454144657A5777315A4E73726374352B43624B4E3146482F6575734559376F5A6B59444E4541444E484174477468716A7262573558307A55557755453055444E4541444E4541444E36324272655A6F617830545A6350633949614A774557666C476D41426D6941427261616F363131305A52766F7067705A6F6F476149414761494147626C6F4457383352316A6F6D796F6135365130546759732B676449414464414144577731523176726F696E2F6452347A78557A52414133514141335177453172594B7335326C6F58452F585353792F354A773443512F527068515A6F67415A6F67415A7554774E627A644857756D694569664C703436592F6655546F34724D337858653834783048722B7468514C2F50366863505049375677465A7A744C5575783265696D43676D366846716F426B6F502B63686B4A76743374697531643635356A45624E504361427261616F36313134637045506349486143362B2B48687673457A55655178554F3072625A2B3938357A7433766470634A757278376C503336496537396C764E306461365842736D696F6E794B666352616F434A4F722B4A2B74536E506E55343574574D4678503163412F525050544578386C30717A6E61576863645861534A75727537322F786733316F377168766C4171624774626F32767661713637563258624F32557A664B39664E5375785A6E6138336D48567666723350732F4C5836746646362F4B32316F37705272713039796F39794F592F5232436858363976343069753144785566776B5331387833397A504B6A327365516139657347614B662B496D664F4F72465244334F682F314437584872504B756672655A6F61313334586F534A616A66646E46434C612F31614F3672767832744E5862753252334F53323170335448316473322F58667461736357323831726232513961337465717250395A4448792F72482F4D657474536D4A6E48707647764E31765070352F543972444D36626C2F62392B766376653365524C566A724C316965455A31625779576E34333139566E2F316D4B375273305166664B546E337A54717A45593556754F6958723249626858362B62683244537731527874725975754C734A45745A4E704E354F63314B79647576376D4F2B7576725665506B3970523346715875567671613031723535553145705066456A4F6E6A3231756E3176714C3958587364717536395638612F657657747661612F58392F50517A4E2F32316D4F4F3275725632786E4F4D3947664879506773316D50324E624D31613736666339392B62364C576A4573376C2F356E6C4773316F337966572B76337837726D667274577A5242392F4F4D66662B6256474F54566A37552B452B5868663939396276356E4E4C5456484732744339754C4D5645356F5262626A615832522B315A7A536866633630396534324F732F563836747836764A725057765834795933715A6D4E393756726430766E635A3632735739395062532B745865765372765574562F74705030532B7270466A6A3249375A73336E484A4A507636365858474B643337647254646F74397576312F5671377433316645315866537A5534532F6D2B62716C6678363639336135524D3051662B396A48336E6856546D6E5838645A6D6F6A377A414E7972632F4D776A4161326D714F7464566E33496B785562694A4C4D53656332477254727248505A3831574D78717263314F544F5775786E35742B66357A6B612B787252736571395676626F33566D7562706D505A395A753955766A57573957704E63346D68736C4F75504E65706E7A6157786675335754793478362F5439705879743764757458334F6A3836766A71562B4B4F5A6645314B5A2F624F784E564674763661654F70373031746E56623764707236666A58504E617554544E45482F3777683439364D56454D774C4837577631634D31764E30646136734C3449453557546D6356323878324E39666D2B6E7A6E48356A4D766354612F6A62657872612B736C336D315032747658587674484766724A312F6E31335962722F335772712F4D723747766E34306C582B75545331773756757061374E66702B366C39694878646F375A6E782B68722B6E376D6A643548485575377A5639614933577A65423854465550546A6A2F36476558373346702F744F363135746F316149626F78333773783435364D56487A422B4A4D312F4B597A54537731527874726374786D4B69562F37793933657762724D534157347062616C744E36744C75342B77596D546362722F6E554A746178745075787058346432394A7578306864597333313758704F745435316653373147562F715A327932786C712B6A532B397376365763786B644B32746E2F71696D48754D2B375A474A7976466E735A71595755334E392F5848394776747462666264577147614D2B727A573358366A3758326C7A476767596579522B57317874773335364A6F4E573173635252586362364E66762B32747A522B436958343833476374794D6A2B7237584F3358647461597864516D6A757236736237663569535857484E5A4D324F4A652F4A746275596E6A746270783059317966557863317463656D566536744E76635A53626A5939716B327378727A6F2F3759796C50766E377870474A4F71565A7165396A316A376C385A2F6E327531613556756C59363562356A4252544E4178756C45373173765762356932316F587A565838546C546578396F435A6A632F7973335858366D667A6B712B78727458616F396378396255323758714D6C75763765334A316A647175612F58354F746261656155754D666E4550742F33553966487462725A2B464B2B6A71576432422B2F396574596261643253323555552B63766A6164754675396A6F74707874373569586C70392F566E723139707262376472304178522F58656952767A716547737A555A2B35563878304C492F52566731734E55646236334C63717A645237576255336B7869336C694E7337465A506E503738623666756A357571617331745A32312B6C7A743133627152374776362F756A4F533233564E6647366D7530526A382F2F63522B7A746238724B36756C3572454F7062326247795562376B2B6E3335693171307859346C74724C587A71725670313972555A367950532B76307461502B486850566A6A6E3757527072632F7278746637734F4E6559622F79624965722F50616A47494B392B7A4C38547852794D39713363666C31734E556462363349744C734A45355561794648504369616C4E763856524C766C616C336172543775507337465A7673342F747162566A31355A4D2B76314D654F6A6D4E702B624A617664557331646179326C2B62587574724F6E50766B366872394F713366353172394B4C65557A7A46474E614F316B6B7573383266745565306F4E35742F6250346854465137762F7A4D327150786C7176316F33376D33554A733136615A7145393834684E76656A554F6F337A4C2B535A712F77507A325032672F765A5A627A5648572B75696D59737755546D5A575777336D6F79316475306E58324E664D36736635667535646432305A7A584A6A39624E33425A546C39796F50726E4557707635665279746E586B315A6C374E31626E394D66753657542F7231766D316E574E6B2F71692B72306E744C4A3831616C3366376D7636633072394C4C38325874667631386A594B47355A4E7A55504858735446534D7A4F732B6169366C707566786B505030572B2F45365674755A572B76722B4332303237567268716A2F643644572B6B7A5537542F594833706657322B756D61336D6147746457462B466963724A696E4F425949504E4D526F596D6168624D4379582B4237616C534549434141414941424A5245465564576D47794439785949386573306656507178657470716A72585735506B78552B55506E5142456656727834586835504A7570386471767076356D6F5061383274313072652B6A7939704272636C33585A4B7335326C7158363839454D5646753049395141307A55655531556272683749684E3158512F72506466596E4E4E663436336D6147746472686B54395167666F4C6E3434756B33377155796267396D722B7468634B6B36636C3650397835796264642B717A6E61577066337A3051785562364A6F6745616F4145616F49476231734257633753316A6F6D7959573536773054676F6B2F4B4E4541444E454144573833523172706F796A64527A42517A52514D3051414D3051414D3372594774356D687248524E6C77397A30686F6E41525A394161594147614941477470716A725858526C472B696D436C6D69675A6F67415A6F67415A7557674E627A6448574F69624B68726E7044524F42697A36423067414E3041414E62445648572B75694B6439454D56504D464133514141335141413363744161326D714F7464557955445850544779594346333043705145616F4145613247714F74745A46557966394A7171646A4263474E4541444E4541444E4541447A3173444D54354C735A336A306E672F646A4954315239493379634247714142477141424771434253395941452B5858644565353645735773334E7A7336554247714142476A696E4270676F4A6F714A6F6745616F4145616F414561324B45424A6D6F4874484F36584D667971596F4761494147614941474C6C4D445442515435644D4844644141446441414464444144673077555475672B5552776D5A38495842665868515A6F67415A6F344A7761594B4B594B4A382B614941476149414761494147646D694169646F42375A77753137463871714942477141424771434279395141453856452B665242417A5241417A5241417A537751774E6E4D564874494634593041414E3041414E3041414E334A6F476A766D57384F682F736679597864566535746556726F767251674D3051414D30514150333138425A546454643364336D72786472625776586C77742F2F7775504959593051414D3051414D306344384E6E4E5645745974567A64486F347355733162453670375A726A66623968494166666A5241417A5241417A52776E415A4F61714A69694C6245584C695253617135327334633862694C6A6864654E4541444E4541444E48422F44587A5A6C33335A34653555494C63616E6C7258326E6D313836706A366665355535322F646538764D417778704145616F4145617546554E6E4E524537594847494E6C736533526A44743351414133514141326357774E6E4D5648355A6D6B552B7A646361397059376166647A39473363576941426D6941426D69414273367467614E4E314E712F42374831445452444E4B6F64355775757475763874664D79377438796F5145616F4145616F414561574E4E4139525A723756306D616D33527466475A4557727A4D705A596333313737546A4766537168415271674152716741527259716F466D734C6257747271546D71686D684C612B63744B7054372F46474B72454F715A74633941414464414144644141445479454269374B52493365304A495247686D6F724C45304C7A5769545551444E4541444E4541444E4C4258413164746F74716248706D6C35424C33776A48507871494247714142477141424770687034474A4E56444E416563314F76755772555272566A334A4C36786D7A57576941426D6941426D694142725A6F34474A4E314A61545630506B4E4541444E4541444E4541447A307344544E5154346E7465346E4E6332714D42477141424772686D44544252544E52522F336E6D4E5976647562745A3077414E3041414E504B51476D43676D696F6D694152716741527167415272596F51456D616765306833537831764B7069415A6F67415A6F6741617555774E4D4642506C3077634E3041414E3041414E304D414F445442524F364435784843646E7868634E39654E426D6941426D6A674954584152444652506E3351414133514141335141413373304141547451506151377059612F6C5552414D3051414D30514150587151456D696F6E7936594D47614941476149414761474348426F343155532B39394E4C6837686A48664F77426A6C6C623766484F2F653472336E6677776F414761494147614941476C6A577778574D63363347597142314F646375464F46644E327A522B45454141415151515147424F6F443072747A79586D6167724E3056624C6E4B7459614C6D6D38594941676767674141436A51415439636A4D5554564B5332306D7967304341515151514143425A514A4D46424D312F437153695672654F45595251414142424242676F70676F4A7370394141454545454141675230456D43676D696F6E617358464D515141424242424167496C696F70676F397745454545414141515232454743696D43676D617366474D515542424242414141456D696F6C696F74774845454141415151513245474169574B696D4B67644738635542424241414145456D43676D696F6C794830414141515151514741484153614B69574B69646D77635578424141414545454743696D43676D796E30414151515151414342485153594B43614B6964717863557842414145454545434169574B696D436A33415151515141414242485951594B4B594B435A717838597842514545454541414153614B69574B693341635151414142424244595159434A59714B597142306278785145454541414151524F5A614B2B374D752B374844333541694438736F7272777766357365736F66624A677A4673777643444141494949494141416E4D43544E5152527538786D54516D617235706A43434141414949494E41494D46464D315044624B79624B44514942424242414149466C416B7755453856454C6538526F776767674141434341774A4D46464D46424D313342715343434341414149494C424D346E596E36516E39596673312F512B585865637362787967434343434141414B6E4D6C4666387261667955517855545959416767676741414374307667564362715A2F374D747A4652544E547462687A76444145454545414167564F5A714C642B6F58386E6176693352746469725077367A38304241515151514143425A514B6E4D6C482B736330722F344E314A6D70353478684641414545454543416962707973334F71623761594B44634842424241414145456C676D63796B5239316D64396C722B4A4F7058424F636536544E5479786A474B414149494949444171557955582B64642B546463544A53624177494949494141417373456D4B67724E7A756E2B6C614B695672654F45595251414142424242676F70696F34583946794553354F53434141414949494C424D67496C696F70696F355431694641454545454141675345424A6F714A59714B4757304D5341515151514143425A514A4D464250465243337645614D49494941414167674D43544252544251544E6477616B67676767414143434377544F4A574A65756D6C6C2F7737556166364C2B664F735734546868384545454141415151516D424E676F6E7754355A756F2B6634776767414343434341774A5141453856454D5648543757454141515151514143424F51456D696F6C696F756237777767434343434141414A54416B775545385645546265484151515151414142424F59456D43676D696F6D613777386A434343414141494954416B7755557755457A5864486759515141414242424359453243696D43676D6172342F6A434341414149494944416C7745517855557A556448735951414142424242415945364169574B696D4B6A352F6A434341414949494944416C4141547855517855645074595141424242424141494535415361714D31463364336548396A72482F37584B4A522B6A43634D504167676767414143434D774A584A324A69736D703861484E79436C4E564D34373535782B4830666A795A306A4D6C487A54574D454151515151414342527541715456517A45544536695139704C4536785A6A322F757636783762724F4B64744D6C4273454167676767414143797753757A6B54464F46547A6B64784478564F7533633678726E397375332B50625835646F782F66323265696C6A654F5551515151414142424737475246557A5564737845614E634730752B785670627835496635544A2F4E46626E3166626F5748562B48552B2B7A712F746576796176322B6269584A7A5141414242424241594A6E417A5A696F5A68706D68714B616B6D50617454627278357A55736461752F64544D5971306474577575502B35737A59664F4D31484C4738636F41676767674141434E3265695A6D6169475A4F3855744F626C5A6F666A57562B597131506530757361782F6233724C2B513951775557344F43434341414149494C424E3446436271574B4F532B7353596B72362F6C733934482B7336783762625776326332752B507462665052433176484B4D49494941414167686370596C71706947766D4954305A3461696A74656135507431616A2F74466C4F664E66702B725631715A31357130682B74573866533775656C2F31435269584A7A5141414242424241594A6E41565A716F687A494B316E6E7978682F5439797959714F574E59785142424242414141456D717673587933737A38566A37544A53624177494949494141417373456D43676D6176687446424F317648474D496F41414167676777455178555579552B774143434343414141493743444252544251547457506A6D4949414167676767414154785551785565344443434341414149493743444152444652544E534F6A574D4B416767676741414354425154785553354479434141414949494C434441425046524446524F7A614F4B51676767414143434442525442515435543641414149494949444144674A4D46425046524F33594F4B5967674141434343444152444652544A54374141494949494141416A73494D46464D46424F31592B4F596767414343434341414250465244465237674D494949414141676A73494D42454D56464D3149364E59776F434343434141414A4D46425046524C6B50494941414167676773494D41453856454D5645374E6F347043434341414149494D46464D4642506C506F414141676767674D414F416B775545385645376467347069434141414949494D42454D56464D6C50734141676767674141434F776777555577554537566A343569434141494949494141453856454D5648754177676767414143434F77677745517855557A556A6F316A4367494949494141416B7755453856457551386767414143434343776777415478555178555473326A696B49494941414167677755557755452B552B67414143434343417741344354425154785554743244696D494941414167676777455178555579552B774143434343414141493743444252544251547457506A6D4949414167676767414154785551785565344443434341414149493743444152444652544E534F6A574D4B416767676741414354425154785553354479434141414949494C434441425046524446524F7A614F4B51676767414143434442525442515435543641414149494949444144674A4D46425046524F33594F4B5967674141434343444152444652544A54374141494949494141416A73494D46464D46424F31592B4F596767414343434341414250465244465237674D494949414141676A73494D42454D56464D3149364E59776F434343434141414A4D46425046524C6B50494941414167676773494D41453856454D5645374E6F347043434341414149494D46464D4642506C506F414141676767674D414F416B775545385645376467347069434141414949494D42454D56464D6C50734141676767674141434F776777555577554537566A343569434141494949494141453856454D5648754177676767414143434F77677745517855557A556A6F316A4367494949494141416B7755453856457551386767414143434343776777415478555178555473326A696B49494941414167677755557A55314551316358686851414D3051414D3051414E7A44547A5A34434E656565575634624E324E76656C6C313436334D3047522F6C6A447A4261512B374A5552634A4C37786F67415A6F67415A6F345051614F4E626A4D4645626E436E686E6C363447474E4D417A5241417A54777644584152444646767557694152716741527167415272596F51456D61676530352B313848642B6E4C78716741527167415270342F6870676F70676F6E7A356F67415A6F67415A6F67415A326149434A3267474E2B332F2B377438316341316F67415A6F67416165747761597145646D6F7437786A6E63637644436741527167415271676757554E6244466F544E516A4E46482B4754554545454141415151516D424E6F42704F4A656D51476163734662384C77677741434343434141414A7A416B7755417A563030557A55664E4D5951514142424242416F4246676F70676F4A7371394141454545454141675230456D43676D696F6E617358464D515141424242424167496C696F70676F397745454545414141515232454743696D43676D617366474D515542424242414141456D696F6C696F74774845454141415151513245474169574B696D4B67644738635542424241414145456D43676D696F6C794830414141515151514741484153614B69574B69646D77635578424141414545454743696D43676D796E30414151515151414342485153594B43614B6964717863557842414145454545434169574B696D436A33415151515141414242485951594B4B594B435A717838597842514545454541414153614B69574B693341635151414142424244595159434A59714B59714230627878514545454141415153594B43614B695849665141414242424241594163424A6F714A59714A32624278544545414141515151594B4B594B43624B665141424242424141494564424A676F4A6F714A3272467854454541415151515149434A59714B594B5063424242424141414545646842676F70676F4A6D7248786A454641515151514141424A6F714A59714C634278424141414545454E684267496C696F70696F485276484641515151414142424A676F4A6F714A6368394141414545454542674277456D696F6C696F6E5A7348464D5151414142424242676F70676F4A7370394141454545454141675230456D43676D696F6E617358464D515141424242424167496C696F70676F397745454545414141515232454743696D43676D617366474D515542424242414141456D696F6C696F74774845454141415151513245474169574B696D4B67644738635542424241414145456D43676D696F6C794830414141515151514741484153614B69574B69646D77635578424141414545454743696D43676D796E30414151515151414342485153594B43614B6964717863557842414145454545434169574B696D436A33415151515141414242485951594B4B594B435A717838597842514545454541414153614B69574B693341635151414142424244595159434A59714B59714230627878514545454141415153594B43614B695849665141414242424241594163424A6F714A59714A32624278544545414141515151594B4B594B43624B665141424242424141494564424A676F4A6F714A3272467854454541415151515149434A59714B594B5063424242424141414545646842676F70676F4A6D7248786A454641515151514141424A6D7242524E33643354316A4D50722B6B345735317A3757684F45484151515151414142424F5945627435454E654E7A6A506C4A2F576A4F4B42657A564F66313764526355325369357076474341494949494141416F3341315A6D6F474A6B2B4C686D553143375639474F6A4F614E6350362F326A366C767462552B2F54356D2F5A70503769456A452B55476751414343434341774449424A6D72794B376B596D6D70572B76615361636E38705A702B724D3435747432766464382B453757386359776967414143434344415248556D716A644B5738784D62316A716E48357371562F6E486476753132337A367872392B46716669584A7A5141414242424241594A6E417A5A6D6F6B586C49376868546B6472455A6A706D37643651314C702B624B6C66352F587431712B352F6E7A3664556631666331536E346C61336A6847455541414151515175446F5446664D774D676E565A4778707A307845316B354D33576A4E3147794A57576357522B7533327551544D372F764A2F38516B596C7963304141415151515147435A774E576171476F7559687161716169766D682B316B2B746A316D6A35744565786E35642B713033376D466A6E4864732B356A686261706D6F3559316A4641454545454141675A737A55534F444D444D6B5337575A6B3968715A2B312B6E5672586A7933313637786A3236507A7132737348586330786B53354F53434141414949494C424D344B5A4D564978454D772F56514B52666379506A55484F6A326C47757A6B6C37613133716132787A362F7A306B367639555474725A537A3959794D54746278786A434B4141414949494843564A7570595137436E5071616C7A68336C366E6A61572B745366346D5269584A7A5141414242424241594A6B4145395839457763784E434D6A4E4D716C767355326E6C664E58324F62695672654F45595251414142424242676F69596D3668714E7A304F654D78506C356F414141676767674D41794153614B6952722B6C34524D31504C474D596F414167676767414154785551785565344443434341414149493743444152444652544E534F6A574D4B416767676741414354425154785553354479434141414949494C434441425046524446524F7A614F4B51676767414143434442525442515435543641414149494949444144674A4D46425046524F33594F4B5967674141434343444152444652544A54374141494949494141416A73494D46464D46424F31592B4F596767414343434341414250465244465237674D494949414141676A73494D42454D56464D3149364E59776F434343434141414A4D46425046524C6B50494941414167676773494D41453856454D5645374E6F347043434341414149494D46464D4642506C506F414141676767674D414F416B775545385645376467347069434141414949494D42454D56464D6C50734141676767674141434F776777555577554537566A343569434141494949494141453856454D5648754177676767414143434F77677745517855557A556A6F316A4367494949494141416B7755453856457551386767414143434343776777415478555178555473326A696B49494941414167677755557755452B552B67414143434343417741344354425154785554743244696D494941414167676777455178555579552B774143434343414141493743444252544251547457506A6D4949414167676767414154785551785565344443434341414149493743444152444652544E534F6A574D4B416767676741414354425154785553354479434141414949494C434441425046524446524F7A614F4B51676767414143434442525442515435543641414149494949444144674A4D46425046524F33594F4B5967674141434343444152444652544A54374141494949494141416A73494D46464D46424F31592B4F596767414343434341414250465244465237674D494949414141676A73494D42454D56464D3149364E59776F434343434141414A4D46425046524C6B50494941414167676773494D41453856454D5645374E6F347043434341414149494D46464D4642506C506F414141676767674D414F416B77554538564537646734706943414141494949484171452F586969793865377034635956426565655756346350386D445855506E6B77686B3059666842414141454545454267546F434A4F734C6F50536154786B544E4E34305242424241414145454767456D696F6B61666E7646524C6C4249494141416767677345794169574B696D4B6A6C5057495541515151514143424951456D696F6C696F6F5A6251784942424242414149466C416B7755453856454C6538526F776767674141434341774A4D46464D314E52454E584634595541444E4541444E454144637731732B592F4F6A7630584350775442387A5A304A7874455A7561682F756E4B7244456B675A6F67416165767761594B4B61494B61494247714142477141424774696841535A71427A54752F2F6D37663966414E61414247714142476E6A65476D43696D436966506D6941426D6941426D6941426E5A6F67496E61416531354F312F48392B6D4C426D6941426D69414270362F4270676F4A73716E44787167415271674152716767523061594B4A32514C746D392B382F5A35332F35367A5959454D444E4541444E42414E62486E574D3147503045514E2F3255785351515151414142424242345371415A4B5362716B526D6B4C52653843634D504167676767414143434D774A6E4D70452F667A502F344C44335A61486457714F2F616F72383854542F4D4563457A58664E455951514141424242426F4245356C6F76794C3556662B375259543551614241414949494944414D67456D3673724E7A716D2B69574F696C6A654F5551515151414142424A676F4A6D72345233464D6C4A73444167676767414143797753594B43614B69567265493059525141414242424159456D43696D43676D617267314A424641414145454546676D7745517855557A55386834786967414343434341774A4141453856454D5648447253474A41414949494944414D67456D696F6C696F706233694645454545414141515347424A676F4A6F714A476D344E5351515151414142424A594A4D46464D46424F317645654D496F4141416767674D43544152444652544E52776130676967414143434343775449434A59714B59714F55395968514242424241414945684153614B69574B69686C744445674545454541416757554354425154785551743778476A434343414141494944416B7755557755457A5863477049494949414141676773453243696D43676D616E6D5047455541415151515147424967496C696F70696F346461515241414242424241594A6B41453856454D56484C6538516F416767676741414351774A4D4642504652413233686951434343434141414C4C424A676F4A6F714A5774346A526846414141454545426753594B4B594B435A717544556B45554141415151515743624152444652544E5479486A474B41414949494944416B4141547855517855634F7449596B4141676767674D41794153614B69574B696C7665495551515151414142424959456D43676D696F6B616267314A42424241414145456C676B7755557755453757385234776967414143434341774A4D42454D56464D3148427253434B4141414949494C424D67496C696F70696F355431694641454545454141675345424A6F714A59714B4757304D5341515151514143425A514A4D464250465243337645614D49494941414167674D43544252544251544E6477616B6767676741414343437754594B4B594B435A716559385952514142424242415945694169574B696D4B6A683170424541414545454542676D5141547855517855637437784367434343434141414A444171637955532B39394E4C6837736B52427557565631345A50737950575550746B77646A3249546842774545454541414151546D424A696F49347A65597A4A70544E5238307868424141454545454367455469566958723732392F756D3668724E6C314D6C42734541676767674141437977524F5A614A65665046464A6F714A576861665551515151414142424B365A4142506C31336E4476365079546451316232766E6A6741434343427744674A4D46425046524A316A707A6B4741676767674D444E455743696D43676D3675613274546545414149494948414F416B7755453856456E574F6E4F51594343434341774D3052594B4B594B436271357261314E345141416767676341344354425154785553645936633542674949494944417A52473443524E31643363334E414C39507A475175685A487237372B4D6665624D5077676741414343434341774A7A41315A6D6F474B486534437A6C59356A716E4C362B373966617839686D6F756162786767434343434141414B4E774B6C4D31476439316D656437682F6233474E34526E4F535333794D5A6D6E326E706B6F4E7767454545414141515357435A7A4B524A336C58797876356D6632696A6D495165706A5035362B2B4E722F69544554746278786A434B4141414949494841714533585362364A475269636D61545957733158484D7965784878766C6138307474356B6F4E776345454541414151535743567964695A6F5A6D316B2B5271654F7433623666617A31475576754D55556D616E6E6A4745554141515151514F42554A75716B763834626D5A745272706D656C712B7633676A4E357656316A363350524C6B35494941414167676773457A674B6B315544453031523330374E596D39576572722B2F484D65367952695672654F455952514141424242433461684E5644633653436171477163357037646D387A4F6E724830756669584A7A5141414242424241594A6E41565A716F6B66455A3561704A796E6A4D30536857673554786D6E744D62535A7165654D595251414242424241344F704D564D78516232686D2B64544E786D66357A4875736B596C7963304141415151515147435A774E575A714A69615A6E375758716C74635761575A766B36397A47326D616A6C6A574D554151515151414342717A56526A3948596E504D394D314675446767676741414343437754594B4B6576505976644A2F546F467A44735A696F3559316A46414545454541414153614B6954714D544230543565614141414949494944414D67456D696F6C696F706233694645454545414141515347424A676F4A6F714A476D344E5351515151414142424A594A6E4D70456665376E66753768627652726F6C6E756C5664654754374D5A2F5879702F31624C722F4F5739343452684641414145454544695669666F5A502B4E6E4D464858625053594B44634842424241414145456C676B77555836644E2F77476B496C61336A684745554141415151514F4A574A2B757A502F6D7A6652506B6D79675A44414145454545446764676B775562364A386B3355376535763777774242424241344951456D43676D696F6B363451617A4E41494949494441375249346C596E366E4D2F35484C2F4F382B75383239303433686B434343434141414A4D6C472B696642506C506F414141676767674D414F416B775545385645376467347069434141414949494D42454D56464D6C50734141676767674141434F776777555577554537566A343569434141494949494141453856454D5648754177676767414143434F776763436F54395A6133764D562F6E65652F7A74756853464D51514141424242433445674A4D6C472B6966424E314A5A765661534B4141414949584259424A6F714A597149756130383647775151514143424B79484152444652544E53566246616E6951414343434277575153594B43614B6962717350656C734545414141515375684141547855517855566579575A306D41676767674D426C455743696D43676D36724C32704C4E4241414545454C6753416B77554538564558636C6D645A6F49494941414170644667496C696F70696F793971547A6759424242424134456F494D46464D46424E314A5A765661534B4141414949584259424A6F714A597149756130383647775151514143424B79484152444652544E53566246616E6951414343434277575153594B43614B6962717350656C734545414141515375684141547855517855566579575A306D41676767674D426C455743696D43676D36724C32704C4E4241414545454C6753416B77554538564558636C6D645A6F49494941414170644667496C696F70696F793971547A6759424242424134456F494D46464D46424E314A5A765661534B4141414949584259424A6F714A597149756130383647775151514143424B79484152444652544E53566246616E6951414343434277575153594B43614B6962717350656C734545414141515375684141547855517855566579575A306D41676767674D426C455743696D43676D36724C32704C4E4241414545454C6753416B77554538564558636C6D645A6F49494941414170644667496C696F70696F793971547A6759424242424134456F494D46464D46424E314A5A765661534B4141414949584259424A6F714A597149756130383647775151514143424B79484152444652544E53566246616E6951414343434277575153594B43614B6962717350656C734545414141515375684141547855517855566579575A306D41676767674D426C455743696D4B697069577269384D4B41426D6941426D694142755961654C4C4252377A79796976445A2B3173376C766538706244335778776C442F32414B4D31354A3463645A4877776F7347614941476149414754712B42597A304F453758426D524C753659574C4D63593051414D305141505057774E4D4646506B577934616F4145616F4145616F494564476D4369646B423733733758385833366F6745616F4145616F49486E7277456D696F6E7936594D476149414761494147614743484270696F486443342F2B66762F6C30443134414761494147614F42356134434A656D516D796E2F4F4F762F505762484268675A6F67415A6F49427259597443597145646F6F6937726E7A527A4E67676767414143434677576757616B6D4B68485A7043325850416D4444384949494141416767674D436641524446515178664E524D30336A52454545454141415151616761737A5558643364323838394674373662586C47786331347A38345A4B4C6349424241414145454546676D6348556D71706D65474B6E45474B472B6E3777344E6B704C584A676A70574E2B4141414C62556C455156536F3559316A46414545454541416761733055586E3456394E5532786B586A7A645059635A4575546B676741414343434377544F416D5446517A555030725A6B44635A365359714F574E5978514242424241414947724D3148314736653045324F592B6E374C7439776F6E7A6E697332614C69584A7A5141414242424241594A6E41315A6D6F474B492B7869516C39715A6F6C752F723946387A55307A553873597869674143434343417746576171426964664C4F55324F665446352F396C6D6B4C4479624B7A514542424242414149466C416A646A6F764A4E552B49576F36426D62713659714F574E5978514242424241414947624D464578512F303355736D3379467A4E4456506C6C4459543565614141414949494944414D6F47724E46457853327378686F434A4F7335414E56354D31504C474D596F4141676767674D44566D61675970354578367365716964492B7A6B67785557344F43434341414149494C424F344F684D564D31514E30386851705534387A6A794646784F317648474D496F414141676767634C556D4B673937635A394A57755047524C6B354949414141676767734579416958707947684F795A6C4975665A794A577434345268464141414545454743696D4B6A44794E41785557344F43434341414149494C424E676F70696F71596C713476444367415A6F67415A6F6741626D476868394564486E586E6E6C6C65477A7471394C2F793176656376684C7030743864674462466C546A5639563067414E3041414E3041414E5047384E484F74786D436A666342336C75702B3377423366545A594761494147614F4255476D43696D434B6D69415A6F67415A6F67415A6F594963476D4B67643045376C614B33723078494E3041414E3041414E584938476D43676D79716350477141424771414247714342485270676F6E5A4138796E68656A346C754661754651335141413351774B6B3077455178555435393041414E3041414E3041414E374E41414537554432716B637258563957714942477141424771434236394841575578554F346758426A5241417A5241417A52414137656D67574E4D3739482F54745178693675394876667457726C574E4541444E4541444E4843634270676F762F377A65334D616F4145616F4145616F494564476D4369646B446A3149397A366E6A6852514D3051414D3063497361594B4B594B4A382B614941476149414761494147646D694169646F42375262647450666B5579494E3041414E3041414E484B63424A6F714A38756D44426D6941426D6941426D686768776159714233514F50586A6E447065654E45414464414144647969426D37575248337A4E332F7A7751734447714142477141424772684F4456794436627070452F586844332F3434495542446441414464414144567958427072785A614B6534362F4B3267577761613572303768657268634E3041414E3045445441425031484131556336394D6C49336F5A6B77444E4541444E4843644772687045335633642F664D313279315839744C583856747256746159326D4D6962724F6A654F4735377252414133514141336374496C71357157616F466B374A71654E62336D6C2F6945694532555475684854414133514141316370775A75336B5446364D7A4D55635A6258444A5A64617A4F75572B626962724F6A654F473537725241413351414131734E56485667315466554C3146626465616832672F79482B6456302B77746E4F434C62666C6C667148694579555465684754414D3051414D30634A306132474B6965722B522F69772B684C666F317A6A615246557A6C4D56797771316632317647522F565A5A7A6157645A6369453357644738634E7A33576A41527167415270344B424E3148782B78354445796472534A7973523659725032724C625631316671617378347A5233545A714A73516A646947714142477143423639544151356D6F35687571527A6E4752327970765A654A6974475A785A7A414B6439416A7446484A756F364E3434626E757447417A5241417A5277487850562F4544314A656E33507545682B76637955546D4261704A7175782B7662367076702F616849684E6C45376F523077414E3041414E584B6347376D75696D7065497A306A376F667846586565734A6D7232526D6247613553764A372F555A714B75632B4F3434626C754E4541444E454144397A5652385139395850494E6538627562614A79676A6C3433322F35506C6637745A30314D6D63325675746D6253624B4A6E516A706745616F4145617545344E6244465231537630667148326133766D4766626D64356D6F6E464469327346486453303379712B74745857636962724F6A654F473537725241413351414131734E56466250634770366F34325562337869526B6178586253746237573541324E63686D375432536962454933596871674152716767657655774D3261715073596D33504F5A614B75632B4F3434626C754E4541444E454144544E53544A382F386E78536630304331597A46524E7145624D513351414133517748567167496C696F673432373356755874664E64614D4247714342353673424A756F4354465337434634593041414E3041414E304D443161654463763848616337796A2F3742387A30484D6562362F327351666678716741527167415270346541307755632F35477A4F69666E685259346F7044644141446444414F545441524446527A2F552F41446948794233447A5A514761494147614F4155476D43696D43676D69675A6F67415A6F67415A6F594963476D4B6764304537685A7133705578494E3041414E3041414E584A63476D43676D79716350477141424771414247714342485270676F6E5A4138306E68756A347075463675467733514141335177436B3077455178555435396E45454464312F78766F505838517A57626E727665746537446C374C444E5959476D63756147432F4270696F4D7A78414358532F51472B4648514E31764946717A4E6175667A4E51482F7A674237306D444271664E596247335A396F594C38476D43676D796B33324442714969664C4133325A34776D7674357335454C664E6B6F76592F484E65305A787A627067456D36677750554A764E5A6F7370594B4B57482F7268453135726534654A5775624A524C6E33724F3068342F66544342504652506B6D3667776169436D4953524358482F3768745861445A364B574F544A523933744172756E504F4C354D31426B656F4461616A525A54304A756E7537753736642F7A6A4D6153532B7A587535562B654B33744853614B695672546948483333314E7167496C696F6E77546451594E78425445354D51454A535A66343267737563526166307674384671372B563237695772584D61395458442F6652444551613376492B503030776B53643451464B705063543653337769796E49677A49507A687262574F76586D725248593356753272572B6236656D7872376D557672687458627448394A455653367466553457707A6F65452B5865733761486A4E395049307755452B576271444E6F494B6167505A6A7241374F327434356C54754C57683333712B3768312F716E71636A35312F6642617538452F6C496E717A36487631334D375266745578324F6937766541584E4F666358795A71444D38514730304779326D6F44324132774E7A365A574864483277706A356A5761663274376272756C766E6E4C4A756444376874625A33546D576954766C2B5232755047497A716A73307855653439613376492B503030776B51785562364A4F6F4D47596772366832442F384B7A39745075594E56712B76704A6669316D76723874617964662B6C765A6F5873746C626D4C716C736243612B304766793454315A39372B6F6E3150665876713434743164653668326F7A55666437514B37707A7A692B544E515A487141326D6F3057553543485978366D4E626178317138316166646A6F3336745857725859365375357670323764663657623757724C58622B484364312F3976637462327A6A6C4D5644322F5537526E444D4C755070474A6375395A32305047373663524A6F714A386B3355475451774D6C4831345A6D486332496479304F306A6F3347553763572B33583674657034626464316C2F4A744C4B2F4D7166573133522F376A666F4C4D6C4535783633767158392F6237796E777157763666755A63392F49524E337641636C67344C656D4153627144412F51745974672F50593336716C4D564237736956736575714D486473334E326E5874576E4E7376702F6239397436346257324E3037315456513970314F304B374F6E3737643841396D5033616650524E332B765756746A78672F725161594B43624B4E31466E3045424D51523649655444334D654D745A697935745837716C6D4A6249362B2B72732B6E33324B746E65565430342F502B7250366C672B767451664151356D6F70386663774B612B6C37547233503439705A2B594F5333576558302B3966654E544E5270483642722B6A522B2B2F795A71444D385147326B323939496139633470694150786446444E474F4A71646E615439307478504261342F71514A756F577550587667596C7937316E62513862767078456D696F6E795464515A4E42425430442F6B65715055786D666653765331666239662B35723734625632673265692F4E2B2B72476E452B50314D416E374C2F4A696F4D7A78416958425A68492B4254307A424E52756263353537654B317067346C696F74593059747A3939355161594B4B594B4E39456E5545444D51586E4E434C58664B7A77577276354D56464D314A70476A444E527039514145335747422B67704C364331722B4D4745564D6776752B4E50787266776D4A4E333077554537576D4565505863592B383175764552444652766F6B366777613247415931627A5A59617A66575A714B386C686D734D54544F5A4E4441666730775557643467424C6F666F46696878304E3041414E304D436C616F434A59714A38453055444E4541444E4541444E4C424441307A55446D6958366F69646C3039724E4541444E4541444E48412B44544252544A5250487A5241417A5241417A5241417A733077455474674D626C6E382F6C5934303144644141446444417057714169574B69665071674152716741527167415272596F51456D61676530533358457A73756E4E5271674152716741526F346E7761594B43624B707738616F4145616F4145616F494564476D4369646B446A38732F6E387248476D675A6F67415A6F3446493177455178555435393041414E3041414E3041414E374E414145375544327155365975666C30786F4E3041414E3041414E6E4538445442515435644D4844644141446441414464444144673030452F582F413962765067643244697A4A4141414141456C46546B5375516D4343223E3C2F703E3C703EE58BBEE98089223C7374726F6E67207374796C653D22636F6C6F723A20726762283233302C20302C2030293B223EE7A781E69C8920746F7272656E743C2F7374726F6E673E222CE98089E68BA9E8A681E5819AE7A78DE79A84E69687E4BBB6E68896E69687E4BBB6E5A4B92CE585B6E4BB96E5AD97E6AEB5E79599E7A9BA2E20E784B6E5908EE782B9E587BB22E588B6E4BD9C20546F7272656E74223C2F703E3C703E3C696D67207372633D22646174613A696D6167652F706E673B6261736536342C6956424F5277304B47676F414141414E5355684555674141415155414141456E4341594141414367386C61734141416268556C45515652344165326453342F63787258483954487955664970736A49514E50774162486868424635654264663234734B416C7A647A4A316E456742645A65476B6C4D7864654F2F46313343504A6C684C4C6C6956624D78704C6F394854316D676B6A6436766333474B4C4C4A594A487436756C6E5658657966414B4C354B4A34362F42326550303856653171487045662F58727834495862357637577635655370372B587375664E7936664A562B65586D4C626C7A643038655048676F6A7834396B6964506E6F7863486A392B4C4F3579392B3665734D416774587467622B2B654E433333377430587539792F2F30423030647A51355643504E4B45514242554746595554333577326F7243316655562B2F6D564862742B356179372B34634F486C5952336B3138466F326D35632B6575644C31637666617A6E44742F53633665757A6A576F6D33316E4B373977463733735A30337072365975554C6869304E76524D46574350627A382B46585268544F2F4C67684B676F33667235705245454271436A3469612F373270594844783749377537747A70636631692F4B377534645566766A4C4E6F324F36643758304A63583163323131662B5333377A327A2F4C5553634732623766795A2B4F4E724D342B7566667957392B75382F796E2F38723634374E72767964745A3362742B394932324C46796F71454651645847413764766E31622B7244733775364B585737647569575A4B48776E4B676F584C313257367A642B6B667350487068716F6B2F564564634367576B4A36494E554835497145436F4F765241464B7762327379594B57397447465054692B516342434E514A61473759717146336F7143435945586836332F6E6C634C57746C79372F6E4F64424873674149474367413470564269534677566248646850465953646E52307A664642522B50364864626D77745331587239306F4C70345643454367546B446E473151596569554B746B705155666A486C38666C713339394B3666506E704F664C7571732F66553642665A4141414946415A32635647464146416F6B7245426773516E3056685330536E417268652F4F2F4369624637626B796C55716863572B35626E362F516A6F7131515668743555437537513465624E6D2F4C3366783654347964506952574679316575376365453478425961414B33627530756A6969632F2B6D6949416F4C6662397A38574D5155464851617148336C634B33332F38674B6772626C362B4F6759556D45466863416A73377439495842667361556A2F6268672B4977754C6535467A3577516773684367634F2F474E7143687362463667556A6A592F554872425353676F714244694B5348442F7456436F6A434174375A58504C4542486F7643703939635652635562693066575669574A7749675555676350506D54723872425552684557356A7272464C41723055426676464A66326567685746553666506D6A6B464B6F557562783973395A45416F74444871484A4E454A6943414B49774254784F685541664353414B66597771317753424B516767436C504134315149394A45416F74444871484A4E454A6943514442522B506A6A6A2B584E4E392B556C313536716261382B2B36375A742F4B796B6F6E5078627266336D4A747739543342476375764145676F6C436B786A5966652B39393535382B4F47485268672B2B75696A7159554255566A342B78674148524B596D536A6F7A386C2F2B756D6E5268672B2B4F4144326472616D6C67634549554F3777684D4C5479426D597143437350783438666C726266656B726666666C744F6E6A77356B5441674367742F48774F675177497A46775556686E506E7A736E3737373976716F5A4A2F6B4D61524B48444F774A54433039674A714A6735786161506847466862386E4154426A416F6A436A414E41397843594E774A6E4E72626B374F5A3239372B6E6F465741766D555939386D76626657636364753737525A372B4C417571344F4244505A626C6F657957376E37786A78765A6231796C6B682B586D322F794F37616B6778712B33646C754F7A377479704462647671383672347658704F73426D51774E37656E74792F482B442F6B7253696F4E3958474764424643614E736962706B6778335270792F4D35536C6D69694D61473850626178365364365534486E434C792F4A556C4F53462F33717561576646514852666F7032656A3249676733424C4436446934496D2B366A466E3164774B34427831366B55796D527276496B61525746456772764A37547A353131645541504B4531555132596C5461576430516B574B2F37306D444B4C6A39564E5952425A39657A4F33676F6A4171736257435142536D4466655977344469535879412F76784B5163576C6B727A2B734B432B62595443644E6B67436C5A777142514F454A547754594F4C777167717751345A584745594A534A7478366755446C59706D4E4C39674D6C7479767647697150744A733071434553686A632F3837673871436D36796A3776656C76696A39694D4B42784F46747475784D7335766170534C7774414D492B705651544678614B715355685379595966626E6F6E474A727A7A73692B594B497A366736676D6764412F6E744A7A5269562F327A4645775532346C6E562F2B464170326250624D61736771754E35336265303572323357426E55396855336449506433446F546A51576B2B56344A4A6770744352786950364977576157516955423562725A644A727835776938505A58326E4C6770465664413044504546794F5241645536686B686174516C4A707855596B416F68434A4E446875706E796C61514F4356614735696D2B75714C664D394431764E71774534476538796F57667658674E576E59644555684731714D45705A794C714C42464C7543456B415567754B4E595877365562446A6655314355796B5949636A65614C516C706A316E564649587279344C424B34515649636F356A566D593356526E4D784B52414B49516B545959627161374A576B54577A3369562B4B676E70716B39684C5942485A74314977727937746564624F775073696C454F4434594D44592F6172694D4C73597A436C42776576464B704A58525756576E5667456E7A67664F4D77453458525659494F5036776F31432F507A6C324D7445486C5541635861512B6945416B303355416746514B4951697152776B384952434B414B45514354546351534955416F70424B705041544170454949417152514E4D4E424649686743696B45696E386845416B416F68434A4E4230413446554343414B7155514B507945516963444C2F7A4D4D38334E73496637777163336D59763942564B5137685734576873422F7650714F484E6B4D3842754E62516B63596A2B69734444334B7863616763422F49776F524B4E4D46424249696743676B464378636855414D41677766596C436D4477676B5249434A786F53436861735169454741563549784B4E4D48424249696743676B464378636855414D416F556F784F67735642387658727751757A782F2F6C79655058746D6C7164506E38706E587879565979652B6B564F6E7A387247356757357448306C6C427659685541764343414B7651676A46774742376767674374327878424945656B454155656846474C6B49434852484146486F6A695757494E414C416F68434C384C49525543674F774B49516E6373735153425868424146486F5252693443417430525142533659346B6C43505343414B4C51697A42794552446F6A6743693042314C4C45476746775151685636456B5975415148634539766147386F665833704244335A6D4D62386E2B33594E2B3872635038666E545937384966484C3464546C385A424E523646645975526F4954453767355665585A586A2F507149774F554C4F6845432F434C78382B4B3979486C486F563143354767684D513644344F625A706A4D7A36584F59555A6830422B753854415553685439486B5769445141514747447831416E4D624530312F2F576C6A434D70676D506F74344C684F4E4D34343667684257454A51762F77354767466553422B5056655774454156486F2F4B61613069426658706F53344C536E753649777253334F4C776E41745752783044572B356E785159683233352B62744747687544713654633055554A6D6658795A6E63764A316772426D426177334A324473516862465268576E497A5176584D41516D74346F6F544D36756B7A4D5268553477316F7A4174595A6B374232497774696F776A546B356F567247414B54573055554A6D6658795A6D495169635961306267576B4D7939673545595778555952703265664D754C347638616C6E6B6A633946354C544972315A45354C72494733616664776B3350732F6265507450724F5132765032315465336A4C794933394943754C34756371445671325A4837396266724C63656E334E306C31796C645365353052474847495A767135733054555A4E526C307143575648497238384967453367664E2F662F694B79664C6F4F514D566C332B527553476F5645794E456E6B6E54642B366A39585866547857304B66354E7858574B667674774B7149773479683264664E71676C6445515A50574534486955764F4539684E546861417467537532637A4771374D754E71783946395642306D4B3230695644527A424F79597638454B3131786E6144723545394246475963776D6C7558704F41423330437131413043496170446E4B78384B73455633424D4E6242504A5748622B4658495750354F5753485963453744316470593145394559636152372B726D64525058586C4C724D4B4246464C53794D504D52316B442B6157323344512B383573576D6D654E6F7131614B566D46577575496178727635746F6F6F7A44672B586432384E6E486479366D4967697345376E702B517447326F595458592B3551775354375068574B32313637614275572B454F59747147486531336A72486646645A792B2B745947555A6878524C75366566314531615173684349664668546C664C37744A3651644E7669546B6F5667654B784D4F372F637A3233376F75436457746D30777733313579446E565978344731317839637775784F624C72373475722F415437374F4C395451337235744D54516E6C4869384551533931564B57516F39434574304F4A4E6C46512B375A4E516641416F6D43726834707668614870567162684F6C3350365A39744B6F5731502F4A727A724D4B5A566333623145564F42646952634657414F6137424B4D6D4770317A3364553255644439745364374C6770466E354A564C48355673752F326C484D52585846314F537A4B4F7149773430683364664E575243462F5A616A6A632F33696B6B33636F7477666F31496F7344516B7552347A67754D504866524133726372436F5574623658777839766678575A58584C76774A545562694D4B4D493962567A577446515438726B33564F6B68626C6670376F2F744F364D5A4831664F2B705865764459576A45776D7676484B367349676F5648484F7A67536A4D4F42525469594B62334B4D533056594F397673462B31514B4A756D64747776466D442B333438386A36444443465268626D54536964583165627635475A654E35423977354664634439745733356F6A436A43504B7A52736D414843646E4375694D446D375473376B357530455938304958477449787436424B49794E4B6B7844626C3634686945777556564559584A326E5A794A4B48534373575945726A556B592B3941464D5A47466159684E79396377784359334B6F524266375836636B42546E736D6F6A41747765627A3464724D5A5A7939694D49346C414B326357396531735038623145427739644C30346A436A4D4F4B45495152417066726A454F6358506549776F7844357436387249635269426D484F4C6E754559586B516F62444541684C41464549797866724545694F414B4B51584D687747414A684353414B59666C6948514C4A455541556B67735A446B4D674C4146454953786672454D674F514B49516E496877324549684357414B49546C693355494A456341555567755A44674D676241452B496E3373487978446F486B434641704A42637948495A4157414B49516C692B57496441636751516865524368734D5143457641694D4C6D4376394456466A4D574964414F675255464D3466655264525343646B6541714273415432396A626B794F2F665142544359735936424E4968734C6678567A6E38477056434F684844557767454A72443335624B383868722F363352677A4A694851446F45316A39355231373550524F4E3655514D547945516D4143764A414D44786A774555694F414B4B51574D6679465147414369454A67774A694851476F4545495855496F612F4541684D4146454944426A7A4545694E414B4B515773547746774B424353414B6751466A48674B7045554155556F73592F6B49674D414645495442677A454D674E514B49516D6F5277313849424361414B4151476A486B4970455941555567745976674C6763414545495841674445506764514976507A714F334A6B387A342F73704A61345041584171454966484C3464546C385A424E5243415559757842496A5944355051562B5A435731734F4576424D4952324E736279683965347A63617778474F5A6E6C645667644C4D7478784F74775A79744C795548616458614E573131634773725332583276745A7943446C6657617164323170596239757A4A63487368417A796D5756526C7132324C625061627271314B335875754F485945493645546A63426C5243495133704E6D6D5A504F5471324737495A6D746C796F4B62596D6169635749507065585A4B6B7079517452306E4E4C30616F49794D6171444970324B6A7149676F334A4C44374E3277662B3334645A6F4F2B367A2F43565169596165634A714970764B7042534B315130524B66623731396367436B306959765968436A36396D4E765A4B306B6D476D4D796E354F2B386D464161324B5756554D78704E446879426A74335772444349573534675A527346554C6C634B6333424F5A47337850596137436356426E786B2F73374B6E75326D2B6F4C4E7A442B58706C6E7546416378525A4259456F4E45436438313249777077483643447536546939654B70585471772B70624E446B347643634D546367366B537A5078414B51723175516F6D476976686D624D4E5247484F416A4B4E4F2B3269304351413431635A767442557167666634637051774431594653596D476C30323837574F4B4D7858504B62795A72516F6444643556332F796C2F4D505A61586758307056464370485734576B306F714E53415151685569675933527A49464677356766616E39724E69547979556D6939554E6557726E7443346B31676C6E4D5272515935454967416F68414937437A4D746F704377354F346B746A6D72594B744A4C79686870357233784C6B463756767064443457744556417474586272444276316E776F382B4D414B4C516F7A76424651552F63537450336F6F494B494273667347327151694775452F344446623165415041696E3148444478784B63354546416F55383743434B4D78444644727977525746555359317161304132485A756F6C65474539706759375879566B50627574394661463733716748626B5967592B3935776F57616A2B49616A63794B7255516767436C457730776B45306947414B4B51544B7A794651425143694549557A48514367585149494172707841705049524346414B495142544F6451434164416F68434F724843557768454959416F524D464D4A784249687743696B4536733842514355516767436C457730776B45306947414B4B51544B7A794651425143694549557A48514367585149494172707841705049524346774A6D4E4C546D377563332F454257464E7031414941454356416F4A42416B5849524354414B49516B7A5A3951534142416F6843416B484352516A454A49416F784B524E58784249674143696B454351634245434D516B67436A467030786345456943414B4351514A4679455145774369454A4D327651466751514949416F4A42416B5849524354414B49516B7A5A3951534142416F6843416B484352516A454A49416F784B524E58784249674143696B454351634245434D516B67436A467030786345456943414B4351514A4679455145774369454A4D327651466751514949416F4A42416B5849524354414B49516B7A5A3951534142416F6843416B484352516A454A49416F784B524E58784249674143696B454351634245434D516B67436A467030786345456943414B4351514A4679455145774369454A4D327651466751514949416F4A42416B5849524354414B49516B7A5A3951534142416F6843416B484352516A454A49416F784B524E58784249674143696B454351634245434D516B67436A467030786345456943414B4351514A4679455145774369454A4D32674837576C385A794741776B4E574E58526B755A2B753637532B724777314F624B7A4B59486B6F7533704931776572737437517248335875717732394F5862325631624B7671782F76722B5A64744C4D7478703734306A59516B67436D4835427256756B697850787155316B3949696B6F6C4350666C623975384D5A576C5154554B547343744E736C42502F71776633562B31496361754B7937564E74704834614D72536C4A74467851677868734A4941714E574E4C61716549776B5369597173424C5A6E50706562566871346343527A566879385375376A664E50564651483130425756704746417173633761434B4D785A514D5A3370336D59734C5332626F595078564F344D466974464C4C79335832534677324C6C61794E6B377A655537777143765768536A4638554948494B773872594F57352B5A436C454B414767536B385969554741555168427557676657544A6670424B77535237342F43677956464E306B452B463543764F2F4D4837744F2F4D672F6756417057584D7838515A373869454954362F6E5968796A4D5278776D3938496B3332434334554D3977657554667637516F766F554C784F37757439636A434D4B32635770654A57565355556F484A46686F6E4879573647724D784746726B6A4F79493437325A6956363833444370767739574746694C48685677346D7163635568616132465646516E367132536B46682B44436A57366531573053684655304B4237496E394F704B4E7447594A66647772446B46392B6F30516376685233366B4B6448623568524D3278467A436D5A43307A6D2B73693649676875422B567048464F597248676679786A376839644E50366C72532B5A564130564E4436612F484B6B393632316A624F736C74766865525678724652474865747646386130635168524C46334B3068436E4D586B764564576C2F4A7875692B4B426978384A4B30735271514C446B4854594C522B43576D4267484A71345461734B516D437336775A6E6B6F5137366E4D4836674937644546434944443947644B77704E677044316D54336C792B544E6B395154442B7566696B6A784C556537732F615A5677354E6F754B496772486C66626B70323165744F75793878384272572B75574855454A4941704238635978586F69434A6D4A4C6B687450375046386A46386463766844672B7245594E4F566D4D537543494A6E6F334B73616B48504C51584B5061593239752F625059503162676B674374337978426F456B6965414B43516651693441417430535142533635596B314343525041464649506F5263414153364A6143696350374975334B6F57374E787262313438554C7338767A3563336E32374A6C5A6E6A35394B7039396356534F6E6668475470302B4B787562462B5453397057347A7445624242496A514B5751574D427746774B684353414B6F516C6A48774B4A45636845595A506851324A7877313049424350416E45497774426947514A6F454744366B47546538686B4177416F68434D4C5159686B4361424A685453444E7565413242594152554649624C627A445247497777686947514741474744346B4644486368454A6F416F6843614D5059686B42674249777072663254346B466A6363426343775168514B5152446932454970456B415555677A626E674E67574145454956676144454D6754514A49417070786732764952434D414B495144433247495A416D415551687A626A684E51534345554155677148464D4154534A49416F70426B3376495A414D414B49516A433047495A416D6751516854546A68746351434559415551694746734D51534A4D416F70426D33504161417345494941724230474959416D6B53514254536A427465517941594155516847466F4D5179424E416F68436D6E4844617767454934416F42454F4C5951696B5351425253444E7565413242594151516857426F4D5179424E416B67436D6E4744613868454977416F68414D4C5959686B4359425243484E754F453142494952514253436F635577424E496B6743696B47546538686B4177416F68434D4C5159686B4361424243464E4F4F47317841495267425243495957777842496B7743696B47626338426F437751676743734851786A43384C71754467517A635A575864644C793774695344664C337553634E35726F33612B70494D6439544B726779585679587251555132567174392B2B63744432573336487A4D506C74394C677978457067416F68415963466A7A6D6D68656B70716B616B74416D397A6A65325845785531754977524F6E32326D744A3137586C733764372B6567796934524761796A696A4D424874586E65616959424D77543672316C594573725A5850364B7733666372376F70434C683575384F304E5A737474717A7857643347305669727039373571735438567537642B7261767A4B5172635268594C597246595168566D5237365466426C457769615A503876785930552B544B4F51485651674741316E64454246584649707A4A316970696349594E6E4A5247364D6C545149535142514377673176756B4555374A4F326C6D43654B4F6878465242624656686E612B665A412B36547668772B6D4F464630785066735432797A54376E327437356A45634155596A484F6B425037614B675177683938706444435538557244656D5369694846536142726244594E705850616758534F7052516366454670324A485A502B2B764250596A454941555969434F56516E6A69686F496864502B544A7879385172525547466F764C476F75317037653476684B4B30725666564B67722B4A5465496850484E6D374D59323535766E2B334F4343414B6E6147636861466D5561676B566A46485549704371366561754636533174744F4B41713567417747586C55794B4364466A566774443256397835386B725876426E6E414545495677624B4E5A746B392B4D31466F766B766756774B6169507549676831477247567A446531764677346743673356675A6E4958426D614E7947724B2F7064436C33502F5332716B576A6F364B6942414B4C51414357705853615A64654A506B373538367062586B4F31663364426B4C702F53356648386A594E392B3541667949536D6E46417332317452324A5868796C4457523779654E4D4D444C39466441537550713833383755665A4557737A496F416F7A4168384E3933367954536947696A45772B30354F3739317947434745333679326E4D7967536B54323757627261734132497244696F486431686256637A50786176576C6270343967516767436F4841786A4372695A594E475A703673306C574469574B684451436F6675624B6748666C7130303876332B6B4B437756665A5454474C6D627839636352447A2F596D796263312F61322B664E78652B6C327833527742523649346C6C69445143774B4951692F43794556416F44734369454A334C4C454567563451514252364555597541674C6445554155756D4F4A4A516A30676743693049737763684551364934416F744164537978426F42634545495665684A474C67454233424459753370444E53372F496F65354D787266303473554C7363767A35382F6C32624E6E5A6E6E36394B6C38397356524F586269477A6C312B7178736246365153397458346A74496A78424969414356516B4C42776C5549784343414B4D536754423851534967416F70425173484156416A454949416F784B4E4D48424249696743676B464378636855414D416F6843444D72304159474543505253464F787253666556354C66662F3841727959527554467964485146455958627336526B4363306D6739364C77393338654D313965737058433975577263786B496E494C4176424334642B2B65334C392F76312F666148534844346A43764E78712B4A454B6759555168654D6E54346C574375642F7569685543716E636D7667354B7749714367386550456937556C42343774382B2B4A55436F6A43723234742B557953774D4B4C77335A6B66546156772B637131464F4F457A784349526B446E45786169556C4252324C79774A5968437448754C6A68496C6F4B4C77384F48442F6777666442686868772F364A39542F2B504B34665057766238574B7770577231784D4E465735444941344272524A364B517057474B776F6E443537546E363665456D755872747552434D4F586E714251466F45394B47716776446F3061502B5651716A524746763735365A6D4577725848674C676241455642416550333763543146776878436644372B53722F2F396E587A2F77377063324E715771396475794D326457334C3739683235652F6575364C6533334D3837642B364958573766766930734D4F6A4C50574476612F323039377A652F2F5A37435862596F465743696B50535038646D39565046774335614B6568695265484D6A78747963577462726C332F57585A75376371644F356B674B4243374B4341724567724E5831796F724A6669435976355A4F48667633626233756457444F7A62426A7473554546343875534A2F44383473613775323836346F7741414141424A52553545726B4A6767673D3D223E3C2F703E3C703EE59CA8E88F9CE58D95E4B8ADE98089E68BA922E68891E79A84E58886E4BAAB222CE782B9E587BBE9878CE99DA2E79A8422E696B0E5A29E222E3C2F703E3C703E3C696D67207372633D22646174613A696D6167652F706E673B6261736536342C6956424F5277304B47676F414141414E535568455567414141786B4141414F7943415941414141664F426A534141416741456C455156523441657A645736386B795745666548384D762F6E425838434376384949427530484354414532444267743062596C6863615554597072344565574731414D754156534E426B693932577550524B4E725377486768796A746772557938327259456C637274375A6E515A69316554476B375055427A65524136486E4F45774670475A6B526C35713174476E63707A366C64416F36727945686E786936687A346C2B5A32656576425138434241675149454341414145434241675546506872426374534641454342416751494543414141454342494B515952415149454341414145434241675149464255514D676F79716B774167514945434241674141424167534544474F4141414543424167514945434141494769416B4A4755553646455342416741414241675149454341675A4267444241675149454341414145434241675546524179696E49716A41414241675149454342416741414249634D594945434141414543424167514945436771494351555A52545951514945434241674141424167514943426E4741414543424167514945434141414543525157456A4B4B6343694E41674141424167514945434241514D6777426767514945434141414543424167514B436F675A42546C56426742416751494543424167414142416B4B474D5543414141454342416751494543415146454249614D6F70384949454342416741414241675149454241796A41454342416751494543414141454342496F4B43426C464F5256476741414241675149454342416749435159517751494543414141454342416751494642556F457A496550566A34616B6665326634364B7546367662632B384C666575706A34577548466C6656353333686864482B72345750507657337731505076445A614D376D67644C736D44784C43432B2F37322B47397A3832736E466763742F396237787533626D4A54697767514945434141414543424D355A344C5650683439382F452F4474392B6551586A3772384C7A482F39492B4B38767A61772F634847686B5046612B4769632B5035594E34482F326A5076724E37485A5A762F545953427853486A74664243632F7A65354833663050427156303464544F715173726B392F6662326A6A2F5A53616E4D4359664A37657451306F574D74482F2F754D4D36376879735A6F35704D51454342416751494543417742555569434869592F39337550657869614378616433437070594A47616B534D527A4D6E6448594A7A68733272594B43744D5436744645656C436636677A413174445442615855724E43574D33636D3549587733682F623732784557335A38306252706579437039397231544562623369566E68586F56395959414151494543424167514F444B4355794669616C6C425274574E6D5273714E6A3269664732622B5362622F6F6E7A30624D5466367A437256426F5674576E57334A4A754431325A644E6C33314E48326437322B4978743756764F6A6A565A7954365A7A6D324836384F50584866556644716D75385641514945434241675149444175516A6B6F654C4E44576333436E6C6355736A593835762B4B68426B452B76382F6234684932372F3150764365353861686F633045552F48716439336B2F4B704F6D63686F7A6E374D4C77737158732F504634544D724A517331386670766F4F77736977764D6F7162705061746439526245324141414543424167514948424E425A71673865382B2B4F76546C303856624861426B4A464E764A754B3758342F526A316837696232645148312F746B6B2B63435155563875394C3777777175764457346954785032393457505676647544414E427649547074664331464354616D36797A746B36476E515A67637433536B4E48312B76535A6A4B623865446C59573939754836384945434241674141424167544F584F424B685978585877677650425076785A6A353972795A714E64426F706B4962356B454C77385A545967594857646D4970362B2F522B6546616A475956376E2B6E58566C736B6730517A637958564E4F5A504832472F416A304A47597A78375038782B7864756141414543424167514945446775676C633363756C706962327A624A385974314D69446664354679466A48796647414C532B7730542B447249314D66736C64394F777266636E4A33437875796C52734F514D626830715864542B66447379504643526E33475A6C4E6470733859586266506A76595149454341414145434241684D434F5142492F3158746C504C4A6E5939644647427936586D446A30524D4E4B6D7A57532B4677545375684443737044524662547235447664527A4738624B73724B62327167304A5637386D7730327733756535344953505672752B5742614C6D707650743755736C65535A416741414241675149454C675741707643784B5A314378742F6E4A43527A68796B737739546B39776D6145784E66456558412B31314A714D54475A5854725271387969666B6731583573554E326C6D5179534454375471343764736A4936686172306176446876594E6D7573744151494543424167514944414E524A3436646E773231762F474E2F7668762B7834392B71336C576D584D686F677356376E346C2F2F5876345836664F54584B6E4A74376A625876663050636D7A366D5A343333696D736D517363662B73597A5A597A6674545764427873387A6C30754E37684E4A62646A39755731584445424E656457794E74514E367032486F3930505930734342416751494543414141454342776D5543786E566D596E736634524B6B2F787134707443774176686F302F56415751344B653571502F684766744E45763930706C642B50594F316B764E3075666350667232663647785A627A36705562527947683772777957506C7832306D2B6C504836473232773576715750482B6A795A55314F2F7A4E74574733624847706A7363786959454342416751494141415149454468496F466A4B7169573732545872364B3962315244634C415730597153652B365A7634747662742B6E624A2F4E6D4564704F732F48625A7A4A6D4D69664C6E51305A2F73743437717847504538764B7A795445312F454D522B3651366C4D646438754E35326E627565663237456B4B464857376833385459376F7670735052334B45734A30434141414543424167514948436F514B47514D5A376B397965362B667273572F574A69586531332B43536F6D70796E356131452B33782F36625566584E6663307956565331722F68656F3773627A7648345A5A5857734E446C764A76534465727A336D667076634C544865765731384E48336A6639575258336346413679592B7A36736C6558754E4F67506B30356B38635A376276725157314867414142416751494543424159482B424D69476A6D6669336B2F5971504B544A6561785566784A665459547A53333247452F666E386F6230392B3366304A79324732795446672B6538776C3446567A53667A6D626A6A2F59766A70546B663437323136622B6D6334346D355632573035677744512B4178443050427779393433782F7978334C307073617237676F437A72474C324A6B434141414543424167514F444F424969476A6E7242766D73547545674C36452F4D36454B537A46566E5A6B392F4B7A35652F5055796B79586B38566E6163464279714D4E52736B77576A5957446F68347734696D4951696558566757525964756C785668302F75307972373766774D7133536C5655654151494543424167514944417452596F45444C36452F4365566E4D355650302F4C30313877353576584957482F69512F58373350363934454F3574346279326A71652F6F50704C4A59424E4C7977504B545075717936646D316D32746B413049454342416741414241675149584432424169486A366A56616A516B514945434141414543424167514F4A36416B484538577955544945434141414543424167514F45734249654D737531326A43524167514941414151494543427850514D67346E713253435241675149414141514945434A796C674A42786C7432753051514945434241674141424167534F4A79426B484D39577951514945434241674141424167544F556B44494F4D74753132674342416751494543414141454378784D514D6F356E713251434241675149454341414145435A796B675A4A786C7432733041514945434241675149414167654D4A43426E487331557941514945434241675149414167624D5545444C4F737473316D6741424167514945434241674D44784249534D34396B716D5141424167514945434241674D425A4367675A5A396E74476B324141414543424167514945446765414A43787646736C5579414141454342416751494544674C4157456A4C5073646F306D5149414141514945434241676344774249654E34746B6F6D514941414151494543424167634A594351735A5A6472744745794241674141424167514945446965674A42785046736C4579424167414142416751494544684C4153486A4C4C74646F776B51494543414141454342416763543044494F4A36746B676B5149454341414145434241696370594351635A6264727445454342416751494141415149456A6963675A427A5056736B454342416751494141415149457A6C4A4179446A4C6274646F4167514945434241674141424173635445444B4F5A36746B416751494543424167414142416D6370494753635A6264724E41454342416751494543414149486A4351675A78374E564D67454342416751494543414149477A464241797A724C624E5A6F41415149454342416751494441385153456A4F505A4B706B4141514945434241675149444157516F494757665A3752704E6741414241675149454342413448674351736278624A564D674141424167514945434241344377466849797A3748614E4A6B43414141454342416751494841384153486A654C5A4B4A6B4341414145434241675149484357416B4C475758613752684D675149414141514945434241346E6F4351635478624A524D67514941414151494543424134537745683479793758614D4A4543424167414142416751494845394179446965725A494A4543424167414142416751496E4B57416B484757336137524241675149454341414145434249346E494751637A31624A424167514945434141414543424D3553514D67347932375861414945434241675149414141514C48457841796A6D65725A414945434241675149414141514A6E4B53426B6E475733617A514241675149454342416741434234776B494763657A56544942416751494543424167414342737851514D733679327A57614141454342416751494543417750454568497A6A3253715A41414543424167514945434177466B4B43426B7236666276662F2F4E384D70587678472B384B56587775662F3132502F474B7871444D52784763646E484B63655A5152383576326338375065474441476A4947316A49466A2F4A34584D73724D467861564569636273584F2F3956657668376666666E74525758596D634179424F43376A2B497A6A564E42594C75777A76397851435151494543425154754159762B65466A484C396333424A385276694F49487A494C42326754684F34336A31574362674D372F4D7A39344543424167634279426B722F6E68597A6A394E466570635A76683533423249764D78696353694F4D306A6C65505A51492B3838763837453241414145437878456F2B5874657944684F482B3156617277657A3450415652457758706633464D506C686B6F675149414167654D496C506F644A57516370332F324B7256555A2B3531554273544F464441654430514C74754E595962684A5145434241697353714455377967685977586457716F7A563941555654674441654E316553637A5847366F42414945434241346A6B437033314643786E48365A3639535333586D586765314D59454442597A58412B47793352686D4746345349454341774B6F455376324F456A4A57304B326C4F6E4D46545647464D784177587064334D73506C686B6F675149414167654D496C506F644A57516370332F324B7256555A2B3531554273544F464441654430514C74754E595962684A5145434241697353714455377967685977586457716F7A563941555654674441654E316553637A5847366F42414945434241346A6B437033314643786E48365A3639535333586D586765314D59454442597A58412B47793352686D4746345349454341774B6F455376324F4F704F51385468635048307A3348687968333950337738767036352B66442F63326D57664A322B474F772F545476732F4C2B374D4C3734596E6E337836394D482F754B4C34623939366E506871314E72522F7539464234382B317A3434376A78567A38586E6E33327866443571663369736C6A756379395661372F36346E5068767A33375950626667792F4F46574C35565252595046347671394550373157662B66717A7565316E774C3377494E61723261662F732B4A32754C696F792B6F7672332B6548504C5A767A4B476C3956586A6B4F41414145437178456F395476717A454A474D354759374D5A483455344D46486E496D4E7975762F446C6939765A524B612F62746433797A767A362B4750502F57674468707838723968776C2B76532B47683371384E41586B6732534E6B78485A2B2F726E6D2B486D6A74355752622B76316C524659506C347671616D396B4C486A4D516637314A2F76322B45692F62334D356F7548572B32434863736462466253734D54506F465339717177396677616D6665507A67377333773432376A2F4A463365764B4C725073316D53764A734A677237794A3963305851634F775637576C743239396D4B714F6B31384D7A5A513955555A563075424C7147316A49765654485651332F53364B7054652F6A394B5858484E3153484C623674494C7A384D2B6D4772336450326D5466763762334E4956553750665A646833554C6F72782F5761357454662F313833654A3234324E58645978324D352B4A61592B343134627955734D335046666C7A68787A773235574553676D554F70336C4A4452646B6E7A77326A777755362F6B4B612B7763795844582F4274635875384B4A4D5A38617A45436B385A41664E67304F327548305A6730427A70694D476855304270547062556757482F6E6231575A5173364D54436D2B3361414E4D65304975724C6C426D764235546F542B787144366E32795A70715471397956673638336B37584479634F6173352B486D5269746E32584D36776E737A637558743764694B30725337352B714E4F627261476A487179327038494E68505931726C2B502F703532307979382B565445384436352F6C776F74716477656F664F387030452B693837444136586A336D6574746B73465664386B6C7374663945506170396D6D4F3259375A2B503635624F6B4239374737396F4335443932714D5A38654F36317666564F6234755737444D45514F367A6F343972695933704B367A4B777577376F4E336C666274335564746E766F4E48772F563764362B5932386631497430382B443970687052525A2B326E354B367A61556C7A62785447446C4171562B5235315A7945695468673350457A394D4E6F324639494E333770664C706E3354756C4B64575A6458542F5933685956306D564D3666765538504F7377664E2F6275482B35564C637150335A7A325657333071744C46766A7969792B4750332F746878754F2B73507774632B394750363476757074773362395657584861372F736B752F53467754565A7A4E4E467449337778505031535374325335396E75765064786379756F6C63383633396E6A38765576754B47636236786A6F4D4A354C4E67614C427259763739566E6179572F383034516F2F6B793848587068705A6C385873537A453348664E4A6E715766612F2F61334D303362707A455A7A334674333734566255784F3568444C54686E70436E343554547878542F365264712B65715874324574657137555631534F646D65672F32794E65334C646877305A37537139344F2B4878367633626B4A4B766E5969657671766B6D6E794C717430316D4D7649337A5A63636346414E777631313532634D2B536347704C542B325033504B61314B3972737150592B426575444D38557A567A3749336C74516359686F433449752F667166567876445A746E65713375437A31793854366F574E6C382B544E4D42366236584D782B457855565578664F4977393573747247393238714E75576631465A763637486232393856636233776F4F71505950503472425937776B5545696A314F2B724D516B623343326A63443830506C66514471763342326E796F4A79596C34783851683932627361677A737A4D4C6B2F646C7A4A334A324C62667669456A4C2B2B3546384F7A31535662453264577876435748456E677261392B4D667A52702F35304A6D6A456750476E34646E2F373476686C62663271384369386272666F525A736E53594A55352F4A3941742B347564422F6F75382F637A6E49654E5266582F583355663170554870353857654E53316C3245306D70795A6B5452424B6B374B51766E314E3761364E32736C762B706D5832745338623966484E6C592B32595232384436663046617655316E74475946733335465A303265624A72793953656977674C682F5633342B6F6178655A2B75365066763770444D5531632F325750665976716F4E7A5A6A5A554C65383756333538565739627A757062315A753237366271452F336258654D515438326C317256783576654E7A3932744C6E316448335A627A37526263742F664439634E506363357675313633737636726F4D323972625A4F4F6266502F3864647070756A3170625434357A312B6E3966583454654D2F684163587A54325931566A76786B344D6568664E4A5A476A636A5A347A4A6658316D446D5262385065386363666937545A326E44574A7735694D55456468596F3954744B79476A4A367739352B79314974627A2B6764623973452B2F5A4F4F3367396B3355412F766E66624737336831306F765068576466664B6D364E32506A57597A6D666F313047564F393339657265797132373565646E526A642B3547746130336A4A567A78307171706465314758687852344B33587668512B2F616B2F4353392B4E542B6A38635077796D662B4A447A3738457668613373476A466A56556A39386A746A73775858637A65536843524233486A6166367966547434503535474B6D5675324565305568597A6778717472585461426953306154776E7966696533486B3576635A6E71436C782B6A657A307851637950506350636D2B52584953382F66747970727350304A4C612F726D724C33556664574A69616C455744744C7A70343762735A72796B3954326259663233744B33614E3436337446397A724652325770772F56355A4E304733726C472F5165353347645078534C4466726D3652646B6B31385878326E44595044494A7232714A2B372F753076542F3153685A546B4F64786B682F6439347A694738725A3064656A392F6D334C37592B35764933744A705637316739707859622B363963703756412F7A3370734B4B3966776E513576574E4F6C545878325A3071317A4943687771552B6A312F5A69466A68374D5332512F6233692B3839494F7A2B6358542F5A424C5039776E666E4474324C736C4F6A4F4668586A49366E39376176376E7033345673763839716C6D5237316374696D636B307639474E585532497A746A4D586E5A5659695854416B5666666654766E76725731384F442F376F6866436E5664443459586A6C663734516E6E3375792B47624277534D324A4953342F57344976566B49333037652B6569767561387675776E666B36377A2B7A467733674A54376F554B4330662F35796F796F695856545358487358502F334279746B2B625368694F4A314839535661737A3267536C45315965684F5A56506E3438793339444D79327256655079342F4C38337130787876744737654D2B34386E6A656E516F2B633079592F396B2B713062386849516157357032593457592F31725A665666642F3958452F31546575624C356A61656D533172646F362B4F497057353165566A5A4E61496A746552442F303544306579567456443033343766394971735A6C3550627073756C736E6F325A7A4C71747454374474756439316E76304E57624B59743671375A2F787A753153796248566274322F6B57315832393854492B585749642B503855796137506363374B4E5656394E2F4B3665484B3931585465315A395A6A51336C44676272642F5472316A6A6C56357A334B4878375065774B37434A543448525750633259686F2F3942376B4D33503652477630533635645576686579585250797662757366454D4E766A2F6F6C623374586F6A507A734643466A4E6E2F59616F6641504C39716E726D6C316631517359676F4D54745570415A6E64586F33786A656272634E7776716A43615367386544355A51456A567244456544316151367543347951706E61566F4A6C2F564C2B56686D4F67486A765A62356C6847733330376D556E766D38744B347153746D6D434D666C377331724C6C687333507066547A4B482F4F366A5361424757546B3935454A6C58376B6B4A4739334F7A446E54445358437154763163747A555041395062782B323645464D66592F35394C44763631475831392B324F4F39682F4F4E46503436494E4250326162336F586A39324F72337A444B6C774E666C646C2F5A5A76476C2F50396D4E31356D51364D497A477861445175627074323638715A6B4E644234647033773737716C365239337661644B6F3939585A357749686262335A4A35545850472B6F385755367A32367A4868764A36523637367568746A615633766D46565A75342B4856495A6E416B73456C762B4F716F38755A4C533930507967796E35427436757144336E7A437948376471322B5757785A77496A484B4E475A6556696F516B594B4147306A346F7442554767767332722B786B595446744B6C564C322F6C64454C48484D336673646A4F4A505249312F546D3739364F667A7869792B4862792B7355346E787572414B5733642F385042522B7A6376346953796E73536B4357553955596B3373735A67305675584A6765392F30307154514B616E784874684837776933397272626F4E4668744F5455526A38594E4A793267536C4E6F58722F61634B474D3875556C746A345650546644365A3075363430314D45504E6A64785474713936783236584434395A316D41775A672F5A55356656435164507632632F34574E2B71724B6D3678664C6162536661557830766A616C65685864344D314665326D76516A6D72785650326137536664736A4B36506B6B487941326E36704776542F76557A364F7973754F305732366F6137744E397149714D372B557246315831364D6678474A39737A465A4857763373445965453833424E7452353072665A6265535236723668764C524A4F76765362312B39746E664D71624B6D334C754376534B77574744783736696D426B4A4732785831443976756C3070634D66366C565039696A6A2F556D6D757A3878393462566E3776536A526D536C6B6650363546384D66622F7A6A65506D5A6A50702F67346F336A4666425A4854765250362F5254336F7A6C7A453572566E4D744A3946344F7A46344D7A4B57317732592F47316973554B4446654C36565A31532F694F416B63666F366239326C696B3039556D6E3353662B70515477445339746D3337746C326B7850654C513163616A673775526B456764463276516C4C336135326B744D347444384465397332446172616E55337942752F7A342F556D53756C6E366361666C38335034463477474961687573346A383662752B664C704357582F4748476276493948466C56646D763750367A5678764531643372665964686173726D4E626C325358487A382F324B6775672F32482F566A3157526551717A35727739544D4759446D65486E2F316F73475932686258664E367477472F71387467395367493978304837527A74504B78627658302B52747064686B6274696E30396D6830336C4664764D54476D356F375A39473933706D6259726D78484C776B55456C6A364F79705634387843526A314A53424F4979656630773762355941392F4946552F5A4B7472732B736276346676452B772B7A7955364D2F324E697A5977624432546B514A47666250343550394D74616B52626367596275524D786C446B757230764D5634767861514A4173505063506F474D5A334A794F7453663537766859766D6A32796D436569442B48636F6868506B366D6645765844784F50745049504C434E72786561686A7649786D33717A35674E5246724174526F556A69612F4E5154722F706E5964507533732F414C46436B396A5375395437393963506A705A2B50636476367670622B39716E4937726D5A664C566E692F4C374D654A57452B75726263666C56673554452F4E552F376775657154327075763659336E706E6F6D6D48743245763635703371376537354655316D4169482F667137394F665750636E7A33487276462B6D44587031616E35667458555A746A753165635A7155393371466D667448705939724F746F665635432F6E72517873593674694676577A3265302B2F757A71322F504B32507A39303251386538334C776D39655752347A455574786E335462646E355462563374486E4C4F3654685A786866375674722B76514F325A545676586653366674706F375A56637372416F73466C76364F53685534733543522F2F424A424F6D352B594758666B6D6B7863317A2F776661734A7A3077334C3668395367714E4862355A335A6E3967504C3565717A3149305A7872796D37717A494A4A437975622F5953716542656E4F584577486B333564526F3231344D6F4C4C422B766C305451544B793679666867676A72365252317635733576786831736E33374244353637386E647631355578334C314A5633624C32596E696F455831373444687A2F3742527434534B4330774756684B4830523542506F43705835486E556E49364F4F74375632707A6C78627539546E65676F59723876376C6546797733496C644746794F6A42752F674B715844325552474243514D6959514C486F32414B6C666B634A476366757152334B4C39575A4F787A4B4A6751574378697669776D4C2F47635079327568684C35414F694F6458336F54587839326872706639686D2B363132694E54516458674A32686A36374E6C6E493246584B6467554653763265467A494B64737168525A58717A454F50627A38432B776759722F746F54572F4C634E72465567494543424134765543703331464378756E37307265614B2B6744566468646F4E51506E393250655032325A486A392B6C534C43424167634630455376324F456A4A574D434A4B6465594B6D71494B5A794267764337765A49624C445A564167414142417363524B5055375373673454762F73565771707A747A726F44596D634B434138586F67584C596277777A4453774945434242596C55437033314643786771367456526E72714170716E414741736272386B356D754E785143515149454342774849465376364F456A4F50307A31366C6C75724D76513571597749484368697642384A6C757A484D4D4C776B514941416756554A6C506F644A5753736F46752F384B565877747476763732436D71674367633043635A7A4738657178544D426E66706D6676516B51494544674F41496C6638384C476366706F37314B6665577233776A662B717658393972487867524F495244486152797648737345664F61582B646D62414145434249346A55504C33764A42786E44376171395476662F2F4E36747668324C484F614F78465A2B4E4C456F6A6A4D6F37502B413138484B38657977523835706635325A73414151494579676F63342F65386B4647326A7734754C55343634726562635249587234587A6A384761786B41636C33463843686748663852484F2F724D2B34797636544F754C73616A4D584465592B4159762B65466A4E477666677349454342416741414241675149454667694947517330624D764151494543424167514941414151496A4153466A5247494241514945434241675149414141514A4C4249534D4A5872324A5543414141454342416751494542674A43426B6A456773494543414141454342416751494542676959435173555450766751494543424167414142416751496A4153456A42474A425151494543424167414142416751494C4245514D70626F325A6341415149454342416751494141675A47416B444569735941414151494543424167514941416753554351735953506673534945434141414543424167514944415345444A474A425951494543414141454342416751494C4245514D68596F6D646641675149454342416741414241675247416B4C47694D5143416751494543424167414142416753574341675A532F54735334414141514945434241675149444153454449474A4659514941414151494543424167514944414567456859346D6566516B5149454341414145434241675147416B4947534D5343776751494543414141454342416751574349675A437A527379384241675149454342416741414241694D4249574E4559674542416751494543424167414142416B73456849776C6576596C5149414141514945434241675147416B4947534D534377675149414141514945434241675147434A674A4378524D2B2B4241675149454341414145434241694D4249534D45596B4642416751494543414141454342416773455241796C756A5A6C7741424167514945434241674143426B5943514D534B78674141424167514945434241674143424A514A43786849392B7849675149414141514945434241674D4249514D6B596B46684167514941414151494543424167734552417946696956334466662F62374966794E4F79483839582F6E3379344730537161655241675149414141514945434B7850514D6859515A2F4579664C662F4B427773557534794C654A5A6F4C47436761774B68416751483449313877414143414153555242564941414151494542674A437867446B46472B6477546738594555374477494543424167514941416758554A43426B7236492F3832336D76397738634B2B6843565342416741414241675149454D67456849774D3431517642597639673056756471702B633177434241675149454341414946704153466A327556536C2B59545A712F3344787958326C6B4F526F4141415149454342416773465641794E684B6450774E42497639673056756476776563675143424167514945434141494639424534614D6C362B7542317550486B7A33486A36666E6735712F5744757A66446A5364766834764832634C3438754739657675347A77372F376A7763374E2B2B665254754E50765062354D32666877756E6F3748757863657045585663316F2B55632F656474766635424E6D722F6350484E75466255474141414543424167514948435A41696349476430455077614671556E2B624D6A5949744F476C686767376A3761754856396A4F33627463476D436B4970574D54416B563666506D5438396A6443434E2F6F4A7566782F5239384D6F532F2F6D63686650756C626E6B565944345A7772656E5A4C4C39747761645077736866442B456637336C62337238776664442B4F33424E6E465A5662664238713348334C443956484D734930434141414543424167514F4A334143554A4730396A6D7245514B476232414D44704C4D54794C4D415A7251384F544E384F742F425449342F766831716938625764437575435179713371756257733766556331337751416A5A4D706A644E78502F31533033516D41735238634170534D53516B46372F7578412B47384E4133482F34794C595A48727339336C7839597A33532F746C7249574F4937443042416751494543424134506F4A584837496D4A796F33777358316156543965512B50354E52763934306555396E464F72673041735976663771746B7642706C32644C734D61584C5956327272573961714455416F6771627A307669317437786644436679533937314A2F4E535A6A42674B4A6B4A475043735277305A3764694A7445352F3365487A327A2B7251464D2B6D704E63786B4B54587666724E425A51396C2B3952505A73534945434141414543424168636773446C6834796D55656E4D525A72773578503476554A474367677A6C31376C68756D592F557570556C67596E41454A4961537A475058394963316C586D3051536675644F47526B4957423461644C6B355649705A4F517754626949415343566B516544464870364953514C41766C2B376261687579777172703937704F4F6C2F5135356E69766263674945434241675149414167644D496E43686B70416C3664302F47317044526E6C585964716C54766E3459414E4C39494E6E794E71514D7A7062306A6E63375844783848433775356B456B745345723638412B504752695064796E6D756876756C53717156753656324E347556513867394865797A46346E59365672302F4C2F6E70324B565261566C314B6C554A474F695053684A4A59542F646B484468513745614141414543424167517543494370776B5A76516C38666650313170417842357043516E754759573744656E6C3764714A334933635864747139653357634368497244426E5A32595630316D48716A45523175565462304F776D37757A797172522F4367375638794177784758355A56467032382B47454437623348772B44435A43526737764E5145434241675149454467656771634A4753306C7931566C7A696C7377763547596A683638465A687277763967775A495979504E333066782B4E776366476F7557547164726934324F322F7A303258662B565633505936546336585046646E4D6C4C49694763586D6B7567387044525476414859534550464E58724C47774D363553486975714D526271354F7A7632482F785A2F367849586B5A626837523967656474767459544945434141414543424168637273414A516B593979622F31645030334D744B6B2F4C4C4F5A4653384B5A696B2F335671773339336D39386630752B61395A374A69425035644B50314D4752553930413049614D4B43566D6A346D564D61646D6D657956692B64566A47444379774A444F594C54625A73664A58365A36356B466B33396435655634544945434141414543424169635875447951305A3147564A335A6943466A4A7869666D4B6662395738546F46685131446F375A57326A326452376D5A6E4A3259757435717679377043527278454B516144366C4B6C356E3934716962724D56436B52777746326676304E7A54794D786B704647793662794A74732B6C765A6153514D51774D6364394E5A512B33332B56396170356E416751494543424167414342645168636673694966385475346C483731377558686F7830366458304A55385A636859753576353371666A484159666C584957514553667538664B6F545A502B545A503146444C7967424A6639384A41646C4E35757A78624E6A7A7A4957526B5938394C4167514945434241674D435A435A77675A4454437A61542F6B4A4252542F797A2B7A5A6D7A6B4A55523870753442344769474666642B56324E337176506D546B2F37745464705A69324C6230766730493261564E4D56444578334264465452656156626D66304D6A327A65466C3152477576784A79476A635042456751494141415149457A6C44676443486A444C486E6D70776D367034502B2B766E633636574579424167414142416751496E455A417944694E652B2B6F7773566834534B35395443394955434141414543424167514F4C6D416B4848794C6C67327755345437584E2B586B45587167494241675149454342416745416D4947526B474B6436656334426F555462543956766A6B75414141454342416751494441744947524D75317A713068495437584D7534314937793845494543424167414142416753324367675A57346D4F76384535423451536254392B447A6B4341514945434241675149444150674A43786A356152397232623978785838616859535061655241675149414141514945434B784C514D685951582F38733938503457392B554E44594E32684573326A6E5159414141514945434241677343344249574D6C2F52456E7938356F374236306F705741735A4C4271786F454342416751494141675947416B444541385A59414151494543424167514941416757554351735979503373544945434141414543424167514944415145444947494E3453494543414141454342416751494C424D514D6859356D647641675149454342416741414241675147416B4C47414D5262416751494543424167414142416753574351675A792F7A73545941414151494543424167514944415145444947494234533441414151494543424167514944414D67456859356D6676516B514945434141414543424167514741674947514D5162776B51494543414141454342416751574359675A437A7A737A634241675149454342416741414241674D4249574D4134693042416751494543424167414142417373456849786C6676596D514941414151494543424167514741674947514D514C776C5149414141514945434241675147435A674A43787A4D2F654241675149454341414145434241674D4249534D4159693342416751494543414141454342416773457841796C766E5A6D774142416751494543424167414342675943514D5144786C6741424167514945434241674143425A514A43786A492F65784D675149414141514945434241674D4241514D675967336849675149414141514945434241677345784179466A6D5A323843424167514945434141414543424159435173594178467343424167514945434141414543424A594A43426E4C2F4F784E674141424167514945434241674D4241514D6759674A7A693763735839384C46342F4752583736344857354E72526873757474326A3850463037643778336C7739326134383342513241357648397A746C374E746C31692F47336366545734573633446A7964332B355261787A46543336544C756851636868487937715172735A6A6531357847585062346662765738486F5537543962743266576F716433782B6362543938504C3259375271374E38464F344D316D656258756D5855333037745779716B5A566272772B6D7470717932372B76706B71326A414142416751495848554249574D56505A676D4A7646353034523765714B3530385170546C78376B386B594F71624C32305A534D6D524D487576687658426A79365136746A6D466A4C714D664D4B587432306372764A6A6272563739622B45377A3331564869392F666372346675766876446D372F314B752B794E35377353662F44687447323958526A7433367A2F35663853337578323637386168497871776A73634637322B374F3865332B552B553233736C75567534334C475331344A332F2F6C443455666A4664632F704C6E5078532B393375767A42773348774E706B366C6C6164333475522F4778757644773374645747746670382F797850595745534241674143424D7849514D74625332512F764453624E395553782B385A3576714C646848487A4E74576B764A72417A77535A4C5250585650707851306163434F6266744B656A31732B787266307A482F565A6C623742594F4C63544E72482B2F59644A7132662F3142342F616B6D4D475256795550473678394F4B534E4F774B6444526D38793341535033724B713748484976484E785039794B415350726D3362794739733144423862336B2B324C777973736A5A4F766178443141704378717868725058597357723768466463766D316354493233455072687466744D43426C5434385979416751494544672F4153466A5A58302B66656C504D786E4F4A707035746673543748784E656C315075764A762F754D2B2B6675305A662B356E7644334A316E3969586D2B4C69387674694F3972795A783161556E735236624C375771747031705A313633765037393875763654552B6F38784C71313348665464765759574938715534683433752F2F43766839585257496B313834374955544E4B79336A66757A34633334706D524E70774D3668574459484F70546A74357A5362496D2B72626C74522B733934757156355556687543534E656634374E6371633331575A30756548566E623537714C4549494B5A4338305A7A64656550354A6F5439386F664347315559473538566169327A2F622F666E6A564B78327A3830746D6C6B574D2F4F4B552B626930547964436F43614E70646666634C363961587656484D6871486D745A7868374863486363724167514945434277665153456A4650335A58746D495531597567716C795647335A507256334D53784E386C2F4D6B37364E3079476D6F6C6E326D6636534846702F78766379653369424379625846583153396533782F5A6D363372375678613377363371337046593137464A326A36577556746436394252627A75654C47347A376B32676E3371717654776E54626A662B48423370694D466B6E70533345794970304A476458616B4B7975314B54336E51624F7164786F6A5439384C643537756E3956492B3479656878506F3051624E67736E2B69483038625A2B435137706371762B2B4835365358586335575472546B384A43434B4778714C665A7448392F58626F4D625877324B4C61723338395648392B394E376A504A59546535553456783079374A797A725071714E2B6D4E6F383769643677624C435241675149444164524D514D6C62526F38336B4A6B306D4E337A5450445778376B3979686732714A7A3133736A4D4C34386E56634A394E372B756773756E623950777352697770316939394D312B486C496E4C6F5A7076366D5037326D2B636D32586473614C542B457A4B5A486A4B676B77386675733245594336386F6674376B397332324478664864507868765031397645795734317166376C2F784A2B5548337A3367385A33543064572B374A6548772F33476B6E7845313773375A554E637863386B4453666E736577316E634A67573759624F793933482F6366766E4A387162516B5573746A6171323937664E71354E5A7A4B362B31474732795444654C394B765334466B73472B552B477462566339526A7550706F33783835576254495348385763703973486737467331686D4C676979476A2B657A326A6A3064304E704E7643424167414142416D6367494753736F704F7A6963724D354C41335552375565547778796A61496B39614C787947662B4D667438776C59656A32656247626C4E432F72597A32612F61593742706A65524734554D754C4A6B48677651543578367765584E6D5255783977773057346E6A5031767271652B795735445269777A6D3178757442733250357659646F476A6D66782B2B4550564A564178624F515437656C76334A7677387454344D71797137512B7A6746425A6A595056304C6779625431697859636D77385930323154395542743352765037396B4A423570464B7A3976653237626159424155557568496C7A32317A37564C662F2F4276685048546E555974723358782F6E347A4D5A4274322B30364D626D5A41683765443963504D342B7339334F7A663067516B615078427343424167514F45734249574D56335A354E574F596D6C64586C54744F5637553269706A667068597A524A714E4A2F32694C656B473158544F426D7032676A536459735837445358483144587963464466747A514E4F50325455682B374B614362416D564E314A7150336258392F6B687A33375362512F626274597466756B55317375354352767232767A3144457933377969665A3079456A663067394478754E7763644759704D415132396C7257785053307670557562686462316C2F7370773279352F62506D67577468507171574D32322F516E2F76307A50584754764F3339626550615156426F7A31594D4865714439666366374A763152564F3137476E632F2F6E34617366443542694F7858526E51764C3973674D306C773347736435746D384A362F376B4C4C50333976534E416741414241746462514D68595266384F516B5A76736C6858734A3059546452336C346C796E454457452B3134724F79362F756F53725845774742326D6D7454334A307A747048533063583942724E38775A4E526278416C61763879346643706B7443576D79585236726C5A4D5450537969666E59726A476F4C6B736248373839567568506F764D4A64423479306E3046727A646E4A764C74706B4E47553236365962773759503071623174386E62576C326942666E2F6164574E5962462F6B332B4847665466302B334459645979495539494E413336752F4C6859794341707830645A374D6C4941476579374947536B3576523830734C714F52745045352F46657450734D7A7661643466505532386662776751494543417750555445444A5730616631684F556966754F652F737653696673796C6E77623334574D707348564A444E6568724E39516C534668496B776B4F36766D4C3252757A6C5574662F735A473363415A7443526C325835764B68586372636F35336A6D6E5354344852505262714A755263795568687051734E5579456A3764383970386A787831447777784E6354593245553267626231642F413135506C2B4472762F39707776742F6A74715079557A5762554244626B537A714D4E486361354C395430383768597A32374D66345870582B2F6F4F516B514A4C764D5271464E61796B4E4459545A325279453271356B324E6C625273475052473932496B6F486A73656475306C57634342416751494844644259534D566652774E786B6358317466567A424F444B75514D5A684D39692F4E474636373333314C5035705170585A583558586270635831632F4F4E2F37624A66444D523630336B4276576343306A3934395876356B4E47397531786D76784E546344626965554C3262306A34346E6E304B35582F366D4B58646179614A664D342B7668424C64646E3756707545327161397350396353334368696A625A742B6269336E786B4D71644F33503835644C565147716257646D4570636C38366E6D7459374A4A68754C766532466A4236484E7751494543427774674A437874713676703141786F726C6B7A2F666A71367471395348414145434241675149454267576B44496D4861786C414142416751494543424167414342417757456A41506837456141414145434241675149454341774C53416B44487459696B424167514945434241674141424167634B43426B4877746D4E414145434241675149454341414946704153466A327356534167514945434241674141424167514F46424179446F537A4777454342416751494543414141454330774A437872534C70515149454342416741414241675149484367675A4277495A7A6343424167514945434141414543424B5946684978704630734A45434241674141424167514945446851514D6734454D35754241675149454341414145434241684D4377675A30793657456942416741414241675149454342776F49435163534363335167514945434141414543424167516D4259514D715A644C4356416741414241675149454342413445414249654E414F4C7352494543414141454342416751494441744947524D7531684B674141424167514945434241674D4342416B4C476758423249304341414145434241675149454267576B44496D4861786C414142416751494543424167414342417757456A41506837456141414145434241675149454341774C53416B44487459696B424167514945434241674141424167634B43426B4877746D4E414145434241675149454341414946704153466A327356534167514945434241674141424167514F46424179446F537A4777454342416751494543414141454330774A437872544C70532F39775A74766861392F387A76683556652F45623779797466395932414D474150476744466744426744786F417863476C6A494D3542343177307A6B6C4C5049534D456F6F4C793469644754763275362B2F4564352B2B30634C53374D3741514945434241675149414167663045346877307A6B586A6E4C52453042417939764D2F797459784E635A4F39534241674141424167514945434277536F45344A34317A3036555049574F705949483959324A3042714D417043494945434241674141424167515743635135615A79624C6E304947557346432B776637384877494543414141454342416751494C414767524A7A5579466A4254315A6F694E5830417856494543414141454342416751754159434A65616D5173594B426B4B4A6A6C78424D315342414145434241675149454467476769556D4A734B47537359434355366367584E55415543424167514945434141494672494642696269706B72474167704935382F63742F457637776A7A34312B652F46723632676F717041674141424167514945434277375158533348524A5134574D4A58714639713037386E473465507166686476762F372F43762F39512F392B762F423833773432662F655677385A5864442F6A673773317734386E6D333950337738756A58522B464F326C39664C3737614C54467067557658397A75796E2F79586E697761655068757366337736333832495036565755506C67324C4F507839644D35734275336565757868335465306F312F483276764F772F37537A652B6175753567556658336F43337A5A6666372F746246342F6C4E4232743634327255372F3179362F485848787662786B322F2F4A7468503639425A58747642335562576733376457512B4744645033673537735056714D766E6D346233733837533933665039766675596D6178487333432B2F453137575565414141454331305641794C676D50646D466A4F6D4A532F7946662B656A2F7A58386E2B2F654C576855453452326B74524D4F6E7154716B4D6D76423132505648734A6F2F393433586254622B4B39636E624F5A3455625A336F5478653830394B584C2B356C6B385061495A396B48336273585478333257625168445478625074797344353775382B6B384D4864727539434D376E655A544B2F7664396A472F4F2B7A536F59587A362B482B356B4D2F505275496E747A636470302F3564366A59343075427450636136666837322B32356A7374732F684E7069513173484E646A34746D706E316963624E3635587A766233486D4E6D3032466D79392B30553758756748472B74637A5347777A48512B6E796C55654141494539424235394D495233764B5035393845517776505A2B3365456B4838482F4D793751766931352B764366793374307A7A6E323733367533555A2B6249397168513346544C3242467672356A75466A50674E2B46643243427256704845772B526C4D5975494549703877376563794D596D594F75592B685137325032796976383842753232486B366C446A72336250684E755854556D586A555434616476687875465130622F594C744F75436132472F52622F456D344D57543044787A435946774F56386633772F365A326D627273716E6A78475762584564744778356C776D4F3479553776397A52727970783232572F4D624B726564506D62396B6A72366A6F734434617076474D386C2B71375939524E6D5151496E4A314144426E2F2F486562634A4643526E774F4963516745594E43444266507646492F3579456A4C717443796274436544584A4E53486C31324A346163704A712F5A34466A4C327746727A70714F51386455594A6E34782F4D4B372F352F77516A50522B742F6547642F2F597669462F2F316D755047763734652F6E477651314953716D76796C537A42326D3954553339536D7934717962316B6E4A312F6A583972564A4B57396C436A6266367265677A4C62535876566C6C53485158414B3664766B7448374C4D61614F4F7A474A336658595858457A6B36717154616C757365347A323355463956366C535635626E393761326A74644468634459396F2B33367A5842374D54366E48663557586B72324E35765842617454467A482F526A76752F6B36386D7832743979716C33394C627033632B32644E4E7857313233727735526233636435763353316D316D334C65785542657A52333363663157645A4A7670377A69633062636E725065552B76332F547974376E4E5937392F445062622F2B4E7761563271593865704D7377717A4E6136544F543975334B713761662F506E533955757676756B4D5764577636584E5A503638374548556A79437343424B3670774E4B514566645077534F6442616E4352784E4F7167437A7635325173622F5A4B7663596859784E7459792F4A43636D45476D58394D7536667739472B6D566458374A794B2F364337303049756C2F65735A7A716C334E326A46365A6B7850443768643756592B483933725830672F4C5333564E7A3850313751516954517A61514E464E61436633796571637974373450444752334F5859655A6B396D3753696D636830452F4A756B726A546843597A487066666C4A57316461724F5135393471644C46315030673262465339656566347A6A713930477650565737752F587A35635131677A457A7458486A3244764731485A706B70794E6C367239366631554779663650693936354A65766A4B2B724D7650505466305A362F6F38687544377A62314B382B7571767276377150374D70556C7A3172664A4B542F724D7458662B566D68385A675A66366137385642345050572B30476A5152702B48394156424E315A536D334B2F2B73785944414C646472484559642F30327A7678576176364B6E334A456B76595965773156666445674143426F77737343686E50682F44506D374D5936524B70464442537857503537386A50644B51566D352B466A4D302B563262744B475438384D33772B72652B486237562B2F643665504F4854556A6F54554C367A657A2F776B3372737044522F4D4C4E72333276666D6D6E582B53546B362B34667A4F686D7071776266756C50626C50586263307563676E6B7657792F73516954546971376262564D54563738726D326D4C6F704F57362B396469394D6A505862506C6B487A51547262796432533764793846326F37496D3239354D724E4B6B656E4B6237684470506F7A4B594D4E597976616F587A5A3153393934782B66657044434E7254525A546D4D6D4B3667656137743867397A30307937316D78706656563354474B724C367571614A714A35534F677157592B4266464C61726174654A59666B6E63624E54463148665A67566C7A7936636447304F355539325A64542F6433566433533879544B61536B79756D79702F3269707253764E792F4A6B59686F4A36772F6F597155397138395266716452687636557653595A316964756C5A594F36563058316A79566B4A462F5042416973516D425279496A33587277726845664E50526A564A564B44657A58692F52375037482B50687043786974477876424B6A6B50477450776B6647667750552F2F2B5178384C4C337972564D69592F6D56655458524745385875306F4A752F58442F34532F784E466E763968312B47356C2B3063654A616A6642716931486B3652716358614D62585673766B33744A734E70416A4C7371384745626E61796D4230374C324A71636A736275507154723370536C666C556B38727863595957772F65704F74564572706D597A6D3254747530394E78506D4E4E6E72425A41714C4B532B6E7246714A336539557173336452766E374A747670464F347A5864502F5475637444643137667131726C74396E4D78794B75514D3972337A4D4A2B59706F50582F6C4E6A4D6D33524869754667477246754E2F53396D6D637437376469757056336D2F74716D78637A66566C74392F34324D4E3968752F623438794F39365A7644686C506F7A4D5A342F716C34336474614835654450743756465936677A5456312B6E6E794E54786873754737314F4E50424D67514F43534261717A44424F686F4C305276466B587A31624D335A50526870533837712B45384D38484E34336E713364344C575473674851564E686D466A4532566A704F6C30532F6A6249633451526D747A795A553251536D3279756241452B75373761734A36467034706D5731372B305531696F4A67393548555A6C4E68505771516E6D374D516E6D78694D796B76314F4F43356D6E7832452B487043566C32374F77512B535370577A79396265394D544C64782F31585672756B4A564A7A34786F6E71645032575441725478473359702F3271355A666A6447766D327071323248393931623768475A4A55334D7A7A6E4D6E4D3576586971742F7A4E6D38656B33476E7172386E5176486D494C485A5948494D5A654E37726D33746667764754477A5431764933624450746D2F30737154615962332F6268746C6A444D76615A61784F48572B346250682B7569575745694241344649453270415162396865634F5033723732722F3739536A594A4B764C6C38393465517362765671726363685977465A7A4C71454E424E6D7175475A354F5765724937574A392F5939683834357343777868753468642F6236492B736235332F506F582F446749645565714A357235424443757938726457736575724B32764270504E7263647543387A7130793672582B535470335A564D786D6364323233374C305954514A376C6D6E54756937744A584354323652744A35376A396E6B6F6E4E6A6B6D43476A4E546E516148782F784651442B737371312F5A73784B356A637669353663716337504E6D39615A3156643248396E6E2F35612F627777333675313165763968747A44513737564C2B3544614467375A7678352B4C366662334A2F716A4F6C666C6A63744B5A3972614D644D654E37336F6C31737648533462766B2F3765695A41674D414A424571466A505A2F6C3470746343626A424432357A6B4F4F51736143657A4A69432F752F314D652F554B76313263526D386E33764C4D4F6A63436662666A676836422B766E6868306C34633045364A5558692B515450644856583638354B576442445A747975705148544F5657525854722B4E3079634E74617076384F4C7363757970373038537257706375333468624A344E383258514E68307548316D315A5135756556394F757A43744F5A71754A57665450396B336C64663031724546365037596154653466502B3739306366617367754C442B37324A2B6E6A3966302B543066652F6A7A52336C343748345537655A754866626431544E626C627A537179756A666F394C2B505A4A4E36357178305A5539382F6E4A366C2B502F586D72385A695A38456E6A4959334E6A655676324C3970577A66704839592F3355665274786E322F626A4F7364667273727179363547772B624D2F315666445A553137736A5A7648324F3249454341774A45456C6F534D644C59692F51395337642F5279454A47504D50524379433774634F5A6A4E326356722F564B475273716E4838705A3550486965336258364A4E74656D64784F5962754E326F684B33475A585833333938503056333655683166667A776C33557A796136766E552F2F6B31557A3257776D4A6657362F715642715A35707774482B6435594831724672626661715637667852473233593839665A744965715865634F4C6D656E6A433132382B385350575A2B742F436B6D4630712F717A31772B4450737A575657553259794F576B64786E71704174487051357642396A314C6464774B674C715131537659666A716A636D732F6F4E743873716C4C30636C44306330336C2F444E654E3674324E7939706D324F357566652B7A4D79696E4E7A6E657443354E394A73326A2F756A333762702F75346F7073664D6F41335A654569542B645176302B5850374E2B304B3239724E37367955446C6F663839746E38756C716D594F36744C3773714665317A6563574A614E68377A756E614A584241675175435342394463777176392B396F4D68744B456A2B7A735A7153707469476A5735662B54564C3566373078473833637A386D3154655275656859774E4F466470566432526234592F2F50586D6232465566794E6A772B74662F31523438796F315546304A45434241674141424167514741746B5A4C4B6350304141414941424A524546556878517934682F67533445672F54472B744E647379456A336336514E38334C6A7376682B767A4D61516B6179764F4C504A54727969684F6F5067454342416751494544677641546933376149663067766E6F57496C7A3746494242762F6B352F38794C39665973594C744B6C55586B415361396274535A63564E73652F74652B5933456C35715A2F72613258467963544B4E47524A36753841784D6751494141415149454346777267524A7A5579466A42554F69524565756F426D71514941414151494543424167634130455373784E685977564449515348626D435A7167434151494543424167514944414E52416F4D5463564D6C597745457030354171616F516F45434241675149414141514C58514B444533465449574D46414B4E47524B3269474B68416751494141415149454346774467524A7A5579466A425150683556652F4564352B2B30637271496B714543424167414142416751496E4C4E416E4A504775656E5368354378564C44412F6C2F2F356E66436431392F6F30424A69694241674141424167514945434277754543636B38613536644B486B4C4655734D442B50336A7A72536F78786B353152714D4171434949454342416741414241675432456F687A304467586A57637834747830365550495743705961502F596D544531786F364E31384835783841594D41614D41575041474441476A41466A344C4C47514A794478726C6F6959415270386443527147516F42674342416751494543414141454342476F4249634E494945434141414543424167514945436771494351555A52545951514945434241674141424167514943426E4741414543424167514945434141414543525157456A4B4B6343694E41674141424167514945434241514D6777426767514945434141414543424167514B436F675A42546C56426742416751494543424167414142416B4B474D5543414141454342416751494543415146454249614D6F70384949454342416741414241675149454241796A41454342416751494543414141454342496F4B43426C464F525647674141424167514945434241674943515951775149454341414145434241675149464255514D676F79716B774167514945434241674141424167534544474F4141414543424167514945434141494769416B4A4755553646455342416741414241675149454341675A4267444241675149454341414145434241675546524179696E49716A41414241675149454342416741414249634D594945434141414543424167514945436771494351555A52545951514945434241674141424167514943426E4741414543424167514945434141414543525157456A4B4B6343694E41674141424167514945434241514D6777426767514945434141414543424167514B436F675A42546C56426742416751494543424167414142416B4B474D5543414141454342416751494543415146454249614D6F70384949454342416741414241675149454241796A41454342416751494543414141454342496F4B43426C464F525647674141424167514945434241674943515951775149454341414145434241675149464255514D676F79716B774167514945434241674141424167534544474F4141414543424167514945434141494769416B4A4755553646455342416741414241675149454341675A4267444241675149454341414145434241675546524179696E49716A41414241675149454342416741414249634D594945434141414543424167514945436771494351555A52545951514945434241674141424167514943426E4741414543424167514945434141414543525157456A4B4B6343694E41674141424167514945434241514D6777426767514945434141414543424167514B436F675A42546C56426742416751494543424167414142416B4B474D5543414141454342416751494543415146454249614D6F70384949454342416741414241675149454241796A41454342416751494543414141454342496F4B43426C464F525647674141424167514945434241674943515951775149454341414145434241675149464255344B5168342B574C322B48476B7A66446A6166766835657A5A6A3234657A506365504A32754869634C5977764839367274342F37375044767A734E732F3866337736336873644B794A2B2B4642396D6D387938666834756E36325066476C567566693972434241675149414141514945434A795477416C4378714E774A77734976534451794D2B476A4330393034615757503764523732743037702B4F4E675747767031335278736467307176577035513441414151494543424167514F4461435A77675A4453477A566D4A46444A53434A696579472B66774E66425A4F347351776F54743850467857356E512B70364E53466A634B616C5077705332647672324E2F504F774945434241675149414141514C58552B447951305A3769564A2B79644F39634646644F6C566649705766796168666235724170306E2B584D41494961526A6267774C55783373544D6155696D55454342416751494141415149454E676C636673686F6170504F585054505A4277514D724C374E464A5A777761335A7A6D616B4E472B7A79376279732B67644A64554F5A4D7874505365414145434241675149454341774461424534574D3775784443675A31364E67514D744C5A694A6C676B496545377658746350464363384E33334D2B5A6A47336A77586F434241675149454341414145436977564F457A4B47676548756F3741315A4D77314E5A334A6D4173512B624763795A6854744A77414151494543424167514942414D59475468497830715651383433446E34533733505779344A324E627941695077703237392B762F656E5975694D7879376C4B3364472F4A686A724F6C6D38464151494543424167514941416765736E63494B5155552F63627A31642F34324D6E532B586D725066476A4C696A73336C575658493643375636693672536B46687738336A7A664862674C5233594A6C72674F5545434241675149414141514945727066413559654D36764B6C37722B535453456A5A38332F64366C382B655472464449476678656A762B3155794A6A2F59332F746A64394E3265335A6C695A595645486A366469472B2B465758465A743530784733397737416751494543424167414342637857342F4A41527A7970635047722F657666536B4A484F4C4C5442594C496E70304A472F2B7846666C616A4C69756438626764376A7938582F38427763485A6933547364742F422B736D71574569414141454342416751494544676D677563494751306F75315A67724877746A4D5A6F2F2B436475766B6669706B62446D546B573459623836516A49365A2F70657235746A562B71667668516550782B3278684141424167514945434241674D4135435A77755A4A7954737259534945434141414543424167514F434D4249654F4D4F6C745443524167514941414151494543467947674A42784763714F515941414151494543424167514F434D4249534D4D2B70735453564167414142416751494543427747514A43786D556F4F7759424167514945434241674143424D7849514D73366F737A57564141454342416751494543417747554943426D586F657759424167514945434141414543424D3549514D67346F38375756414945434241675149414141514B584953426B5849617959784167514941414151494543424134497745683434773657314D4A454342416741414241675149584961416B48455A796F3542674141424167514945434241344977456849777A366D784E4A55434141414543424167514948415A416B4C475A5367374267454342416751494543414149457A456841797A71697A4E5A55414151494543424167514944415A516749475A6568374267454342416751494141415149457A6B68417944696A7A745A55416751494543424167414142417063684947526368724A6A4543424167414142416751494544676A4153486A6A44706255776B51494543414141454342416863686F435163526E4B6A6B47414141454342416751494544676A4153456A4450716245306C51494141415149454342416763426B4351735A6C4B44734741514945434241675149414167544D5345444C4F714C4D316C5141424167514945434241674D426C4341675A6C3648734741514945434241674141424167544F534544494F4B504F316C51434241675149454341414145436C7945675A467947736D4D514945434141414543424167514F434D4249654F4D4F6C745443524167514941414151494543467947674A42784763714F515941414151494543424167514F434D4249534D4D2B70735453564167414142416751494543427747514A43786D556F4F7759424167514945434241674143424D7849514D73366F737A57564141454342416751494543417747554943426D586F657759424167514945434141414543424D3549514D67346F38375756414945434241675149414141514B584953426B5849617959784167514941414151494543424134497745683434773657314D4A454342416741414241675149584961416B48455A796E7363347939652F555A34384F4B587731652F2B5A337733783538747633333174736878483972577662635A313571362F50617437395831632B79454C37776C6464616C2F6736397473786C76333368352B7278737033767666395055615954516B514945434141414543787863514D6F3576764E4D526676536A4546373739757668637939394C587A76427A2B734A715970574869754178614873554D614B7A39384F3451336676446D546D504E52675149454342416741434259777349476363573372483837372F31746D44526E4B30524A735A685970764A71312F2F626E5657593866685A6A4D434241675149454341774645466849796A38753557654C78453673757666455049454449576A59485066506B765178784C486751494543424167414342557773494761667567524371623644545A532F6276724732667639762B632F46374930662F444338387470667257424571774942416751494543427737674A437867704777502F3858313964394133327555796974584F33674C57434961304B4241675149454341774A6B4C43426B724741416D7A37744E6E6A6C74643372757A313961775968574251494543424167514F44634259534D465979414C37373864576379334939525A417A452F2B4C596777414241675149454342776167456834395139454F712F666546622B753366306A50616269526B724F414472516F45434241675149424145444A574D416A69784E4145657673456D7446326F2F68484554304945434241674141424171635745444A4F33514F682F6D76514A7444624A39434D646A4E61775A42574251494543424167514F444D4259534D465177416B2B66644A732B63746A753538587346483268564945434141414543424B376735564950373455625439344D64783732652B2F42335A7554792F74626A642B3966484637647239555A6A7A6554762F7550686F665949636C62767A65506E6B574D48597A636B2F47446838346D7841675149414141514A48463768795A7A4C7169662F74635047346235504377713368697641345844773944676E56646F2F766831745441654C702B2B486C2B45667971754453485375466A6D484143616D6341304F47657A4A326D30414C4774756468497A2B7A775876434241675149414167644D49584B3251305A764D543465482F686D48652B464243686C3348315768346462466F797030334C7037727730596257686F7A704B6B6F4A4B486A4251772B75584838484976504F6A56612F2B4F46444B32543534466A4E324D335069392F2B6650486751494543424167454235675373564D744A452F38374634417845632B596835366D336E51385A2F62415174337355376C526E4E654C722B70474F313975324F5674526E7A6C70746C30594D7237776C64663837314C2B546B61784D5A422F4472776D5149414141514945434A7843344F71456A4F59737734326E373463483854364B4B6C673077654470322B315A6956346765444A653674536338526965796268344846352B484B2B35537546696645394848544C53355649545A30355375466B594D6E784C76397533394A79324F376E782B78512F526832544141454342416751474170636E5A4352683447376A2B71414D4C774A764A6E737038756436735A4F68494D6E62346235657A49326E386C495A61643751487168357342374D747A34765833794C4744735A7553656A4F47504F4F384A4543424167414342557768636F5A415265624C416350642B653050336E59665A387678473775704D51374E756343616A43776464714F6A4F6174526E4C7A61657955686E4D6170714E5A647648526779334A4F7832775261304E6A754A4753633473656F597849675149414141514A44675373564D7449394576464737665136686F55325A4C51542F795A596241675A38597845586B59584F70717A4842502F75315443363835694E4A64534C62786353736A59506E6B574D48597A63754E332B7052364A6B434141414543424534706349564378714E7770773052386154476F2F44674976334E6A5033505A485168497A75544D626A63716A7554306239766F3734664A4F7532685348446A642B37546141466A643263737048704A51454342416751494544674A414A584B4754555075315A68426734326E7379386A4D58636276382F5851413253396B3950756D72554F384E437657593248494D486E6562664C4D6162755447372F376E315876434241675149414167644D49584B4751305A784E794F39374749614D2F48364D4641425334476A3371304E48467A4A6D2F6C426665376E556548312B615658766458754D2F54727A745739397239682F58326F69766E30696670324E334A4F78333266503167514945434241674D4278424B3551794A67414749614D396E4B712F457A477848374E6F767079714630756C356F766F31717A38457947657A4C4F4F786955444431437870625071745545434241675149444170516863375A42784B5554485034695149575355436870752F44372B3539555243424167514941416765304351735A326F364E763864786E586E4B356C4C2F345857774D484833414F6741424167514945434241594975416B4C454636444A576C2F6F57577A6E4F694D512F374F6842674141424167514945446931674A42783668344949626A78577A676F465244646B374743443751714543424167414142416B4849574D456763452B476B43466B724F434471416F4543424167514942414D5145686F786A6C3451554A47554A47715A41522F37436A42774543424167514945446731414A4378716C3749495467786D38686F315449694F563445434241674141424167524F4C53426B6E4C6F4867676C3279516E32755A666C78753856664B4256675141424167514945484250786872476742752F426131533463694E33327634524B7344415149454342416734457A4743736141657A4B454443466A4252394556534241674141424167534B4351675A785367504C306A4945444A4B6851773366682F2B4F62516E4151494543424167554535417943686E6558424A627677574D6B71466A46694F42774543424167514945446731414A4378716C37774933666F6551452B397A4C63755033436A3751716B434141414543424169343858734E5938434E3338356B6C417048627678657779646148516751494543414141466E4D6C5977427479544957514947537634494B6F434151494543424167554578417943684765586842516F61515553706B75504837384D2B6850516B514945434141494679416B4A474F63754453334C6A743542524B6D5445636A774945434241674141424171635745444A4F33514E752F48626A3939766C51705962763166776756594641675149454342417749336661786744627677754E386B75655562674B70626C78753831664B4C5667514142416751494548416D5977566A7744305A516B617051434E6B724F414472516F4543424167514943414D786C7247414E43687042524B6D53343858734E6E3268314945434141414543424A7A4A574D4559634F4F336B4645715A4D5279504167514945434141414543707859514D6B37644132373864754F334737395838436C554251494543424167514B436B674A42525576504173747A343755784771544D5A37736B3438454E6F4E77494543424167514B436F674A42526C504F7777747954495751494759643964757846674141424167514972464E41794668427677675A516B61706B4F4847377856386F4657424141454342416751384C394C7257454D75504662794367564D6D4935486751494543424167414342557773346B334871486E446A7478752F33666939676B2B684B684167514941414151496C4259534D6B706F486C755847623263795370334A634F503367523943757845675149414141514A464259534D6F707948466561654443464479446A7373324D764167514945434241594A30435173594B2B6B584945444A4B6851773366712F674136304B42416751494543416742752F317A4147335067745A4A514B47624563447749454342416751494441715157637954683144376A78323433666276786577616451465167514945434141494753416B4A475363304479334C6A3935597A47613838434C2F316F592B46543736795A6275436B2F57535A7859757379773366682F344962516241514945434241675546524179436A4B6556686837736E594568372B3550384E37376E7A3466413766374A6C4F79456A43426D48665162745259414141514945434A515645444C4B656835556D7043784A547749475474665575624737344D2B676E59695149414141514945436773494759564244796E4F6A64394352736C4C7167345A672F59685149414141514945434A515545444A4B6168355956736B4A3572557379356D4D6E63396B6650486C727838344375314767414142416751494543676E49475355737A79344A44642B4F354E524B6879364A2B50676A364564435241675149414167594943516B5A427A454F4C636B2B476B43466B485072707352384241675149454343775267456859775739496D5149476156436868752F562F4342566755434241675149454441582F786577786877343765515553706B78484938434241675149414141514B6E466E416D343951393443392B62372B7032593366323432617678486978753856664B425667514142416751494548416D5977316A344678762F48376A712F387250487A2B7865332F50764752366F2F78666667544F327A372F49766866333731687A7450796B7565515668445757373858734D6E5768304945434241674141425A7A4A574D41624F3835364D31384C762F2B6148712F41512F35703330582B2F2B542F43347A50393639394378676F2B304B704167414142416751494F4A4F78686A46776E69456A424763797474794C636B425163755033476A3752366B434141414543424167346B3747434D654447377932546266646B374858353177714774436F5149454341414145435A7934675A4B7867414B7A68577635563130484932446C6B755046374252396F5653424167414142416752634C7257474D5843754E333776484779456A4A3144686E73793176434A5667634342416751494544416D5977566A49467A76536444794E68796D6467423932514947537634514B7343415149454342416734457A47477361416B4C466C7375314D7873356E4D747A3476595A5074446F5149454341414145437A6D5373594179343856764932506D737A67356E4E3159777046574241414543424167514F484D4249574D464136446B42504E616C75564D7873356E4D747A347659495074436F5149454341414145434C706461777868773437637A476158436F5873793176434A5667634342416751494544416D5977566A4148335A41675A5173594B506F697151494141415149454342515445444B4B555235656B4A43784A57533838694438316F632B466A373579706274647268666F64526B6671336C75504837384D2B6850516B514945434141494679416B4A474F63754453334C6A742F42514D7251635042447453494141415149454342416F4A43426B46494A63556B7A4A436161797A6A757775504637795366527667514945434241674541704153476A6C4F534363747A34666437426F475177644F503367672B6958516B514945434141494669416B4A474D63724443334A50687042524B6D67494759642F4475314A67414142416751496C424D514D73705A486C79536B43466B6C416F5A6276772B2B474E6F5277494543424167514B4367674A4252455050516F747A344C57535543686D78484138434241675149454341774B6B466849785439304177775334357754373373747A347659495074436F5149454341414145432F754C33477361414737384672564C687944305A612F684571774D424167514945434467544D594B786F42374D6F514D49574D4648305256494543414141454342496F4A43426E464B413876534D67514D6B71464444642B482F3435744363424167514945434251546B44494B47643563456C752F425979536F574D574934484151494543424167514F4455416B4C47715876416A642B6835415437334D7479342F634B507443715149414141514945434C6A786577316A344E776E78747066376B794F47372F5838496C574277494543424167514D435A6A42574D4166646B6C4A746B6E33746745544A57384946574251494543424167514D435A6A44574D41534644794367566A747A3476595A5074446F5149454341414145437A6D53735941774947554A47715A4152792F45675149414141514945434A7861514D673464512B343864754E33322B5843316E78447A743645434241674141424167524F4C53426B6E4C6F48684177686F32444963452F47436A3751716B434141414543424169344A324D4E5938446C5575572B79533935326446564C457649574D4D6E5768304945434241674141425A7A4A574D4161454443476A564B434A66396A526777414241675149454342776167456834395139454549514D6F534D5569456A6C754E42674141424167514945446931674A42783668357754345A374D6772656B2B4847377856386F465742414145434241675163452F4747735A4179572B786C5858655A3058636B3747475437513645434241674141424173356B7247414D75467A7176494E427957416F5A4B7A674136304B424167514945434167444D5A61786744516F61515553706F75504637445A396F64534241674141424167536379566A42474241796849785349534F573430474141414543424167514F4C57416B484871486E446A7478752F33666939676B2B684B684167514941414151496C4259534D6B706F486C6C58795732786C6E66645A4566646B48506768744273424167514945434251564544494B4D7035574745756C7A72765946417947416F5A6833304737555741414145434241695546524179796E6F65564A715149575355436870752F44376F4932676E41675149454342416F4C43416B464559394A4469684177686F315449694F563445434241674141424167524F4C53426B6E4C6F4833506A74786D383366712F675536674B424167514945434151456B4249614F6B356F466C6C66775757316E6E6656624550526B4866676A74526F4141415149454342515645444B4B636835576D4D756C7A6A73596C41794751735A686E3046374553424167414142416D5546684979796E6765564A6D5149476157436868752F442F6F49326F6B41415149454342416F4C43426B46415939704467685138676F46544A694F523445434241675149414167564D4C43426D6E3767453366727678323433664B2F6755716749424167514945434251556B44494B4B6C3559466B6C76385657316E6D6646584650786F4566517273524945434141414543525157456A4B4B636878586D63716E7A4467596C673647516364686E304634454342416751494241575145686F367A6E5161554A47554A477161446878752B44506F4A32496B43414141454342416F4C43426D4651513870547367514D6B71466A46694F42774543424167514945446731414A4378716C377749336662767832342F634B506F57715149414141514945434A515545444A4B6168355956736C76735A5631336D6446334A4E78344966516267514945434241674542524153476A4B4F646868626C633672794451636C674B47516339686D30467745434241675149464257514D676F36336C5161554B476B464571614C6A782B3643506F4A3049454342416741434277674A43526D485151346F544D6F534D5569456A6C754E42674141424167514945446931674A427836683577343763627639333476594A506F536F5149454341414145434A5157456A4A4B6142355A56386C74735A5A3333575248335A427A344962516241514945434241675546524179436A4B655668684C706336373242514D68674B475964394275314667414142416751496C4255514D737036486C53616B43466B6C416F616276772B36434E6F4A77494543424167514B4377674A425247505351346F514D49614E5579496A6C654241675149414141514945546930675A4A793642397A3437635A764E33367634464F6F43675149454342416745424A4153476A704F61425A5A5838466C745A353331577844305A4233344937556141414145434241675546524179696E496556706A4C70633437474A514D686B4C47595A3942657845675149414141514A6C4259534D737034486C535A6B43426D6C676F596276772F36434E714A41414543424167514B4377675A42514750615134495550494B425579596A6B654241675149454341414946544377675A702B34424E3336373864754E33797634464B6F43415149454342416755464A41794369706557425A4A622F4656745A356E7856785438614248304B374553424167414142416B5546684979696E496356356E4B70387734474A594F686B4848595A394265424167514945434151466B4249614F733530476C43526C4352716D6734636276677A364364694A41674141424167514B4377675A685545504B55374945444A4B685978596A6763424167514945434241344E5143517361706538434E3332373864755033436A3646716B4341414145434241695546424179536D6F65574E5962623735746F6C31776F6C3379724D42564B2B752F502F7A636761505162675149454342416741434263674A43526A6E4C67307436384F4B58772F642B38454E42513942594E4162694749706A79594D41415149454342416763476F4249655055505242432B4974587678452B2F394A7269796159562B3062642F557466782F4B643935344B337A3136332B31676847744367514945434241674D43354377675A4B786B426E2F754C76777876764F57794B65486A735044782B68747668522B363658736C6E32625649454341414145434249534D6C597942482F306F564A5045762F7A6D64385072333366706C4C437857396949597957654258762B7A31384B62306B5A4B2F6B307177594241675149454341675A4B7873444D524C702B4A3139664547336A54526A762F46626670337273766933333949427139392B3375566A5755682F506D58587130757431765A4D4659644167514945434241344D77466849777A48774361543441414151494543424167514B4330674A4252576C5235424167514945434141414543424D3563514D6734387747672B51514945434241674141424167524B4377675A70555756523441414151494543424167514F444D4259534D4D7838416D6B2B4141414543424167514945436774494351555670556551514945434241674141424167544F584544494F504D426F506B4543424167514941414151494553677349476156466C5565414141454342416751494544677A4157456A444D66414A70506741414241675149454342416F4C53416B46466156486B454342416751494141415149457A6C784179446A7A4161443542416751494543414141454342456F4C43426D6C525A5648674141424167514945434241344D77466849777A48774361543441414151494543424167514B4330674A4252576C5235424167514945434141414543424D3563514D6734387747672B51514945434241674141424167524B4377675A70555756523441414151494543424167514F444D4259534D4D7838416D6B2B4141414543424167514945436774494351555670556551514945434241674141424167544F584544494F504D426F506B4543424167514941414151494553677349476156466C5565414141454342416751494544677A4157456A444D66414A70506741414241675149454342416F4C53416B46466156486B454342416751494141415149457A6C784179466A4241486A77344548776A34457859417759413861414D57414D4741504777467247774E497073704378564C44412F6E4577655241675149414141514945434242596730434A75616D5173594B654C4E47524B3269474B68416751494141415149454346774467524A7A5579466A42514F68524565756F426D71514941414151494543424167634130455373784E685977564449515348626D435A7167434151494543424167514944414E52416F4D5463564D6C597745457030354171616F516F45434241675149414141514C58514B444533465449574D46414B4E47524B3269474B68416751494141415149454346774467524A7A5579466A42514F68524565756F426D71514941414151494543424167634130455373784E685977564449515348626D435A7167434151494543424167514944414E52416F4D5463564D6C597745457030354171616F516F45434241675149414141514C58514B444533465449574D46414B4E47524B3269474B684167514941414151494543467870587864394141416741456C455156514467524A7A5579466A42514F68524565756F426D71514941414151494543424167634130455373784E7A794E6B504C3466626A31354D39783532505836797865337734306E3734554837614A48346336544E384F74693866746B76696933753532474378756C76664C374F32347835735348626E483457784B67414142416751494543424159466167784E7A304C454C47673773337734306E34373855466836484233646A794C675A626A783950377763516B6A62334C723771487166314C755138546863504A334B6D58764F513073715966747A6959376366685262454342416741414241675149454E677555474A75656859684934516D494478394C7A7834574A2F567145504870724177444255706F4E5164553463505A7A4B3244394E7957377A725865384B373337337532634C334C5A2B646B637272715841622F3357623457662F4D6D66764A5A7430796743424169636F38444E6D7A66447A2F37737A78366C36553838385552623772367632783276305173686F30426E706A4D592B6156556462487838716E623455353178714D4F47436C597A4161557534384F716C474A6A6F77486A7050732B4D45592F7674482F2B676668662F34482F2F6A515858625A6165662B376D664778307A315347754B2F56495A63365674323339334836626C6E2F6E4F392B7037474B34536558483139457A72764E597238446E502F2F35717339534454654E3039533353385A723344667476387578346A485439716D4F6C2F5738612F325379394B36587662784C737652636136657743736666576434346F6B50684F66327276707A34514D483762663367657777492F447373382B327634666A36354B502B444D7550664C5861566C387A70666E722F4E7472745072456E50543633386D342B4739356C4B706D2B48475241695944526E5666527A33776B56313730622F4C45596352436C776A4D504A2F6B4F73524566476F385A42762B6C662F4762334749394E453469536B366A5574726B326246732F74392F63386A684A6A642B4570334B487A7A47387857314F2F526947792F78737A365A3170657639442F374250776A7833356F6573632F5359394D34545832375A4C7A476664502B75787772486A4E746E2B703457632B3731692B354C4B33725A522B76754F4F444434516E6676365A384D7073775845432B6B543451486554332B795731336C462F4F496C667373632F3633355335677161477A737A366C654F6F2B517365592B7A482B6635622F6E706E7272304758785A31332B6D44707A4D74776D332F3436765334784E37332B495350326548506A64776F5A4B566A4D6E5A476F6276364F346554702B2B464243686B3758575A31324F56544A546F794E6A4E4E434961442F434D662B556931376C696E474E50782F7541502F7141367A71316274394B696F73397A375573483262592B6262667238792F393069395637596B2F32504A76545A352F2F766E327246486335745350314F37384F64557058355A657033556C6E372F3070533956566D734B47616D3938646D44774D45434D5744454C3341325445716665332F3942633835683477304F55326675354D486A64527657373538532F564E7A78393455416647394836333530504F6A427738496F2B32342B72364D4774704F6A5039457A2F784579482B692F31532B6B752B57475A3676502F393736392B3736662B6A334F41482F336F52395678307A6235396D6E5A64586F754D54633979354352443449554F4F624F534851336671657A462B4F7A47696E454450396E717677346D313658364D685966766F7744492F31367175767A7134626272766B2F582F34442F2B684F6B353850735A6A726E3370574E7657702B31326655376C5458306A46356646627A672B2B4D4550376C726330625A4C39637966303848795A656C31576E666F632F70466C482B54394C752F2B377456332F2B62662F4E76716D4C54747A3954646F636539354439336E727272554E324F347439707672785741316679336A597233317073766E4F3849483376334D2B5A4D544A3750732F4D446954456664395A336A6D775450686E576D536D3457554F70546B45395036574F2F38365079356B76337166766C62787A354F50325053632F347A34764A723142307865732F615676323337654B705638497A503939634B5A443159336545362F46717A58333471372F36713958346972397A3437383478754B79556F3959586E716B31384D7A4A336D6F5364756B6661376A63346D35715A44522F4D39547534654D755A7646782F2F3937613644726B5248786D504651543831384F4E6C556E46352F4146797A456338677847504538396F484F4D783137353072473372303361375073664C6F574B5A642B2F6544532B38384D4C4733654933484B64367048626E7A366B752B624C304F71303735446C4E54474E5A3851647765735277455A664673424566365A66564B622F4E76482F2F667268392B3362346F7A2F366F31524E7A343141336F2B7833343739534750766C4F4E682F7A592B463535704A76337A6C3966456342444451683053756A4D5A3966763832763871574C5154314872536D69612B316272336235766F37742B437939776A6E35436C2F73352F526C786D58556248696B476974652B766A665A64762F5858705866314E6B3166502F6A416647424A4F317A5235375832596678356C635A552F4E49302F2B493072697635534438504E35303553647555504F346179796F784E7A32376B4A4875705A693756436F745436486A4B70374A53422F4734664F7876315836715A2F3671656F48516677426349784861733963326476577A2B303374667862332F7057694A64466665786A4877752F2F64752F5854332F352F2F386E384F4850765368384A3733764366457936522B3452642B49647934635350382F622F2F39343936592F31552F664A6C553738593076704E363949322B7A796E3842436638782F752F2F41662F734F71372B4E6C552F4552313656746A7A33753575722F6D6339384A6E7A796B35384D502F4D7A50314E7473737439415576756B596A37707631334F56596372326E377554596361336E716D2B466E5A6C4F396C3951314853632B352B5068574D6372375459584D754C794F69684D68347A65355058566546626A6E65475A394F4F7875707A6E6E65475A6A38624C73664B7A477156727237775159716A4C37424E4A374A4F5A384A45326951476A362B4F366E37706C6153765078785349507A50796E794835362F7A6E7964493678484C54592B374D79522F2B34522B6D54616F3674572B75345173685939644F62652F4A7546663977623055494F4C752B3138757466347A47666B4863506A365744642F703238575974413431694E64687A6C566676716D49353539575071492F334E554441342F2F644D2F5851574A662F57762F6C55564C48376A4E33346A784B44784F372F7A4F315877654F615A5A384A7A7A7A30585969425A777950397A787478416A6C3862466F33334862542B7A51357A622B525476646A784B43524872452F346A5A782F4A3371323877344A6D4D662F7637762F333556725530543276513557544B526A76756D2F586335566A786D326A363558645A7A36736655376E546354665665557464306E5069636A34646A48532B317039547A5A4D6A6F5456436E51735A77556A76634A6F51345759306D7654425371744C4B3651754D7A6D62555A35506D375A744C704E6F7A544D325A6A4B625571752F61646631446556645734423376654D647379506937662F6676466A6C592F42796D5235705078475878393069613338543363563138354E756E2F6137627335437861342B6D6B4448784637333344786B54393251302F34505657752F4A69457A4876766E3732446439787A616B622B552F38596C506A486F2B4C6F73662B6E77434D39706F787758624C6E324B5A7A6A534E61456C5173324F3164713632632F2F2F4D3958426C5058715735617437586762495034417A5A4E554E4D33534D50374D654C6D615A76346E48346F5A3855632F57587377332F784C2F35462B5045662F2F47546E6D5536656B4D50504544656A356678797A4965492F3437315867346B4B6E646252777968742B4D44774E45664C393779456958546255487649497630732F6E314E66784F66324D5745747A756D42514234685A392B7173557A71446B57726644786C78615230537238395A7144583259667264486E393244422F7039387A556E4743343761377634356548323836636C447A657276553678585A4378713771565169592F6D766353304A473272652B784771362F463271574B496A34334853442F6570592B5A4A66477239306D584876756B373169394F376D4D6234333872477A2F6B636149552F38585836622B616A64755565735166594446455445325334374A4E337158717347733538643644564A2F38357253342F365A317535616662786662486D31536F4276656A7847336A65766A76796D37764B786A7633626A39377A7773422F6E7431792B4A6F36564E5979485131737943686E4E4A44523935764C6E37744B6177526D4B617038736546535853333067504A63756D3071585552316179525076462F73336434697630382B4945316574642F6830396D6862774B6A4F6346523930397A776E57376762352B627672776D2F52655231746948365378386642342B4E7130626272764C2B2F54485733633963784C482B48562B6C4A69626E73633947537366425355364D6A59782F59436661753678622F342B396B33667155327048616D742B58507053384853747A727857343038764D5166624F6D626A6A5838463762354C34616877615A3179585470632F787661324D2F705073786C705A5861762B50662F7A6A6276777568586E6D355978437873686A366B78472F372B39376235466A7A763374362F5762626B33594854496C5331496F5458395449342F653037394A634F51714F72484A353449372F7A352B4166356E67685037485735302F684D78724438712F372B4B76546873597A6A654969502B4B566C66423348372F435266702F47626462775030734F3631663666596D35715A4252756C634F4B4B39455238624470682F756D3536486B394144717476756371727271654F455077614165493947504E4D51582B63686F4B3367776866786A4541736638347A486A2B6549547231492F3767692F574D502F69476A303372687473652B6E364E66345176746958652B503137762F64373462337666572F567445336A4E6658786B76734F347235702F31324F46592B5A746A2F552F74443964713166636C6C613138732B33714575632F7364476A492B3850376D62327A4543573062497070722F64763338616831364A6A39646E3275596974626E6961703865664F65674A4762527648384E41336E6458593763623736783879346E42615A783965336B44507A34376B51534C4F6E664A316C31656A30783270784E7855794468642F3756484C744752736244307A58732B4D556976347953305A4D43497839733063546A56354B6C464C6651692F73434E62726C746642325872656558614B484758724E69557368493936687347712F7063374A6B334D5A39302F3637484373654D32312F3266533731692B354C4B33725A522F76736A33487836736E74764D3346592F33734B53775148757030793733544852425A4C37507A694E6B464F36466734754C39336E47733948372F467636332B66484C7737544977614B3949672F2F3659656338756E7472324B7930724D5459574D466652386959356351544F4F576F56387372504C36364E5752754658516944656B4234765A2F4E334D7135456431327A53676F5A313678444E656553425334375A4F534259642F586C30787A615963724D5463564D693674752B5950564B496A353075336873443543726A782B337A372F725174467A4A4F362B2F6F42416773465367784E7855796C765A436766314C6447534261696943414145434241675149454341514367784E785579566A4351536E546B43707168436751494543424167414142417464416F4D5463564D68597755416F305A45726149597145434241674141424167514958414F42456E4E5449574D464136464552363667476170416741414241675149454342774451524B7A4532466A42554D6842496475594A6D714149424167514945434241674D4131454367784E785579566A4151536E546B43707168436751494543424167414142417464416F4D5463564D68597755416F305A45726149597145434241674141424167514958414F42456E4E5449574D464136464552363667476170416741414241675149454342774451524B7A4532466A42554D6842496475594A6D4C4B374364372F373363566C4B49414141514945434241675147435A51496D35715A437872412B4B37463269493474553542494C2B626D662B376E7778424E506250775874316E44342F6E6E6E772B336239384F3733373375385064753366446437377A6E5456556133456433765775643233306E2B7166614F4242674141424167514958472B42456E4E5449574D465932527052323661734B396C6F6A356B4874623578332F3878306354336A58552F524F662B4D536F586A2F356B7A385A50762F357A772B6274506A395A552F3670304C454C7373574E3151424241675149454341774B6F466C73354E592B4F456A42563038644B4F4845375938346E69476962713234672F2F656C50567850356E2F6D5A6E396D32366157756A3045695758376B49782B707A6D443836712F2B617258734745456A4857766635304E52306E48692F76483133434F747937656632395A794167514945434241344F6F4C4C4A3262526745685977586A6F4552487271415A42316668332F37626631744E63762F54662F7050423564786A42312F365A642B7161705844426A354979307666656E51767050346662665032784266702F33543833423965702F57702B653033444D4241675149454342775051564B7A4532466A42574D6A52496475594A6D4846534637333376652B48762F4A322F55303134583337353559504B4F4E5A4F36664B6C64413947504373552F333332733539744A2B68662B4D49586968302B6E38536E59323071504E392B30335A7A362F4C39342B753552317158627A2B337265554543424167514944413152636F4D5463564D6C5977446B7030354171616356415637742B2F583033592F2B572F2F4A634837582F4D6E5437347751395764597558534D56486E506A486966592F2F73662F7541305A385830386F314869486F3138456A38564D754C3949616B7573543735396F6334705033543831775A615831366E74764F6367494543424167514F4236434A53596D776F5A4B78674C537A7379545837544A48435835376A504768362F2B49752F57453257347752366259393442754D6E6675496E717672467966315876764B56384E4D2F2F645074354435334C6E4750526970767969472F415430466A55336254355578584A62766E31375050636439303770684F643454494543414141454331307467366477306167675A4B786754537A7679716F614D762F694C7636676D726E2F76372F3239384F6162623636674A385A566947636F557442496B2B7A3048414E484442357830682B58786143524C7130616C37523953536F33625A6E4F584F51424939386D6635333232656335337A2B396E6E754F35615A312B787A447467514945434241674D4456453167364E343074466A4A57304F386C4F6E49467A64693743722F356D37395A54567A66383537337450756D7934532B2B63317668766776765738334F4D474C474454532F526C706F7030756D55706E68464C51694A6459486670495A63663970344A4657682B6634794F39583371386265576B39656E35304F505A6A77414241675149454C67614169586D706B4C4743767136524565756F426C37562B47662F4A4E2F556B3255487A3538324F36627A73723830332F36543050384679653261534C66626E536946312F3834686662695832382B5473505150454D5271787244434F4850764A4A66486F39397879506B6461564F7435634F6645344A5934335637376C4241675149454341774C6F455373784E6859775639476D4A6A6C78424D2F6175516A776245502F6C6A336A32496F574C4F4C6D4E722B4F7974547A53475933344638447A522F7876626D4E39302F30532B627064582B386247766264666C6950744839364871355037395036394A795765795A4167414142416753757030434A75616D5173594B787362516A3037662F61524B3436586B745A77586D324E63654D764A374E474B676947637755734349376B762B6C366C4E2F625A70335A7A6C747557707A4C686466443333534F767937656532745A774141514945434243342B674A4C35365A52514D685977546859327046584B57536B69657255632B794B314A593158693656686B6F654E504A327850736F6C6A7A53575A4B387A4732765331796574653059772F564C326D6866416751494543424159503043532B656D7359564378677236755552487271415A52616F51513062384638396F78482F70665A484343786153337777654A2F7250502F39387764497670366A4C446A5758307970484955434141414543424A594B6C4A696243686C4C653648412F695536736B4131464547414141454342416751494541676C4A696243686B724745676C4F6E49467A56414641675149454342416741434261794251596D34715A4B7867494A546F79425530517855494543424167414142416753756755434A75616D5173594B42554B496A5639414D565342416741414241675149454C67474169586D706B4C4743675A436959356351544E5567514142416751494543424134426F496C4A696243686B724741676C4F6E49467A56414641675149454342416741434261794251596D34715A4B7867494A546F79425530517855494543424167414142416753756755434A75616D5173594B42554B496A5639414D565342416741414241675149454C67474169586D706B4C4743675A436959356351544E5567514142416751494543424134426F496C4A696243686B724741676C4F6E49467A56414641675149454342416741434261794251596D34715A4B7867494A546F79425530517855494543424167414142416753756755434A75616D5173594B42554B496A5639414D565342416741414241675149454C67474169586D706B4C4743675A436959356351544E5567514142416751494543424134426F496C4A696243686B7247416978492F316A59417759413861414D57414D47415047674447776C6A477764496F735A4377564C4C422F48457765424167514945434141414543424E596755474A754B6D53736F43644C644F514B6D71454B42416751494543414141454331304367784E785579466A4251436A526B53746F68696F514945434141414543424168634134455363314D68597755446F5552487271415A716B434141414543424167514948414E4245724D5459574D4651794545683235676D616F416745434241675149454341774455514B44453346544A574D42424B644F514B6D71454B42416751494543414141454331304367784E785579466A4251436A526B53746F68696F514945434141414543424168634134455363314D68597755446F5552487271415A716B434141414543424167514948414E4245724D5459574D4651794545683235676D616F416745434241675149454341774455514B44453346544A574D42424B644F514B6D71454B42416751494543414141454331304367784E785579466A4251436A526B53746F68696F514945434141414543424168634134455363314D68597755446F5552487271415A716B434141414543424167514948414E4245724D5459574D4651794545683235676D616F416745434241675149454341774455514B44453346544A574D42424B644F514B6D71454B42416751494543414141454331304367784E785579466A4251436A526B56307A7668302B3965763377786536426432726233777133507634354A6F51776866432F5A74542B38586C4E38504E582F39552B485A5830754256334F5A652B4E5133426F7433656A743333413037662B462B75486E77385461556178554241675149454342416745416F4D5463564D6C59776B4570305A4E364D4C337A385A726A3336572B4862332F365872675A41384C73767934597847336A50766D6A336A38476A2B30686F7470324E73446B705135657838437759622F7462636A624E7857534273667A6C6741424167514945434241594B4E4169626D706B4C47522B484A576C756A49586B306E4A2B347A5A77797173774C355250316D75502F70543456374E2B75676B73714E7765586D354A6D4F5A6F74346C6D546A325935347369536567656766612F7039436773627A73716B6971586E4C39776668615330796A4D424167514945434241674D44754169586D706B4C473774354832374A45523434724679666F6D79623033566D4D4C337738667830766A626F6637672F332F66696E36764A6D676B5239787145725A31796638502B33647A63376B6874586F6F42663479376D7165594A42433330454E4A4338776A474E4E434E655144765A745759666F434256373651644F4846624977526247416743646F4948674D4742414D4E586B5351515559456D542F5665626F637866344B7343737A53515A50664F655147616579716A576C5275566438397461423431503353425676393631487A3864757A552B3952794F7A7530314167514945434241674143422B775169317161616A507573502B706545596D632F365A69626972365833744B776538582B4D75553869634133302B2F2F37667244634A56674E514D6650466D656E4E316A4831446B5271485074596D7A6A78755061656C63616F626E5757666670797238647049674141424167514945434277555342696261724A754D6A3766427369456A6C486D786268623662662F393937666930704E525866542B2F53677233367847442B74616A6C453542364D582F783135486D68582F36684B4A704548712B2B684F4B744B3030454D3366592B77626B544A4D2F556C47666C7A48566E62796E514142416751494543424134474742694C57704A7550684E44772B514551696378527034563457332F3269766F52357161464966345078482B2F5734394E43766D34634C763036556D6F73797163495235394D6C4E4D32445568754D4D6F666C472F4835372F5A614A714F3756652B796A6E4B654B564A61582F39617433714151454342416751494543417741634B524B784E4E526B666942393557455169557A7A3149722F35524B4C37592B7432595A345738764D6657756450434E5A3953784F7766432F4E537A587876482F6446467871624B702F486A664856592B31664B4A524E7A5431723334642F324834386B6C4C2F6857742B5845377079704944776B514945434141414543424A346B454C45323157513869667A6A3742795279476C61666C55712F3763714C76336130645A5172444E5A46766E7A596E373575347A79615564704767352B56536F334748577A6B415A6350364659523538663548486535542F55506D6F47356D596C625A2B626E66586F6376373168667242387174653955736545794241674141424167514950437751735462565A447963687363486945686B5875442F322B2B6E37394F764F6633486C622F4A5744353571442F707941762F70746D592F78576F3869744F2F61394B35575072547A425767766E586D2F70666253726A724C73645054686F4B4B346564394434484133724E51494543424167514941416761634A524B784E4E526C504D2F386F6530636B73767971553172675831716337312F6650746C4978382F4E77666261504E6E7145344F6C45656D626941596C4E51764E66343337307163717A5645484D61666A797139464858312F34462F44616B2F7447514543424167514945434151435551735462565A4653672F366948447963794C663758583133714676563530623873307464396C706D6D342F496E45716D78715035567176526164647A325355663336307758774F61475A396E337969634F71656C5A2F2B61692F32546B344A4F4E3758525634374F3936424542416751494543424167454341774D4E7230326D614E426B4269586830694968455068714434776B5149454341414145434241676B6759693171535A6A6746714B534F51413078414341514945434241675149444143515169317161616A41454B49534B52413078444341514945434241674141424169635169466962616A49474B4953495241347744534551494543414141454342416963514342696261724A474B4151496849357744534551494141415149454342416763414B42694C57704A6D4F41516F684935414454454149424167514945434241674D414A42434C577070714D41516F684970454454454D494241675149454341414145434A784349574A74714D67596F68496845446A414E495241675149414141514945434A784149474A7471736B596F424169456A6E414E495241674141424167514945434277416F474974616B6D5934424369456A6B414E4D5141674543424167514945434177416B454974616D6D6F7742436945696B514E4D5177674543424167514941414151496E454968596D326F79426969456945514F4D4130684543424167414142416751496E454167596D327179526967454349534F634130684543414141454342416751494841436759693171535A6A67454B49534F51413078414341514945434241675149444143515169317161616A41454B49534B52413078444341514945434241674141424169635169466962616A49474B4953495241347744534551494543414141454342416963514342696261724A474B4151496849357744534551494141415149454342416763414B42694C57704A6D4F41516F684935414454454149424167514945434241674D414A42434C577070714D41516F684970454454454D494241675149454341414145434A784349574A74714D67596F68496845446A414E495241675149414141514945434A784149474A7471736B596F424169456A6E414E495241674141424167514945434277416F474974616B6D5934424369456A6B414E4D5141674543424167514945434177416B454974616D6D6F7742436945696B514E4D5177674543424167514941414151496E454968596D326F79426969456945514F4D4130684543424167414142416751496E454167596D327179526967454349534F634130684543414141454342416751494841436759693171535A6A67454B49534F51413078414341514945434241675149444143515169317161616A41454B49534B52413078444341514945434241674141424169635169466962616A49474B4953495241347744534551494543414141454342416963514342696261724A474B4151496849357744534551494141415149454342416763414B42694C57704A6D4F41516F684935414454454149424167514945434241674D414A42434C577070714D41516F684970454454454D494241675149454341414145434A784349574A74714D67596F68496845446A414E495241675149414141514945434A784149474A7471736B596F424169456A6E414E495241674141424167514945434277416F474974616B6D5934424369456A6B414E4D5141674543424167514945434177416B454974616D6D6F7742436945696B514E4D5177674543424167514941414151496E454968596D326F79426969456945514F4D4130684543424167414142416751496E454167596D327179526967454349534F634130684543414141454342416751494841436759693171535A6A67454B49534F51413078414341514945434241675149444143515169317161616A41454B49534B52413078444341514945434241674141424169635169466962616A49474B4953495241347744534551494543414141454342416963514342696261724A474B4151496849357744534551494141415149454342416763414B42694C57704A6D4F41516F684935414454454149424167514945434241674D414A42434C577070714D41516F684970454454454D494241675149454341414145434A784349574A74714D67596F68496845446A414E495241675149414141514945434A784149474A7471736B596F424169456A6E414E495241674141424167514945434277416F474974616B6D5934424369456A6B414E4D5141674543424167514945434177416B454974616D6D6F7742436945696B514E4D5177674543424167514941414151496E454968596D326F79426969456945514F4D4130684543424167414142416751496E454167596D327179526967454349534F634130684543414141454342416751494841436759693171535A6A67454B49534F51413078414341514945434241675149444143515169317161616A41454B49534B52413078444341514945434241674141424169635169466962616A49474B4953495241347744534551494543414141454342416963514342696261724A474B4151496849357744534551494141415149454342416763414B42694C57704A6D4F41516F684935414454454149424167514945434241674D414A42434C577070714D41516F684970454454454D494241675149454341414145434A784349574A74714D67596F68496845446A414E495241675149414141514945434A784149474A7471736B596F424169456A6E414E495241674141424167514945434277416F474974616B6D5934424369456A6B414E4D5141674543424167514945434177416B454974616D6D6F7742436945696B514E4D5177674543424167514941414151496E454968596D326F79426969456945514F4D4130684543424167414142416751496E454167596D327179526967454349534F634130684543414141454342416751494841436759693171535A6A67454B49534F51413078414341514945434241675149444143515169316A41486B734D414143414153555242564B61616A41454B49534B52413078444341514945434241674141424169635169466962616A49474B4953495241347744534551494543414141454342416963514342696261724A474B4151496849357744534551494141415149454342416763414B42694C57704A6D4F41516F684935414454454149424167514945434241674D414A42434C577070714D41516F684970454454454D494241675149454341414145434A784349574A74714D67596F68496845446A414E495241675149414141514945434A784149474A7471736B596F424169456A6E414E495241674141424167514945434277416F474974616B6D5934424369456A6B414E4D5141674543424167514945434177416B454974616D6D6F7742436945696B514E4D5177674543424167514941414151496E454968596D326F79426969456945514F4D4130684543424167414142416751496E454167596D327179526967454349534F634130684543414141454342416751494841436759693171535A6A67454B49534F51413078414341514945434241675149444143515169317161616A41454B49534B52413078444341514945434241674141424169635169466962616A49474B4953495241347744534551494543414141454342416963514342696261724A474B4151496849357744534551494141415149454342416763414B42694C57704A6D4F41516F684935414454454149424167514945434241674D414A42434C577070714D41516F684970454454454D494241675149454341414145434A784349574A74714D67596F68496845446A414E495241675149414141514945434A784149474A7471736B596F424169456A6E414E495241674141424167514945434277416F474974616B6D5934424369456A6B414E4D5141674543424167514945434177416B454974616D6D6F7742436945696B514E4D5177674543424167514941414151496E454968596D326F79426969456945514F4D4130684543424167414142416751496E454167596D327179526967454349534F634130684543414141454342416751494841436759693171535A6A67454B49534F51413078414341514945434241675149444143515169317161616A41454B49534B52413078444341514945434241674141424169635169466962616A49474B4953495241347744534551494543414141454342416963514342696261724A474B4151496849357744534551494141415149454342416763414B42694C57704A6D4F41516F684935414454454149424167514945434241674D414A42434C577070714D41516F684970454454454D494241675149454341414145434A784349574A74714D67596F68496845446A414E495241675149414141514945434A784149474A7471736B596F424169456A6E414E495241674141424167514945434277416F474974616B6D5934424369456A6B414E4D5141674543424167514945434177416B454974616D6D6F7742436945696B514E4D5177674543424167514941414151496E454968596D326F79426969456945514F4D4130684543424167414142416751496E454167596D327179526967454349534F634130684543414141454342416751494841436759693171535A6A67454B49534F51413078414341514945434241675149444143515169317161616A41454B49534B52413078444341514945434241674141424169635169466962616A49474B4953495241347744534551494543414141454342416963514342696261724A474B4151496849357744534551494141415149454342416763414B42694C57704A6D4F41516F684935414454454149424167514945434241674D414A42434C577070714D41516F684970454454454D494241675149454341414145434A784349574A74714D67596F68496845446A414E495241675149414141514945434A784149474A7471736B596F424169456A6E414E495241674141424167514945434277416F474974616B6D5934424369456A6B414E4D5141674543424167514945434177416B454974616D6D6F7742436945696B514E4D5177674543424167514941414151496E454968596D326F79426969456945514F4D4130684543424167414142416751496E454167596D327179526967454349534F634130684543414141454342416751494841436759693171535A6A67454B49534F51413078414341514945434241675149444143515169317161616A41454B49534B52413078444341514945434241674141424169635169466962616A49474B4953495241347744534551494543414141454342416963514342696261724A474B4151496849357744534551494141415149454342416763414B42694C57704A6D4F41516F684935414454454149424167514945434241674D414A42434C577070714D41516F684970454454454D494241675149454341414145434A784349574A74714D67596F68496845446A414E495241675149414141514945434A784149474A7471736B596F424169456A6E414E495241674141424167514945434277416F474974616B6D5934424369456A6B414E4D5141674543424167514945434177416B454974616D6D6F7742436945696B514E4D5177674543424167514941414151496E454968596D326F79426969456945514F4D4130684543424167414142416751496E454167596D327179526967454349534F634130684543414141454342416751494841436759693171535A6A67454B49534F51413078414341514945434241675149444143515169317161616A41454B49534B52413078444341514945434241674141424169635169466962616A49474B4953495241347744534551494543414141454342416963514342696261724A474B4151496849357744534551494141415149454342416763414B42694C57704A6D4F41516F684935414454454149424167514945434241674D414A42434C577070714D41516F684970454454454D494241675149454341414145434A784349574A74714D67596F68496845446A414E495241675149414141514945434A784149474A7471736B596F424169456A6E414E495241674141424167514945434277416F474974616B6D5934424369456A6B414E4D5141674543424167514945434177416B454974616D6D6F7742436945696B514E4D5177674543424167514941414151496E454968596D326F79426969456945514F4D4130684543424167414142416751496E454167596D327179526967454349534F634130684543414141454342416751494841436759693171535A6A67454B49534F51413078414341514945434241675149444143515169317161616A41454B49534B52413078444341514945434241674141424169635169466962616A49474B4953495241347744534551494543414141454342416963514342696261724A474B4151496849357744534551494141415149454342416763414B42694C57704A6D4F41516F684935414454454149424167514945434241674D414A42434C577070714D41516F684970454454454D494241675149454341414145434A784349574A74714D67596F68496845446A414E495241675149414141514945434A784149474A7471736B596F424169456A6E414E495241674141424167514945434277416F474974616B6D5934424369456A6B414E4D5141674543424167514945434177416B454974616D6D6F7742436945696B514E4D5177674543424167514941414151496E454968596D326F79426969456945514F4D4130684543424167414142416751496E454167596D327179526967454349534F634130684543414141454342416751494841436759693171535A6A67454B49534F51413078414341514945434241675149444143515169317161616A41454B49534B52413078444341514945434241674141424169635169466962616A49474B4953495241347744534551494543414141454342416963514342696261724A474B4151496849357744534551494141415149454342416763414B42694C57704A6D4F41516F684935414454454149424167514945434241674D414A42434C577070714D41516F684970454454454D494241675149454341414145434A784349574A74714D67596F68496845446A414E495241675149414141514945434A784149474A7471736B596F424169456A6E414E495241674141424167514945434277416F474974616B6D5934424369456A6B414E4D5141674543424167514945434177416B454974616D6D6F7742436945696B514E4D5177674543424167514941414151496E454968596D326F79426969456945514F4D4130684543424167414142416751496E454167596D327179526967454349534F634130684543414141454342416751494841436759693171535A6A67454B49534F51413078414341514945434241675149444143515169317161616A41454B49534B52413078444341514945434241674141424169635169466962616A49474B4953495241347744534551494543414141454342416963514342696261724A474B4151496849357744534551494141415149454342416763414B42694C57704A6D4F41516F684935414454454149424167514945434241674D414A42434C577070714D41516F684970454454454D494241675149454341414145434A784349574A74714D67596F68496845446A414E495241675149414141514945434A784149474A7471736B596F424169456A6E414E495241674141424167514945434277416F474974616B6D5934424353496E3050775A715141326F4154576742745341476C41446F3954416F30746B5463616A676F346E514941414151494543424167514B415230475130484A34514945434141414543424167514950436F6743626A5555484845794241674141424167514945434451434767794767355043424167514941414151494543424234564543543861696734776B5149454341414145434241675161415130475132484A775149454342416741414241675149504371677958685530504545434241675149414141514945434451436D6F794777784D4342416751494543414141454342423456304751384B7568344167514945434241674141424167516141553147772B454A41514945434241675149414141514B50436D677948685630504145434241675149454341414145436A59416D6F2B487768414142416751494543424167414342527755304759384B4F70344141514945434241675149414167555A416B39467765454B41414145434241675149454341774B4D436D6F7848425231506741414241675149454342416745416A6F4D6C6F4F447768514941414151494543424167514F4252415533476F344B4F4A3043414141454342416751494543674564426B4E427965454342416741414241675149454344777149416D3431464278784D675149414141514945434241673041686F4D686F4F54776751494543414141454342416751654652416B2F476F6F4F4D4A454342416741414241675149454767454E426B4E68796345434241675149414141514945434477716F4D6C345644446F2B46392F2F66763030382B2F544E2F2F2B616670762F2F306F2F387855414E715141326F4154576742745341476E6932476B6872304C5157545776536943394E526F546967324F6B5A4B62452F7557766635766576332F2F3447674F4A30434141414543424167514950413067625147545776527443614E6144513047552F7A2F796837703634784A64555841514945434241675149414167582B6B51467154707258706F312B616A4563464134355048614E504D4149674455474141414543424167514950435151467154707258706F312B616A4563464134355066345068697741424167514945434241674D41494168467255303347414A6D4D534F51413078414341514945434241675149444143515169317161616A41454B49534B52413078444341514945434241674141424169635169466962616A49474B4953495241347744534551494543414141454342416963514342696261724A474B4151496849357744534551494141415149454342416763414B42694C57704A6D4F41516F684935414454454149424167514945434241674D414A42434C577070714D41516F684970454454454D494241675149454341414145434A784349574A74714D67596F68496845446A414E495241675149414141514945434A784149474A7471736B596F424169456A6E414E495241674141424167514945434277416F474974656C6754635A33303676507635672B752F532F7239354E5077516E376F6533582B667A66666E32482F6366784873306B586B4F56327A793974666672584C3938335844557835382B3262367242707A577037666975557070376932377A657676316A50587A2B2B64737A54742F303476663371692B6E567431654F2F50486439475656723773365369377239712B6E76737879374F76324E394D337A616E6D38362F483139356C767A34503566565036487472574276666B622F614B656579507237652B4E795035337668316471374F36543276727172306136474C35397A3974776466794F4F6645386F4E58376C506C57476166622F664A2B504E742F744E585037586E44484E5655433258302F6E762B31654A6F68387232676A62665A66756554712B667263706E76485566336A6556637437337544477136644B32317466645A6E2F2F6D2F72693361656261487A744E302F587437626C763165334F6F6F6E7469366B2F76713354472B3854683479587A413533336C3673347A6F777958466479666B3230484D39536E6E59583864587A39375663572F66486A766E2B66692B64587A4E6C75507673637237484469584D61352F333864327457613765642B3666692B662B77504D44775A37644732616874526B6144494F53757632532B6C4371532F7138767978432F4C3265637365395274432F6268736A2F6C2B36303167766F46734E38447568704A76474E584E7456746B5A4B7650747A665733713664312F484E73726A487A50666C6A5A4B4E366A654162467A4D622B57766D322B667232377A387A377461756D44547A3650552F3941494A6D744E627538716133504C79345770326D75312B72594F324C716137797436594D426D76784E552F376852582B4E394D2B722F4E38617639312B66453064524A56664F70702F50372F387649706E4732764A517858377475332B5237664F6C375A767562773962757478652F2F6A505762487443437133784F6D705A6236326C756664376E7537584A737456666176374B39767631473352394D704C4659726F747450743331324D552B50666E6563636E73494C443670655938782F5762485639306B7A466262335863326463652B66486C37665031636E7A504B7476576574794E4F372F51312B574633533638334D5A327657626E652B773237777444336E78355075646E5432337344735939595A4E527A374A41645975777A372B59766E7A395A766E7038624B59794264382F516E496473773859686C7232616536414575686C63544F526244396C44776476373657667870586A31334766544F39536A395A543975727365765A5848763861434C6E692B444E394F71727A61444D70387776782F6256752B6E2F4C553156656637446C4F627739665432322B6F6E3874574E664D72622B7A655064457A764D442F665835444661493674784655386D76693669364A316232337A747356366676796D2B52527365334E495A397075364563354F6F36685057614F6535374C4F6E5A7A7735396E6C4749706336786A6E4C664F5935626A6439767A65497672776468357762584C545A57484B3964426E755072642F6D546D5779517271507159355535376E63665A6E6751617A4F335A56357664375658716D4262774D36786C535A683264374E712F676431325A35342F334468626D32655732753133346579336B337037615736324E762B57347A7666796F71635058637A3176633731687446796E4A62647262486B4F5659326B30792F35534A2B6135584D324E62557337507658306A46667A6665597A574F6553784E33637732585846536645682F465535487334306E6D577A30306464584E4A54326474396633677533597734566769716566617858502B7644432F472F46553435502B3731366E54375637484B78314E69617433353747574435667574382B547833662F4B367647395637316C352F504B70307833765A327675442B71316278433771537935326A3568622F50543357767A77665839383862326F7A7172366E3465726E72502B37793132446B3377522F5564624D3950626C78723869322B327438483164376E2B354E55357A3139626A6D4934322F3176574E653935583736613331666F6C6A66486C322B32396F4E79446D72477261334B653639665432376631702F616C7A6C75484D74614F7133346835366D36627066722B7549386A326F766A5866686D7033724C4B31483270787649645178667A3239657631315A5A6E327172653336354B307458467159707550617733716D703776582B33324C6172384B4E74733637792B6B536A5837377847626732376B6535362B756A614E4A316B73453879366E6D58524A5A69375A4A584C7149642B704B4139635A5A78716B54737856474B596855774F5878646E483244635979786E72783773652B57694431394B72486A796179784C32654F39396774774C4C3231655078584639587561774F6564435865645942566F657076485834356446796649386E32733964683537757A6C307A2F7333677572354C6F6138625774323876626C6E504F463163313366624E6562724272764E337A367078356573337A39675A5170723939372B62544E47547A7364766335365071754F65386265364E585250486373622B357076324B66504B2B323847363432777A6B76396B385A752F34634D2B376A577864367967436A5861496C31635670742B726E577A2B7648696548675846732B3867375672376A312B65747958357250456C633964756454504E647262446D327A47484F3556616638324B67354B4E6359393039714672453962557735324D6272366D4E4E4D334770612B31366E6E616237306546366C716E6E6E634D76384332597864544E4E63716E475866612F485651626376746631763731615065726475316836702F37387656755468323673664E624B6F6F716965356A6D6657582B3637336D53744F576A50767A39334D746935632B48315530312B632F782F6C6C39634F6D396636517873687A335770716A6D64374C3878326461336B2B4B7239717A6A4B77782F65766C742B78584F75386533364B413166315553556779353862334F5A78697658547A6D67727238623231507339567A53454857757231727335314969794E2F72635A6F4E35556B645A3371746658374E62482B6636574F5A782F7073616668335457745A354B3431744F782F36666E69554F356A4B647135786C72374E6A66392F57654F636650757A396E6D6168372F34463634356E7365623475704E5A69503339343364396438546B4F4B3466696154585877646D6E45392F656A3774794C7A7A61334E705A3962744F7633312B4B4C523362757262487A7A48666666325739362B717A723935752F784A776330614C6256362F66756A61394D302B7374734D69725548564658464774427278665A5843536C454D72324C372B612F7A616A76443650752B78626E612F735039394D79316A5862385337474C7358486B316B6A716D4B73623952356533722F492B626A50724E6F626B5A6437476D70326D38375162515071396A71522B767736787674504F4E7142356E3365667777577864347178764476586A664768396761336E7177613974583364645936786E484E3975586B773737502F43667A7873583075316A66366173475A687A39366B38794C6B4F306D3165656843617462364F397A63646B7A6A33504C714E35655031364361484A79646675314F726A54634A33346B6F76315775694F7631554C4A63376C55373036373775387058506D2F6563336C46752B613469484434344D3676796B783176657978444A4F46382F522F4D714F2F554E58616D4C4D6C36655133332F576779724E3870636F2F6E2B306364354936343168724A775351754C375132343274772B58474C4B3139536179327158504E396C6B564C64313949655464336C513671593737696D71724E7344394E78682F4E6664726B537A37794957484B583937732B2F33333857786A726F34766E6D32746D753663757556794D396A5636354C57655A66324A6258306431467662783357397A6C744B66655935706674626634387241367A7A615773384831666E66396D767A4F2F36397436692F4D42775073643169314C5838786A6C553662566F567A33645A325736796E4E365934387A3150666D783346565A6A4B3939577A712F327950593952746833466B754E65724F764879774437474970484F63503850635578352B4C5750493650623066726E355837554B71627569367136336B395A482F2B792F65733961443849467357712F544B67566674306469576F556F39644D336B764C6D4E37576B313231362F35585431397A71322B7656626137686D33797450486C3262707146665A4A4E52626A4B747A5A7A4D636B4D6F6E576535494E63625248765139756C4675516E574E37586D4A724C634A4A6639366F7672726A664F37727A313030635475532B307472443743364E396E7661744C2B4955575874384857767A70706B33704174684F37364F5A586342702F3358432F4C614F62597A3576464B62717166784E646A31342F6E6B4E4C4834484E4D64547A62715057633635745A76646A4B7756592F46642B4F5868387439624856316A796E7554626D63626474383147316659363771726435727373694A4E3373716D337A305833636D33736630336F645846786774503450475761484E705A6D764B7662327A6A576565514838375A314C6C55644E442B687A66737565577A4D32687A637249556C6E2F5035327356676E6B39392F765878764E392B3747767A616D6435664C315673546478376539442B334E3334336648762F6F327856626C4B372B786C6E484C723036572B616439792B4D357076582B3234316235326E647077766C317074666377326B59334E735736785872356D6C79656A50766462697A577571447A5939767A4C2F307452554E6466486E35367638655335464D7671584C316A76656970646B73506238322F3237333536663371554F3255342B334F4E382B6831454E2F5436774F62683775367A32667237706E6C352F6137712F644D6C412F786E4A4E6C327674395864352F71746E2B556E7570653264613133333179336D4F4A7233395757736644387634315A35722B73302B39586279765232332F7635337466305A62386C68746B696A625056565A335434316A532F7373316C63665A72713855347536594D742F69584833667A742F5753547447646236647763454C792F6D323938375A36644B35536C32312B786550377037566E613676677A62755A656671766C4671757237586265385863357862484F6E34366A36656837745630313241422F6B703778647244456531646E68634E2F5964547839646D365A547650776D6F31774142627037586F71695466796D6D347371587A5266542B566A716E58664D6C5A315561324A7A54666D756169616D394532394E3250486B336B2F734A6F697A31767239354932756470332F596D553470346461686E6B6B794B6458713965313748306C2F41655A68736D6D344162597A314B644C6A504535324C7A654C6476393637507278646F3535546E5538327A6D4F356C782B307058655849744866345059526C686A72433353692B744334766A6D747358617A6D63657554706D486163365A375A6259757663353858627644416F6564764F6466444730666E582B2B597A5675653661566A7457364A74787275362F6369686A484A7457396C6E2B58376B31643367373576482F47625A7846385764395531314A31392F3862632B4D377A574F38643966326B756F2B55764D316A56375633344665662F33686539523764347A78657561363662656C7039366136785658565A397276526C774849363976756D6E426B4F4F754C4635393234322F444C446C34716765326D505376764E695A447637657678526A56527A7950757438637A585758727434767962484A667A5666476B7365763751332F2B664F354C313278584D336D63322F4D7655577A66307A486258506F466673374255746462506B7074564F657259733131764C7357716E32586B782F6C5972732F626848576A395A6331532B756A3266624C522F72687558426A653135447650636A73367A5757786D39526E57593670787475316233764D34646436336E62704878325A396A7370427533467A505830787A622B465564367A6C6E74396E644E644C4E5838386C793259394F3564756335324B66454E482F667A364D646F7A706647582B397A725A6D74727A76747363755A3171766E6632352B6F563879744E574931746532706A6E5A32744F6C3430587A373059397675335939364F7264302F50627452732F6B65552F497A6A352B7576334B504F347733443776396F48562F7A767466655852746D7337303470754D6A4679687A7A657837592B657976627470384A7A557075434C73666E69326B377469793274325037354A536B6C357479762F322B3534386D636C396F6262486E376457625176753833546448664F576D6B6F3474425A37325058706576504A352B68766365724F3464764566585868746E505846586A2F6578622B65723872466C666D566933366534314563327A6A583533663055366C367648592B383669567956474D6153364C353646376C654D30587532796A375539663731766A71552B2F79334465742B4670786E7636765A717A7375783237647232376139307150392F4E4B72745866644146624831724874486D39765673666A622B50737437652B323535486A34376D57523966507A34342F69672F423775566C2F61786C69337A3979313338336D6631687A56597833466654545863737A78746A3665625147526A6D755032665939474C504F62396C635856506C706533376838782F697963373331704D58626C6D747A6A4B6F78756552335751357A792F5078336C66664F61343235746A38355859756D2F372F664E352B766D747A555A6D314D3930685A502F6572792B43682F395734337474667A72782B5849625A7A48316E5539394D3031374C774B306458387A6E4B51396D742B58374272482F5058493435696A6D2F56745976395837462F53695732716C2B58422F66784C435073356E4751625064786E726B31593551503275505862617338366963313450712B4F62486C2B395A36304835775A627A2F6A7A62666E553839654E746A2F4C6F566D786C762B703737622F4F73642B2B72432F54396959766C393733306D31526B314570586E7059696D5662774F634548313151527A66794E526C6C6E4C706A337637597252387A463133314557393533685A7475634755736263594C38336D3275736A4E426C313865347576437234744B312B492B716674786668374C4D314A64337A2F714A614C347A2B597032667078795563396378316F397A714F733436646C79624C6E7039733876787241645738355A4D63775038336D326D4570547573363369574F2F794D317872335736334443716A3733626562556D61567364562B746578757271764470586962574D305A367276306E644D467A655A4E7035622B632B7575453135377557673779745847396254745A7A375A4A53767A444858655A3473786136664D3333686E4A74643758624E546139662B39625233583475445049506C57397437476B45655A3435726D31745A473262723731666957765665313063353458676256334865332B504E666A3272384A377665767879393157387A4C4E6250466B2B64563158452F3375793237582B34766273583346644C4B6337392F472F46303879757933474F6254655836727070447036665844396658364E397646307435486A4B2B667039352B6631506663676E4F716C62757938705839744762503464783539376557356C6E33372B335A54342B6C6B33646A4E39584651392F333278714C55585657483362322B7A3130626532395A5834385657522F4446624E636F31304D35523477723032366D722F6F316A6E313133393358797652397464524F6664382F2B6E7A33462F336166735758786E7A3476634C3831797630363575356D752B75716331412B397A555739756179787436665A6659746E57522F4E6331316836727875787465667263724855777A5A3246307333396C787A39512F4671356B64354C5861657666445239656D365551762F704F4D5568536C43556846507864645864527A595A5239746F49706232726278302F6C34716E334B5556636A7438574C575863366D5A30642F71324852394E354F364731392B38796F56534672444E38336B4F387A2B767544526931527466386468754A76566330374831382F376D6B755A596A4F61787477746F6E76393838396F61774E56326A584865566E36566F6E795558462B7339654D38367534435779376D306F79754E2B4135687376353365706A50753969566638546B5632634A62353535504A6D56655A58312B5452756676746C2B4C65752F66585159716A666D4F3456534F504771343376475438316276706D2F54503152626E5854373262376F58363644637845767575683879464F66392F4F59743637676C6C7249594B654F7472356546534A3244376B32677A3356316E657A50663141724A64674C3339645938787A6E66304A797652374B6F717245585455673833447464566266762B7066705576337350346162484B334737634F746E7654577A5A64753337534C753332396E35526A313465317734703374706750313664722F6C6339542B2F575436784C6D4D6658536662746C755037706C2F4730387A597239494F4B6A46656537586A5672502F6E78644564687668674141447A524A52454655486454316E594B7061376A383036566C6E33706264752F7176356C4D2F2B525376562B50703831315035666C2F4B586D712B74745076754E37643138646E5666622B387430676C797673713965312B48313250763572324C505A3367676C6B645635703779553836704E7457357454637639643953683131547276785776633872344E34323771725066627A364D636F78355A34352F78642B663931446F742F485850336E6C4375392F342B4D59382B7A2F3353655275334E5A773664322B6D2F452B7631783539625057326D3746317565694F4C5456523170704E3776743761546F3231326962767A794E484F5042362B736337337677364E6F306E5758674A754D2B68445073465A4849443366593379412B6643784845694241674141424167514976485342694C57704A6D4F414B6F684935496450513550783458614F4A4543414141454342416963547942696261724A474B417549684C35346450515A4879346E534D4A45434241674141424175635469466962616A4947714975495241347744534551494543414141454342416963514342696261724A474B4151496849357744534551494141415149454342416763414B42694C57704A6D4F41516F684935414454454149424167514945434241674D414A42434C577070714D41516F684970454454454D494241675149454341414145434A784349574A74714D67596F68496845446A414E495241675149414141514945434A784149474A7471736B596F424169456A6E414E495241674141424167514945434277416F474974616B6D593442432B503750503033763337386649424968454342416741414241675149664D6F436155326131716150666D6B794868554D4F50366E6E332B5A2F764C587677574D5A41674342416751494543414141454348793651317152706266726F6C79626A5563474134332F3939652B355930784A39596C47414B67684342416751494141415149456E695351317142704C5A6F2B785568723030652F4E426D50436759646E354B5A7573615532505237635037485141326F4154576742745341476C4144617543356169437451644E614E4B4C42534D746A54555A516B3241594167514945434241674141424167526D4155324753694241674141424167514945434241494652416B78484B615441434241675149454341414145434244515A616F4141415149454342416751494141675641425455596F70384549454342416741414241675149454E426B71414543424167514945434141414543424549464E426D686E41596A514941414151494543424167514543546F51594945434241674141424167514945416756304753456368714D4141454342416751494543414141464E68686F6751494141415149454342416751434255514A4D52796D6B77416751494543424167414142416751304757714141414543424167514945434141494651415531474B4B6642434241675149414141514945434244515A4B6742416751494543424167414142416752434254515A6F5A7747493043414141454342416751494542416B364547434241675149414141514945434241494664426B684849616A414142416751494543424167414142545959614945434141414543424167514945416756454354456370704D4149454342416751494141415149454E426C71674141424167514945434241674143425541464E5269696E775167514945434141414543424167513047536F41514945434241675149414141514945516755304761476342694E41674141424167514945434241514A4F6842676751494543414141454342416751434258515A495279476F77414151494543424167514941414155324747694241674141424167514945434241494652416B78484B615441434241675149454341414145434244515A616F4141415149454342416751494141675641425455596F70384549454342416741414241675149454E426B71414543424167514945434141414543424549464E426D686E41596A514941414151494543424167514543546F51594945434241674141424167514945416756304753456368714D4141454342416751494543414141464E68686F6751494141415149454342416751434255514A4D52796D6B77416751494543424167414142416751304757714141414543424167514945434141494651415531474B4B6642434241675149414141514945434244515A4B6742416751494543424167414142416752434254515A6F5A7747493043414141454342416751494542416B364547434241675149414141514945434241494664426B684849616A414142416751494543424167414142545959614945434141414543424167514945416756454354456370704D4149454342416751494141415149454E426C71674141424167514945434241674143425541464E5269696E775167514945434141414543424167513047536F41514945434241675149414141514945516755304761476342694E41674141424167514945434241514A4F6842676751494543414141454342416751434258515A495279476F77414151494543424167514941414155324747694241674141424167514945434241494652416B78484B615441434241675149454341414145434244515A616F4141415149454342416751494141675641425455596F70384549454342416741414241675149454E426B71414543424167514945434141414543424549464E426D686E41596A514941414151494543424167514543546F51594945434241674141424167514945416756304753456368714D4141454342416751494543414141464E68686F6751494141415149454342416751434255514A4D52796D6B77416751494543424167414142416751304757714141414543424167514945434141494651415531474B4B6642434241675149414141514945434244515A4B6742416751494543424167414142416752434254515A6F5A7747493043414141454342416A45432F7A6835326E3635332B66706E2F3631326E3650372F78763253514C4A4A4A736E6E7131362B2F2F6E33363665646670752F2F2F4E503033332F3630662F2B39474F325343624A4A754A4C6B784768614177434241675149454341774563535349746F7A63586C7869725A504B58525349766F31467A383561392F6D39362F662F2B5273766279686B30577953545A524451616D6F795856774D694A6B434141414543424434686766545465703965584464495276642B705A2F577038573072324F425A4A4F4D487633535A4477713648674342416751494543417745635538436E473951616A2F4F725576536C4950366E3343635A6C725753546A423739306D51384B7568344167514945434241674D4248465041707875306D49786E642B35582B42735058645945494930334764574E62435241675149414141514C2F5541464E6869626A755174516B2F48633473354867414142416751494548686D415532474A754F5A5379372F613175506E744D6E4759384B4F7034414151494543424167384245464E426D616A493959586F64442B79546A6B4D574C42416751494543414149487A434767794E426E50586332616A4F6357647A3443424167514945434177444D4C6144493047633963636E356436726E426E5938414151494543424167384E77436D67784E786E50586E4538796E6C76632B51675149454341414145437A7979677964426B5048504A2B53546A756347646A774142416751494543447733414C5033575438377464702B742F2F7557396866786A6266303354394D7344782F2F6D773436394E793852503656767A76586A752B6E4C7A372B59506A7636332B76766D6C317650666E68376466546C322B582F3435484776657264394D50356142763330796664632F586663732B5164386A6A507A72556B484A4D417742416751494543424134474D494843376B503341685873623637532F3753482F336E394E3039507230367A543979785050393866707755626C6965644C383772334B32494276542F5864394F727A39394D3335514E715346342F6432556D6F616A35754E53632F44446A2B2B6D56366C5A575A7154664878704C4F6F6D497A633258302B76767630342F32484243434E4E52696B4733776B514945434141414543417771557875426A6645394E78522F2F612F376B49443175507348347A326E3633326D61666E746C776638762F2F4D30734762384B2B4E2B79467A766A5352694162302F313347544D55336436394D3066665036692B33546976314130337A4D31315035514750646632307966707A656672567450787A697752636A6A44515A447962423451514945434241674143426A796E774951767565342F35342F49707854334E5176716B6F78383348586476342F43556666767A33505038336878454C4B44333530724E52506372552F6E54694C3468534D2B2F6D46353975783968333541636A486C346A714F78486E7374776B69543856674F4845324141414543424167512B4B67433979797750326966394C635435537331472F556E462F586A333078542B6A754E6F79626A673834622F416C476961464D35646233694158302F687A644A78624C7230756C2F64496E4556745430653158442F546A6A394D332B64657279716355562F616470766C58735A37344E782F31366134396A6A44535A467754746F30414151494543424167384138574B49766F364F2F723330326B68714A714D69354E39366A4A53474D3839657661723138394D73643734346859514F2F506466437051326B41716F5A6A71682F7642386D76354C2F44794D64714D693451655A6B414151494543424167514F4252675563573370654F7A622B36565034567161374A794533416735396B7045382B7974393658496F682B7656376E5439656B37482F772B3863552F346A37586C622B366E47725967504768652F4C6E554C7A585943424167514945434141494637424B495834326D38394C63597679312F547848515A4E522F514A37473132544D2F37705579572F2B342B33586236597636332B42716D78737674642F732B47546A496247457749454342416751494141675469426A39466B7044485850385175545562394E786F4834522F39756C534A4C663361564C30394E526C48582F552B3564696F3730666E4F3372743433365330582F365550393952663233475565527064665338653078522F3845377670612B5A577353384E39344F73525276346D347750784855614141414543424167516541364271455634503035714D746176355A4F4E39542B69393452666C79726A314C386539556C396B744838782F695758356C712F765A69626A792B2F4372394E7A4F7158366C613861734836626A79333855342B4F6476717A33393458654E345445424167514945434241674D44544250726D494F72352B6B6E47387138397055386A316B626833695A6A2B66546A642F38312F7A6331537050795354555A522B6B73545562362F766E32333857592F2B4E38355A4F4B2F5948703136724B663468762F302F617476747666794465766837787A43635A4559724749454341414145434241674D4C424456564677624A33386138557631333846596D6F7A66565A393237503556714C4A5039642F504F507776686E6532482B745870727254584877617359432B4F486A5A734451586E36322F2B6C51325446502B4636614F58732B66584E532F556E58774E786E7275504E2F6B3250377033477238514D6552686A3564616D4152426943414145434241675149504378424B343142375A746A6447392F68454C3648765039564C33697A44535A4C7A553749756241414543424167512B4351454E424A624933484E3474356969466841333375756C377066684A456D3436566D5839774543424167514944414A79467762574674323961413346734D4551766F65382F315576654C4D4E4A6B764E54736935734141514945434244344A415130456C736A63633369336D4B495745446665363658756C2B456B53626A70575A663341514945434241674D416E4958427459573362316F446357777752432B68377A2F565339347377306D5338314F794C6D774142416751494550676B4244515357794E787A654C65596F6859514E393772706536583453524A754F6C5A6C2F634241675149454341774363686347316862647657674E78624442454C3648765039564C33697A44535A4C7A553749756241414543424167512B4351454E424A624933484E3474356969466841333375756C377066684A456D3436566D5839774543424167514944414A794877542F393633794C3732674C38374E755330623166332F2F35702B6E392B2F66333776374A375A64736B74476A5835714D5277556454344141415149454342443469414C2F2F4F2B616A46744E556A4B36392B756E6E332B5A2F764C58763932372B79653358374A4A526F392B61544965465851384151494543424167514F416A43767A6835326E796163626C5269765A4A4B4E377633373939652F354A2F56704D6530546A5530745753535439436C474D6E723053355078714B446A435241675149414141514966575341746F744E50367A556257374F524C4A4C4A5578714D6B7161306945342F7255384C36765433422F373359375A494A68454E526E4C575A4A52713835304141514945434241675149414167524142545559496F304549454342416741414241675149454367436D6F776934547342416751494543424167414142416945436D6F7751526F4D51494543414141454342416751494641454E426C46776E6343424167514945434141414543424549454E426B686A415968514941414151494543424167514B414961444B4B684F38454342416751494141415149454349514961444A434741314367414142416751494543424167454152304751554364384A45434241674141424167514945416752304753454D427145414145434241675149454341414945696F4D6B6F45723454494543414141454342416751494241696F4D6B495954514941514945434241675149414141514A46514A4E524A48776E51494141415149454342416751434245514A4D52776D67514167514945434241674141424167534B775038483279776632744F6E34335941414141415355564F524B35435949493D223E3C2F703E3C703EE98089E68BA9E7A78DE5AD90E5B9B6E5A1ABE58699E5AE8CE59FBAE7A180E4BFA1E681AFE4B98BE5908EE5B086E5BA95E983A8E79A8420547261636B657220E58685E5AEB9E5A48DE588B6E4B88A28E8BF99E4B8AAE59CB0E59D80E4B88DE8A681E58886E4BAABE7BB99E4BBBBE4BD95E4BABA292E3C2F703E3C703E3C696D67207372633D22646174613A696D6167652F706E673B6261736536342C6956424F5277304B47676F414141414E535568455567414141685941414147694341594141414337394938744141416741456C455156523441653264613741645633586E6A3558354D42386D34637455546647566D7365482B544A47346F5A63556A55566E4D656B634446686D4B44555643613531457864534341506E6B4D557345566966484649787066455167624A4E672F7A734B394D54424C664A45344D69514A44436F547343725A735262594A6C6F55667371317277375744776579707462743337375633377A366E7A37503764503955315470397576667A7431617639652F6466653864374F7A73474459593441503441443641442B41442B4D41736647417769305A6F41326645422F4142664141667741667741664542684155724E7178593451503441443641442B41444D2F4F4277562F2B355638614E686A67412F6741506F415034415034774378386742554C564F724D5643724C6F437944346750344144364144794173454259494333774148384148384146385947592B674C44416D57626D544E7970634B6543442B41442B41412B4D4468392B7252686777452B67412F67412F6741506F41507A4D4948426F5A2F45494141424341414151684159455945616A304B2B5A324E54634D474133774148384148384146384142385935514F316863574D6845786C4D2B664F6E61733878346E46453841656932632B724566734D597A4F347339686A38557A4839596A396868475A2F486E4542614C5A37345550584B687473744D32414E3774497441753062443964457565794173326D5750316F79474337553170724144775237596F313045326A5561726F393232514E683053353774475930584B69744D5955644350624148753069304B375263483230797834496933625A6F7A576A34554A746A536E73514C4148396D67586758614E6875756A58665A41574C544C4871305A44526471613078684234493973456537434C52724E4677663762494877714A64396D6A4E614C685157324D4B4F78447367543361526142646F2B4836614A63395A69517374733336594E56736E716B7875544F625A6E55774D495042656C43344534356835365934795066316257504D47624F35756D356B622F672F4B546377747372776773585A4D35757259355533322B746D734C707052706B7161512B5A543152336531334E6433766472493579677068524D524E326868464932734E564B5079734F46445433347752667868704D3963736E7757426F66596F536E567852324A556673314C4C464842716A6F57535834594247567448464A314C616B7A6D326264786738664C3473326F37356973763231523078692B4866684F62443556334A7731566156713554746833646A5A69417363716570474B514C576E354336554633787A4738794E7065727A4A63666D48614A467456526839587954737961484868526363727630346A4C4551696261344769576955734B686D6F4F6358425A334B77666633784E44726F3070595750394B58322B4F5A47785064357A5034515347326D4E343165552B4B7A376C626936695A422F45676A78575A4D6B7234594E525851636C6932655A734E685573575A556E4F7574505279346D702B6C36373071646C5331567A4E2F544355735A4A44694F4C487774475053446C674D30697452755976582F7A726E474D47466F2B65745A70316B704D376E752F45467130754D7575423057627466307A4771375A485052635A654953613154346977635034527A325073735A636D303538444B58765936302F674467734F316B3535594266624437475A5075647331682F43343830305A592F78576C6A4F30754A7A7135756232517145387158534D53632B6774566169523352445558655275624736627670396533457A57765266736178722F5959313473792B366E634F797832534F4E31596B5A6B43366B3273624377515331764D4534593565583274454E704B4D76764748364F627058477A7939507876374152487531372F3448673242564958436D516C686B3436314B494858744564672B73617775593135645451634D6E636A4B7A435A43314E6C4B6158766B71325062377047626D33354E66354F6773727075317464485078707A4C664F5A45556A626F2B743073675266584B7353533177415566745A54504478734C6A4F317A6639497A705658754B5461305949626D2B756D33555249486C2B30626E4747426C446551576B6E2F595933393873537955494339734578785466524577506539303236374D55467158473835554C6D2F79306C77514674564F4562787830786A46795134775541657662397246433272426C565639637A414650455A522B525341366C582F567A484D4636687842333831476C5650326348505359366B6A4C4A77374247587A70564A334C757165727847426C44326B6942574E362B746D31516274737438342F3949327330317232317542676269496B412F39576D57506F5A57572F4754702B6C6669514B35743863457A775171466456437A576767424A58685658533873334D314F58733747306D327A7553354349303932466237615233744D346B343258756A333449526E454953566A6153445A6F56464675416B6941566A6A4763757A6D535655666D6467633434526D51496639476B6C56324D714C797358537168446D5158596E48586F4D3634335A496A69513263734C422B6B33362F6F6449655977676E47594D574579347775575133306C2F634A5067306C6659514E71586749474B796649316C47484F6657643030322F496F302F6D4374424774644947396D73425165315258572B497A5A387A6D6575597A496C496C72756A7265464373526F52787A70635459614353566B4A592B466A68796D563979734C396D633331374963446F766A7167506250486D376D34333336664A54584B38554F787A342F582B547336707557496F616F6F557A384B4D53316B556F57327548386E5A493469564F656D664F354E75537A4D3434524F62377779635357757544555253567A443478644D72536D464F336E3766674C4D6A6F7662626E453455354A6E6543594A434533526C646F69443071353564577435566A3831327856344E4139665752325338516C78556949627457513845687675657655582B446F492F5647463776696C54626F39736F6E4C2F346D4F55546B55332B77574D3569586B36357565504F494A6C397978682B52745361532F30555575306948586C5743586E2B3271506362314E374B627A633372665077707839713775522B553156576869596545456854772F727778434B676C6C41397A327A396969483737736A474F6F4F5966766D69674436444A577861734C4B55384B6763454449654373702B354B4B3852494D716D5868455765544B492B4B7532687878344C4633334F446A4D5045684A73457348457A64454846546333506D4D436158766B50684145632F64347A4166387543332F58657237494F4B50737A654B514E6F656F326F742F336D58614F517A753236566E2B577879313350355A697679755A4351596934746C784F6358484266685A7853657236397935696B6E3231523878683148642F6F3575584C4F554F5A534E6C6D3148747875636E466861754965646F376E767771524C4E3972706543737563524A6674696D4D344876495A72677A6B463062384B4567754D4C316955444B3070755432733774556477484C556475665075434B7870384A595245586B652B56396E41327455464543534B70354D345644536F784651736F2B7A31387962536F786B364A514D6F65525A44515071507471344B33617A43724937376F624B63456176356F72504A47775458435A2F5831305845324F7236566845555579384B594834464A2B4B5A3970466349335378652B7043577862777770766F325539654850387465526B4359526A63534F6E62595172714D33682B503465444569525047625473374F7961312F6337475A6D57724E71454E7552734E673154315144766847506243576A577274582F4A6C5176713255566A575A554D486147504C6C35394E6C50386B65506F41724976395975376750696B2F3536305279346D5A4A564B762F2F6A613456375A62456A396E665036757131456262593332394A657A67637A6D657366554C3757352F496F374F336839676835752B502B584B75417A356A416B5074455266753048667844596C54316B654B754C3975747358336246794A59337A38505965524568623256433467584E76697579726D325834543861757639686A4C74564B783338574F6F69466C72306F6246595572643259694C454C786F506F71336347715161746973747346782F4350486D53654C6F4657664B35766C33366949784D477738755046415532756351765A495958613657396C45315339686876666B647A64527A3258626F4430514645396339755343426C6A364B4573336C787431656373547461584C677A5356394C424778586E732B5177464237684555373955304C692F4261566F4B3245426B79395971596E3068616D5539476774654B437457324E4A6C496B483231787A6A4F4A5879397A664B61546C67554D63512F62764C786670786573724A544334767875307A5877444853584A6F36696A326149702F754633756B7554523146487330525437644C2F5A4963326E714B4D4B694B6649743735634C74563047776837596F313045326A5561726F393232514E683053353774475930584B69744D5955644350624148753069304B375263483230797834496933625A6F7A576A34554A746A536E73514C4148396D67586758614E6875756A58665A41574C544C4871305A44526471613078684234493973456537434C52724E4677663762494877714A64396D6A4E614C685157324D4B4F78447367543361526142646F2B4836614A633945426274736B647252734F463268705432494667442B7A524C674C744767335852377673555674596E4435393272443169344734367158762F33507A346A63644D34505866595374415162432F75632B634C754E476C782F2F62722B73446632586C5966514667676D436F466F34694B48336E72636250797952664D7668765A6D6D44777368746673445A343956562F55576D6E5A51302B6A4A764569513930307763514667694C796F5431346A64746D5A6439346E766D682F364172556B474C37767865305A73515244755A68444772746931617A347745324678333333336D6439383739586D5865382F525044726B46435278782F37507647382B6148662F79356267777A45426D4B4C72675566356B4E437851653636514D7A45525A76767577507A4F44662F6F5464336E6E6C4E5154416A6F674C4B79772B2F6C327A3577505073545849594E2F4876347577364D673152534C745A694C46727146647078595742333776634345716E4C693434672B76513179304B52446566734263504C6A59484C67394E50366F6938454B693438395A2F62383369356267777A3266657935436D4678757A6C7763573758492F764E59502B52347271372F6344465A762B526C4C32506D5033796839395532644E523356462B77666B5556343768462F694138344770684D575631397851456855694C693736643638306D30632F5651513531396E5366306F41646E2B4E4D3037557738364A79416A4F377A6448686771504C506866664F4432436F6153554F53766F46614A6854783558487A4133433739524D4C697950376F4C36693663744759724C4434364B375A63395733573749395A37626C3779582B7633684D32664873423635654D466466723864626665344E70393250614556312F755237786A7A7858664F4B6C7378373330643330384A43374F707346346D44492F7444337843686B666C7577766569756B742F6E555A2B7A487961536E6835484C49784D2F54486C4532736A7861434E313158596C6431584778716E7376536235707079685A7962427037544377732F764436543573392F2F36565357456834754A662F4965664E45632F39646D4B784C67736874446A50474C32757941756763734B4252656B6835334C792B713649774B6653774C564631416D4C43362B2B4F4C6B52656271447972366A43394F4B7A534B433972503251714C4737356A396D77383366443262585031457949436E6A66627034303538365676712F466B3534706A6E3376656C6E754448664F5163314C75394C4E5A4F30662F325A783534702F4E4B3279645A3832326564356B395A75656439622F7668752B6B7851575975654C44787A495669414B775375424E7A70572B4948346A664E5A4A30346A6B546B59564B7830654C2B6F436B51636835483367547847755A756A4946346D4F476D526648705958546B3357715434635354364768462F75316C33474E4D456F796E744D5A4777754F37546632794667337630556658354C2F2F6A7A35685066666132446F6B4C625142526631554F72732B4E6553486B426A3077564A6C6E54724C2F67447A6963496E436A5333763738422B55316459684D7255745850614A724E39317A396A396C78356F545862472B347A35737758315A694F506D664F6942416F7876694D4653486274313477653461636538555876323973475676764F3262376965664D4B363638594B52396637776438785962694D674C4131353239314749543733716F50617A6C59764D582F78716D7A774B4F65424668696F767670422B684F4C3949687748782B47523841474A59304673796D4E573876486361534D334E3458666A6171722F425832436659703454534B6156526E576E744D4A437865394A396556626C534559754D662F32792F786F46784A6F676F6F6D327A6F484575594D4C5238314C6E314E437751583249686D5535756776766E6856495A7A2F6B484C5374397968756B2F7049334B7173473366567468484C6979756539727365642B5472646B795962486A782F5048337A586D766D2F37372B3937306F71444D312F634D5876716E6E506C3347654C356976733931333364456C59694133466E777066456E766E713034694A6937654C342F42784C5A4B65415A2B6F4D36707567674C64523258726B2F4F78544769387276794B56636D6A44756170666969756B6B6256546550716659784C7A61716C3139484D513034546D2B5069595446745A2F594D764B54494C4B39396C642B7579517966756D74763273324474316774772F66654B7A6578494F4A616164723462344E304570683637484835385367656E6E5A6E6C63586B6171724C7A79393779354D2F796D477A2F75333762766B45523133532B43325431636D757A74774973642B756E4A714C4E4B586652527939494C5A63385835316D785757507A645538563458764633337A666D766D654B377A4A57563262594F566375653876696E383062726E6A47624276336D62393763583758764B4946633939333945496B4C473433422F59664D4566736F35446273326568366C4749583430494839485A6C536C62546E78426643583343525630454259746A44665264656E6A51487648616E30746572786148644E6B3963334870394631772F4C4C774B50704D59356D716E307035447536626C6865356A7152734E43513546464876456F68776B4F5836644B2B68567A7843435235546F4A326C4C6954463168554C6C6D6D4344424B514F6A6E6B626F4E765A385146735764727251705A6457463765776C776D4C766B53664E52622F37574775323958754E4F664E33616B79662F57646A3774304A786C6555475859756D7050553266377359385A3979707A3166704D4D7841626C5279485A79315669522F473762426E5A69345862442B7733423434634D42635877563145786E363748546E7439737676567751697550413348585459643963486E304E3851574A4B3458745A756371594A76464A7838695264635850307A646E324B54434A694F5A716E6F7A73416643596F7A674B526447664C45345236343846787670644C5A69454354325842774571776A75446C5266634D5659746244774C3463473732574949376D366F3453464A4A7145574C4C4334694E506D4976652B3068724E6973616A702F3334376E6C4F57504F66397573466D4D386236342B62387A324C592B59693461644B38726E3565363959433536723952397A717937633763385A38376F76747A7842582F752F6367545977754C37504758583155543858487867534E2B6C594956693837652F4C6959314F696E6A6A3832626B55787134686C6B7443694F393652646150795156737151584C632B2F6849707070627848646B336167384B785961356F6A394B446B48462B32776333704651527A646C733356747436504C6F4A4B64572F4C7852657047466275507631796F6C3246714373737848463033587773566C68382B48467A3063467A72646E5754786C7A356D3866552B4E354C424D53782F4978486E76576D5050506D465537356D486E334A79654D74766D57624F654B433939626274324732537739384F506A7938737245323973446979503372386F66314E796B5A336C34462F36374C732B32414E697945736F686856536B3436336B723830697351492B6F4F6A62653658666239645479436165444C3039754446597341364242487A414E31764B70676C3643486E625074753853664C543248627A2F72433872335035367769482F6D324B39692B4E396A34555748585631784B794B7849464538724C4334396C467A3065566E57374E6C77694961303465654E6D6663723651516B6144484F2B7A6335592F6D6F6B544E5435632F3955517235723333326B6448436776766C2F764E45516D38566C524B4D504632503631584B5A5364725168465741784A6B7636363949476159794E5A57414867487264705079797A6B356855784558787A57463145634B542B656F77706A6F65354B7671303967445952454248586D78394B693846526148487A455858665A4E7467595A374433387945686834594F4169466756784175524963453846687035674364515478616F6578514C35683458417A387443772F66762F68772B6D624D6C786C576E334F314F4531706A366D4678596D5464356D662B422B2F59563736367639747478392F335A764D6C2F372B7131796F48516736566C6838364A79353644336659477551776434506E55734B69316F426F674E2B79447A376B517A74792B386A56733647722B543267394F69726F64703744473173466A554A4F6C6E3852654E43497558667568684D336A334132774E4D7241324B503243724D5837413963677A504542664B434F44794173754B4F72584631363852732F626659656573674D447078686135434232454273556565437067794248782F41423572324159514677714979596633635664766D68392B3862665A6538302F6D70582F453167534476646438302F7A77722F323565633156586633562B43534270704D412F654F44732F5942684158436F6C4A59584C687777667958793234322F2B623131356E42617A625A476D416737433839654C4D5257387A363471633945676F2B67412F4D777764714334766433563344316A38477237707932377A34545676323555463535364C75747257315A64696D5A2F44357A332F6533486E6E6E567837784239384142395947683941574F43736C6334716F754A48336E726372487A7942625076786E72627932353877627A6F6D68657341446C78346F523538736B6E32615A6B494F4C69354D6D546C585A433850645038474E7A624E356D48304259494377714539614C6633584C764F7754337A4D2F3941666A62532B3738587457574E782F2F2F3346723631695A7A6F43496937614845675947346B4F483841486E41394D4C537A4F502F57342B5438662F67337A35672F2B4C3775392F646F336D334F5050557751374942676B6363652B7A377876506D68332F2F75574A76556B626F49692B6E45684B34746A3558635263736E415277667741666137414E54433475766E767037383871332F5769772F63334A76795949646B5659665079375A7338486E687472322F6678377949737443715977543743676B5453356B54433250425037514D496977344941473351355037446838796C48376A5548487034504F65334B785966653837732B62336473625A394833734F595445444D614762694958466262652B784C7A6B417A57335732395451763865632B6A3674356A6243722B2F7A627A6C2B6B506D4875736A2B76683476704C3075364950326F49505074416E483042597A4358343357626555675439644C432B352F696C796354776C712F72437A427235394C6A39366A456F4D2F7266556B594F74476F66694E685555704B6B6C6753484B79772B4F69753258505674386661396E3130643862435974757344775A6D6464502F7162456936573676472F3848754E624E646E4569336B6D33736233752F6B6A5371676D616C335A584E3955664E347662572B7A33574669556735543469724A35624D2B767636584333334A685963755061434E756B2B3831726B74396A665A787633344D737A4578454D486C75684B3736735844507249654E65654D5A335A444D7670474D375248756D3656505241574D772B4F3452326854654C4278564A682F4F434F30596D4574356933314C6D51624E32586D4A496F7152414D73544E556A64454B6978752B592F5A735044335774752B4737387849574A77786D3675532B4E664E2B6E7043574E524B2F6B50616B5072727552513573326C5743794568496D535953466D73714A446570685957685A2B482F726D3747332B76384D2B695075664C6F67346D5A535954784C4169586732724B2B64474A385879655070756F347870496372736A6361514778484A4B5A4539306E5854396B42597A4474676967454C41315537747954335542686B5A574D52554C35674D6F644A315332585462635A4B6C4D2F52697373726E2F47374C6E79776C6A62767575666D5A477738416C635668624346517352444E457167792B65334976624F4C4F35617079754D476262724F66435173723534386D6D466E35774F6D47522B556A74527963312F4C584B747A6A7572783959704F4E4E69737459385539696170326274586E48396D5671503768784662734D7A787542505562565464686A496D45684C3263652B624D503265334B4779385058747955467A6B336A2F32652B5A4D7666745A756633746E7633394D62725177324457375138544879507142737177496170466A684731574F356756467463396266613837386D78746E33585054312F595A47764D4777576A7A4A693456484F2F6247774D487246777532377A334C31526F2F55457861586D6B75764837465558416F43597638686479374C4644775A617973667A5954784A68576A784166547178444A756E5669487234512B6B4C707574383153626157573253505558555439706849574C7A363354395A4568507854346134377A2F2F336C6546452B7944775730697A393533474C3253554A335952646C58477A2B2F51474E526F76702B6958766D626F2F3535434674426E65764658656F566C6763765744325848462B724733663051767A4678596941415A715A554745786D4434436B5A4A5742686A35466A326A6F59382B6E4350514C4C334D657A78347646496F37716935714D514363365A503857725A465876394D696433323233356B45394553425364356363537956486A6C58357863675974697650373331383075326B363161583133585A397A365A5770564F7335553649642F5264635079776E30695966476C667A687566767164507A355358507A73752F367A2B647039582B6D667346446979536278697352744854394B2B7648465547333833476C6959564830725977643956467155397049584E67694C50596565644A63394C75506A62564A48616B377939396A55524946496979697046387145326D424F75666C45596955633439433948375533454B2F316C7578384D453545784C6858614163453648725070327675652F6946364F4673413957726A36664D426E6D413656345538536F6E4E7351515A757547393152782B3378765A787A5236303661476178505562574C64746A496D456854765258582F304C63386E626636785358507A304F3139685249414D6337682B6E4A4D4548775A3450652F3068654D4431616A7A6D62704D74542B47734C414B746479474652596665634A63394E3548787472326675534A2B51754C3447584C4C4D6658455137686578704B47785350514F54644466586935765A3639473648717250413358474668665778494543495030517256522F496863545833324975766635536E6C7672344D722B7A474A3376526A6D5266486F2B4B6869473361715A366653446569776C664B493738693655666C4A5679796334542F3378567553776B4945782B31662B664E36452B36615930677756793857325474487432496835774B52495159704A335448567A35485835545A4865684C5375306F5939742B2F595662616C4D637032724634734F506D34734F6E687472322F7668782B63764C457A3230783646554E43505176532B5376375677734D39417048435762764C766D4B6866536A657A31596F5647434A42596A7A313635646D38796E6B5A6863696A636C4F315448775754644B4A37462F7331336632507157616A725866695878494B754539746A524E324550535A65735841442F7452666636776B4C6D373975324F4E4F4C416255394F66566B77556434632B6F653961417967686B5442495050626B685657364D48644E316E5A3452317238654644556A37515A76474F5245425579447274696365326A35714C4C7A343631376233323051554943784542366C324947753962704956464B435373447248434A482F3377696B4D4A564361324A316F78614C6B4A316D414348364F50526556683435666D76312B41506D75684848736A337A58415A6A394F7635514A345A4A6D64526A75475264664853792F47727A674976394B692B56346B52325178765959316A646844326D46686269575049544975356C7A552F652F74484A4A7032595842326E70637A3867707356466F63664D526464397332787472324848356D35734767696D6265707A326D4652535A324D31476272566A6B4B31314B52446A4247515155726B766932534A3851424A58725A557945636671356D7752592B746A4831506159796243346A76662B5936355966736A35704E2F68616A6F6B74437877754A4435387846372F6E47574E766544353144574D78596C59775746764D546D46337961656253586A2B78346C634A335A53746B69735966557A3843356A7A4E506159696242494F514448326E73423137574E43497558667568684D336A3341324E747473364D6679706B786E6C36365A704457437A2F3956543375714D63746C3532483042594C4544354C6175547650694E6E7A5A37447A316B4267664F6A4C585A4F67694C6D5971587A332B2B3337396F626C6D764963614E534F696A44794173454261567A3542667666466E356F66667647333258764E503571562F56472F62653830337A622B362F417950516D596F4B37373631612B614F2B2B3873394A4F665178637A4A6D456A512B30317763514667694C6F516E723076663971586E78477A396C6859493847716D3779644939322F514D5A4B55435564486541457079777A6234514E6B486167754C476436413052514549414142434541414168306C674C446F7147475A4667516741414549514B414A4167694C4A716A544A77516741414549514B436A424241574854557330344941424341414151673051514268305152312B6F514142434141415168306C4144436F714F475A566F5167414145494143424A6767674C4A71675470385167414145494143426A684A41574854557345774C41684341414151673041514268455554314F6B544168434141415167304645434349754F47705A705151414345494141424A6F67674C426F676A703951674143454941414244704B4147485255634D794C5168414141495167454154424241575456436E547768414141495167454248435341734F6D705970675542434541414168426F676744436F676E7139416B42434541414168446F4B4147455255634E79375167414145495141414354524241574452426E543468414145495141414348535741734F696F595A6B5742434141415168416F416B434349736D714E4D6E42434141415168416F4B4D45454259644E537A546767414549414142434452424147485242485836684141454941414243485355414D4B696F345A6C57684341414151674149456D434341736D71424F6E784341414151674149474F456B4259644E5377544173434549414142434451424147455252505536524D43454941414243445155514949693434616C6D6C4241414951674141456D694341734769434F6E314341414951674141454F6B6F4159644652777A4974434541414168434151424D4545425A4E554B645043454141416843415145634A49437736616C696D425145495141414345476943414D4B69436572304351454951414143454F676F415952465277334C744341414151684141414A4E454542594E4547645069454141516841414149644A594377364B68686D5259454941414243454367435149496979616F3079634549414142434543676F775151466830314C4E4F4341415167414145494E45454159644545646671454141516741414549644A514177714B6A686D5661454941414243414167535949494379616F45366645494141424341416759345351466830314C424D4377495167414145494E414541595246453954704577495167414145494E42524167694C6A687157615545414168434141415361494943776149493666554941416843414141513653674268305648444D693049514141434549424145775151466B315170303849514141434549424152776B674C447071574B59464151684141414951614949417771494A3676514A41516841414149513643674268455648446375304941414243454141416B305151466730515A302B49514142434541414168306C674C446F7147475A4667516741414549514B414A4167694C4A716A544A77516741414549514B436A424241574854557330344941424341414151673051514268305152312B6F5141424341414153622B6E4D49414143414153555242564168306C4144436F714F475A566F5167414145494143424A6767674C4A71675470385167414145494143426A684B6F4C537832646E624D744E754A4579634D47777A7741587741482B6933443079625336672F665436654A304F4542574948735963503441503477454A39594A354A6A6261624678304943774C4B51674D4B64367239766C50462F7468666649446B33337A796E36634E4542594943345146506F415034414D4C395946354A6A5861626C36307A457859724B327447626456475A6137466535573841463841422F4142367079424D65624677577A734D464D6849555446504935624641454641494B506F415034415034774C413877626E6C46786454433475366F6B4B6368594243514D454838414638414239415043792F6542686D77366D4578546969416D46424D4347683441503441443467506A41734B5846752B555848564D4A43484741636355465149616A67412F6741506F415049423657587A774D732B4855776D49636355464149614467412F6741506F41504445744B6E46742B30544554595646585842425143436A3441443641442B41446949666C46772F446244677A595447734533654F67454A4177516677415877414833413567633975436779454262385968352F5777516677415878676F5436416F4F696D6F4842325256675155425961554C6862355734564838414858414C6973357343413247427345425934415034414436775542394155485254554469374C6C525975453735374C5A5459562F7369772F67412F684166333267747244346E59314E7777594466414166774166774158774148786A6D413757454263717A76386F5432324E376641416677416677675846384147477867384F4D347A435578562F77415877414838414868766B4177674A6877652F747877667741587741483841485A755944434175636157624F4E457A42636F343748487741483841482B7545444341754542634943483841483841463841422B596D512F55456862443376376B484738483477503441443641442B41442B49447A67647243777643764E51544F6E5476586D72457745416841414149516749416D674C44514E4A5A6B483247784A495A696D424341414152365341426873595247523167736F6445594D67516741494765454542594C4B476845525A4C6144534744414549514B416E424241575332686F684D5553476F306851774143454F674A4159544645686F6159624745526D504945494141424870434147477868495A47574379683052677942434141675A345151466A4D304E426E4E6C664E5944415975613176753037506D4D3356675A4876322B75706571746D38347772367A3852467034466578434141415167304334434349735A326B4F457857704B4361672B70497754466E4635455266756E4448625A6E31313079523068556B4C6932327A506B67496B544F625A72566F4A784D79676667707A736B6776644252513259584168434141415167554A73417771493271744546783171784F4C4E7031713049795A4B35434249744C50522B33504F3077734B4C6C33796C704469417349685A3878304345494141424D596A674C41596A3966513076454B524B717757374549486E336B6956324F5A537365656D566833525250547649475A796B737A506136475341735571626947415167414145495445414159544542744B6F716459524655446434544A4776486753504A744B505132596E4C50787153545975566977432B2F414641684341414154474A6F43774742745A64515733476947667758734D7751756462675643336F6C772B394B6D4A5056567335712F7A476D50564C797A4D61327738474F4C33386C41574652626C7A4D516741414549464348414D4B69447157615A5A797771465663486B4555676B4D5366433430696C554D53664A61655068577078555737736D4866527A6A76746A6D455261654D6E7351674141454944414A415954464A4E5171366D79767235724E54533059556A39434F6A434434484648336C67684B5079506E6C623968456C615746534941684577525839784752457A2B69645234764D56452B557742434141415168416F494941777149437A506948792B3944364A2F734F4C4F3557586F4A30373434615663743173313638654B6D45575668567A4F43785151316F4C53774D435A37424B4E584F544C683441564B57546A594F7058435133584B4C67516741414549514B41474159524644556831696B6943487072413563644C31652B5A7349386858454A58717772327548333349684D462F6963322F43697168495755794F72376C52492F4A6A6C6246686275574E5A506474342F6F716C5958664644595138434549414142434151454542594244676D2F374B39376C594B45736D35654A6369532F6A68536F53556C336373736E7168454D6946516C69683468646B54543532616B4941416843414141526D525142684D5375534332786E32497246416F64425678434141415167414945534159524643556E3744794173326D386A526767424345436772775151466B746F655954464568714E49554D414168446F4351474578524961476D477868455A6A79424341414152365167426873595347526C67736F6445594D67516741494765454542594C4B476845525A4C6144534744414549514B416E424241575332686F684D5553476F306851774143454F674A4159524654777A4E4E4345414151684141414B4C494943775741526C2B6F41414243414141516A30684144436F6965475A706F51674141454941434252524241574379434D6E31414141495167414145656B494159644554517A4E4E4345414141684341774349494943775751586B68665A7733787738664D366543766C4C4867674C6D314C474435754442672B62674D616B70356650766373787571545950476C74634E33582B75446C384D43746274466D303466736F7A68302B627337722B73462B617479705930456C766B414141684341514173494943786159495370683344716D446C34384C4135664F79594F5862346F446C382F4C777871574F4A6A695452653547514351762F336554746A43676A37537068346273355A59376C59734D6679397573456861706361654F425133794251495167414145326B494159644557533077374470765974514277795434364676557A556C68492B5541304A4D524871597A725A414A68556251566A5473315039634E6E7843414141516730426F43434976576D474B6167626745376A366C4C62667650745074317849572B534F536243566A33734C436A6464393170394C656F5963685141454941434252524A4157437953646776376D6C52595A4F39667550637733476638506F595742327279386D696A366C47494B73597542434141415167734877474578664C5A624B596A726938734468743564634F3934426D38683245502B3563332F5141524670344665784341414154365151426830513837563836796C72414956686A6D2F53696B6371696367414145494143424A534341734667434938317A69434F465266345447646C71685977455954465065394132424341416757556E674C42596467744F4F66365573416A656E796939433447776D42493531534541415168306D6744436F74506D485432355546694D4C6A2B544573476A6C5A6D3053434D5167414145494E41534167694C6C686969715747497350432F6558502B6F796A364B3632457A4C3976656F41414243414167666B5451466A4D6E7A45395141414345494141424870444147485247314D7A5551684141414951674D44384353417335732B59486941414151684141414B3949564262574F7A7537686F32474F41442B41412B67412F67412F6A414D4239415743435945497A3441443641442B41442B4D444D664142686754504E7A4A6D474B566A4F63596544442B41442B45412F6641426867624241574F41442B41412B67412F67417A507A415951467A6A517A5A2B4A75704239334939675A4F2B4D442B4D41774830425964455A59504754754F48535475537559542B7059654548636456502B43374A7575737673376B70353979665173382B623767724C4A3533707270764D77594F487A42305036624A336D5A734F486A51486237724C4648306375734D38464978506C302B4E4E58564D3132452F6159394B78764343467A364144387A664278415758516A436557492F644E4E4E35715A44423832684F78347975366C6A69626C4B3076666951524B35456767503357454F6C51524432696D74654644433461453744706D44367273646A2F367578354961612B715972734D2B4B3033344144364144375453427841575858464D4B774B30534E673175366C6A30587948436F7664586276615949564B564B2B732B724D5643697453556F4A4568454B56734A433255324E4E485273356A7254774B592B58636A4442422F414266474165506F4377364553696B7151756A304863703177736274393970692B6738595346744F55666C5A51456831746C634B736D6D75315159654847364437726A33386546775674706E30464C6E4442422F43424F6A3641734E444A723466375134564673504967535638394A736E66782F43505562494C4C6E346B556A6A685547484278567077367145504D6E663848782F6F6C6738674C486F65794D7643777139494243396B3274554966533762443159747248685137336C6F7467694C566A344C4A6142334B36426A542B7A5A42683941574F6A6B313850397372445171784C7149683070444E534B527244536B626378737237717134643261454D7759417A344944364144387A434278415750553969745957466657636A66446E30727076636A37666D50365A7166325131757A44482B716D516E74746746686379625A4151384146386F43302B674C446F65564B724C797A38543234637A462F67644F3958534273483763756A2B734B4F78415972466A774B36666D31317061677A7A68306E474A2F48763641734F683573417546785277764D6F514677714C6E31396F38416A68747A6A466D346138547879794552632B644A3174747948354435727943564E4848734E396A30584D377A497339375A4A3438414638594E452B674C41676F5532735368667472505248674D5148384146386F50302B674C4241574341733841463841422F41422F43426D666B4177674A6E6D706B7A635366522F6A734A6249534E38414638594E342B554674594747504D6931373049766E67457737344164634263594134514277674469546A51473168345553463953542B67774145494141424345414141676B43745956466F693648494141424345414141684341514543677472426778534C67786863495141414345494141424249456167754C5246304F5151414345494141424341416759424162574842696B5841725956667A70766A68342B5A553848495573654341756255736677766C6836546D6C4C2B6F4C47375954466A7A436C7A4C503956337649727658325A724937374E642F5A5A7A694F6F6F2F4478383335557276755147717371574F75504A385167414145494E424741725746525273487A3568794171654F6D594D48443576447834365A593463506D7350487A7875544F7059414A6B6B2F46676E2B753675516951702F5843663854466A3463364A425A447936336678596C6242496A5456317A41324854776841414149516143324232734B4346597657326A416232506E6A356E43637A4650486F6D6E55456862535470556F7146726C734832726C5173524370567479474C4A5A4F4F5070734E58434541414168426F6D454274596448774F4F6C2B4B41465A555A416B376A366C734E74336E2B6B4761676D4C2F444649734370524E4A64597362446E6F754E44685955626F2F7573502F3569474F78414141495167454172434E515746717859744D4A654D783945505748684832386374414A4744794D53454D577036506851595646555967634345494141424A6163514731687365547A5A50675642476F4C69377A2B2B654F48376673544234766C693068414650334938634E47587665772F78415742526C32494141424348535A51473168775970464E39316758474752555A42484675376C7A4170684551754A2B48733363544972434541414172306E55467459394A35555277485545686279596D577851694567524669343159694573424152555A7A50775345734F7570425441734345494241534B433273474446496754586C57387059524838546F72384A7A6D4B5279443537374C774F694D5446716B3641534F45525943444C7843414141533653714332734F6771674C37504B78515763365342734A676A584A71474141516730423443745955464B7862744D646F7352794C43777134322B43574957545A763279723647505A374C4762654B773143414149516745415442476F4C6979594752353851674141454941414243437758676472436768574C355449736F345541424341414151673051614332734A44424F58484235347573726541414236344C34674A786744684148416A6A77466A43776D5A542F6F4D4142434141415168414141495642424157465741344441454951414143454944412B41515146754D7A6F775945494141424345414141685545454259565944674D4151684141414951674D443442424157347A4F6A42675167414145495141414346515151466856674F4177424345414141684341775067454542626A4D364D4742434141415168414141495642424157465741344441454951414143454944412B41515146754D7A6F775945494141424345414141685545454259565944674D4151684141414951674D443442424157347A4F6A42675167414145495141414346515151466856674F4177424345414141684341775067454542626A4D364D4742434141415168414141495642424157465741344441454951414143454944412B41515146754D7A6F775945494141424345414141685545454259565944674D4151684141414951674D443442424157347A4F6A42675167414145495141414346515151466856674F4177424345414141684341775067454542626A4D364D4742434141415168414141495642424157465741344441454951414143454944412B41515146754D7A6F775945494141424345414141685545454259565944674D4151684141414951674D443442424157347A4F6A42675167414145495141414346515151466856674F4177424345414141684341775067454542626A4D364D4742434141415168414141495642424157465741344441454951414143454944412B41515146754D7A6F775945494141424345414141685545454259565944674D4151684141414951674D443442424157347A4F6A42675167414145495141414346515151466856674F4177424345414141684341775067454542626A4D364D4742434141415168414141495642424157465741344441454951414143454944412B41515146754D7A6F775945494141424345414141685545454259565944674D4151684141414951674D443442424157347A4F6A42675167414145495141414346515151466856674F4177424345414141684341775067454542626A4D364D4742434141415168414141495642424157465741344441454951414143454944412B41515146754D7A6F77594549414142434541414168554545425956594467384759487676667A6C68673047692F53427954795657684341774C774949437A6D5262616E375334796F644158416B5A38674838516745433743434173326D57507052384E795A356B763267665750714C68676C416F474D45454259644D326A543039464A52592F6C78496B5468673047732F49423757657A61704E32787664506659327A44774648414748685350413545774936344F73474A57672F3838777A624443596951396F50384F766D726D75354A726D48775253424241574B536F636D35694144766936455952464D38472F71306C582B316C5835396A32655345736449526A58784E41574767613745394E51416438335A6757466A73374F34594E427450346750617A616471683776682B36415150776B4A484F505931415953467073482B31415230774E654E49537A47442B416B7657706D32732F67564D3170486D7751466A7179735A3869674C42495565485978415230774E654E49437757472F7A6E6B564461314B6232737A614E7177396A30634A4339703939396C6E7A2F5050506D786465654D48383441632F304A63392B7A306C674C446F7165486E4E5730643848556643417545785379547276617A57625A4C573650395641754C303664506D374E6E7A35716E6E33376169677545685935362F64314857505458396E4F5A7551373475674F457865694154564B727A306A3747647A71633573464B793073627276744E76506C4C332F5A696F76643356323761714776652F62375351426830552B377A3233574F75447254756F4969362F397733336D31722F38556D6E37334F31664D76662B347A6557376F58506B7873725A7243327458546A6E6B58796D58636232732F6D3352667468384A464334756A523438614552657963694848355845492F794341734D41485A6B704142337A646342316838626F33763939633837452F4B57302F395576764E6A2F336869764D6E2F37316C326554704C66577A4743775A726273543664736D625842774179536D79736A6766576B32566A5233384E676D30342B306E5A566E617A66745333586A72532F596A5A4F75752B757A2F6959506A2F7666526E54775067787A72752F2B7531725030757A723938573963646A70595846427A2F345158504C4C626559652B3635787A344F2B66373376363876652F5A3753674268305650447A3276614F75447250756F49692F2F2B7131636D68594D635033332F50356D66652B4D5635732F756D4A47344F4C6C6856754B6B4C344B6A636F5568495378734736456F6B5352735679704B516D584E62466C4234387048676B50616976744F4856766F6A2B6F694C4241645A64476868635856563139746A6830375A75362B2B323645685135345064394857505463415759392F586B4A43776E77546C7A636466632F4A67584974456C676179313964353455436949434A504776624A695465624B5863746E646653684335506A4B786B6D7A557956634173456877694E6270536A33573756364D5338424D4B393279386C71584E7470507875334C75576E34342B776D48585537463537434976753262545247656D41727763797A59724657362F34694632746B42574C532F376E62357672622F364C7159534643416962364864326A4F796E48345049636232716F423572754A5745536D4778343057484B79766959346977634F504A48726D49674E67796130713053444C63576B4E594F4647672F63776434334D367756435848384A43527A62325577515146696B71484A755967413734757046706849554F6544662B3852336D3647662B6643706849653170635246387230722B4F335746525861586E78497261327679626B636B5A455138624B30565173634A69375531742F72686B3056615747547661685474576A48695668727963303667694D68522F596676546F54745A454C48745A4F507764557648746D6B366B685A56792F71663461506362536661663967332F764C764667674C48526B597A3946414747526F734B7869516E6F674B3862615A7577384545335333352B7853422F5238496C3479495A53726C3842634D4A6757457246725A65744F71675245736745696F65686353505A6F493678626830496E644A78596B6276654A79306D79732B636332647658457A63654B4A722B4B34396B34675A437674755350614C4C7A776B4F766F4B69797562414956337A633247627A7166334D6A33633262645065634934494378335A324538525146696B7148427359674936344F74473667714C70353536796A7A2B78474F564B784B7A584C465932354137654A38632F5473532B614F4D6758726E516F754945634B692F4735452F6C686C694C4477776B595374422B544668666A436F747752534A4C46754859764641616C4953556C4D2F46676C317030534C464359316F3957586778496B5747634F54314B524A5850765A70473151627A4C62494378305A474D2F525142686B614C4373596B4A3649437647366B724C4736382F515A7A7964742F624D3743496B7A656B6D776C7356746849574A6A5A634E73784339794B6C4567642F745743476978735A4F74644E686B6268385A53434B574659733175386D507472702B4A4B4546497347315A3163687772466C7954314C366B4764476973576762437759334B4A33776D6E65734A69734C4953434443626B495648556F776F51564C384B4F316B435778593474642B4E71776335326250486D4768497876374B514949697851566A6B314D514164383363676F596648456B302B592F2F616D793879316E2F7444383871332F616A3578734D506D724F5050465153474C4E5A736443504B50776A4469737374764C457668582B4F4B70654F5267754C4C51776350316B6E787671356374414A41775646693478364862644D66637035395471696C747030496B3945674979562F2B6F496E7363354958496C746D516E324C5237655443524A6552332F2F687634745963717361385869636B4D6C58596D7862696631414C4C6D3570542B316E794565306F7A6D785156686F534D622B796B43434973554659354E54454148664E33494B474678382B632F5A51574669417133705659755A6949734A4C486C4C7944715659524D5750695668654A6349696B584B7862715A5568356756496E326832375970472F31794239716A7638574667554C312F613976796A454A386376414479783378437959544349463946534354323472324837504846797470612B487338637547516A614E4B494751437042416B515230393930542F746D7843544F6A6A434975536B45375A75756C6A434173643264685045554259704B6877624749436B77714C4278343659313739613238796237766D4E3632774F484C724465623650373352664F5775553848326634392B6475716643696B456730746B4968777145376F6B795477687875556B4B5371783449534A75394F33626559434A6C6A787150306F784358792F46324734716378764B426F4F736B3031622F3273366247304E642B455259546838666556455259394D625569356D6F447669367831457246684B6B50377031752F6D6C392F79364652627666502F314A72573936366F627A4C782B51565A66453855797A6C763732544B4F66356E486A4C44516B5933394641474552596F4B7879596D6F414F2B6271534F734A42672B38445A2B3833666E4C786A4B5A61456C7A6B354C507659745A38742B317957626677494378335A324538525146696B7148427359674936344F74473667714C5A5175796A4C655A787A4C617A374442596D3241734E43526A66305541595246696772484A6961674137357542474778324F4466395753722F617A72633233622F4241574F724B786E794B417345685234646A4542485441313430674C424157733079513273396D325335746A665A546849574F624F796E43434173556C51344E6A4542486642314977694C30514762704661666B66597A754E586E4E677457434173643264685045554259704B6877624749434F754472526841576977332B73306767625735442B316D6278396E46735345736447526A50305541595A47697772474A4365694172787442574341735A706C6B745A2F4E736C33614775326E434173643264685045554259704B6877624749434F75437A2F334944672F6B7A5141794D46674F7A5A4953776D4467383971596977714933706C374D52456D6B38302B6B4D41345A7A7A4A7030745A6F6B594B775745777358655A654542624C624C30576A70326B46795939654D796642324A67744269594A534F455251734462387547684C426F6D5547364F687A6573566873384A396C49756C72572F5950752F48335755712F425264683064556F506274354953786D78354B5768684359524667382F73546A3576775435307542626270456C2F336C7A654B7669646F2F4968623973612F694C356136762F4B70524548774A3837566366765851314E2F6C585448794A395A4877784C555046662B4A54767472794D4E5445473938665469732F4558784D747A726B78716A2B6D5670784C4858506C462F315A5A7736546A696C727537423559642F386A377535372B6F50796D552B4E757776796D592B592F2B617266336A64485873704D61762F344264386366746F76454D4B767970734A39716234484845425A444168326E4C4147454259367745414A3168635754547A31707472377761664F4C5637375758504C326C357566657365715758762F666E50723853306A35773539396D707A397047485A695132747379614578596A6B6B72784631464C77734B31555A326B2F563839485A59494A46466C6955542B456D6F364365614A78677152716A4C367545704D68566852593067645379536F7976454D4530754A646F594C776E6B4B437A566E4E3636534858305A75314C6878456278755761324167455143776C6E76307877704F30333841497A456859724779636A6E7859656352392B6A4D4E5A7A726363776D496849584F704F3046594C4C58356C6D667764595446685173587A4D47502F706239363661762F75314C7A4C7576653464353537572F6269343938457037374F63507673702B336E332F31364D6750476B6764614B674B686D34774437737647744443347571386A7270793735725834302F574E326F534334364B626C456D666A6357737546525A415170642F7365446D424B6947536147396E522B615647484F79724A70547266507A457861567771675144636F75566D4347334C576F484C72795A4F63356D6C45346E68577A7362466D79734A696444744E6951754578664C4533615A476972426F696E7A502B71306A4C47362B34354E574F507A713575764E755563664C7354444E78352B30496A51654F5862666E516D77694A49714E474B525A464556424B565933624A57784A4836553633536C694D537341756357514A5665357779386B6C544841544A354A677A4E4B6D4341673362693841436946534B5154636D483264696364553669506A554841756E5A2B797A344242776F377865536665394B704F49507263654C4A78653976565A4F54614433777161367459375A6A7069704162372F5366434975654265384A706F75776D4141615663596E554564592F504C375832646563396C506D30636666375151465A4B345076435A397857695173544676512B65437336506D3979385543676E567938735841434F676E31306C377579735A452F54704679376F37664A786470723067556564307343666B7964767835596776765A745764744F74336263756B326F7A37634E3974583048537A4D613574716245557037454A784D57475A2B314C5A6E5077417A634979564A6E47374D673445585A72617676477A417737575463336631692B536171694E6C5862326F2F3169596C465A74796D777A753254744F583736633231747257524C4E3139724E7A74574763636F55626C6A64704C4377766C63757A3852467550487637375651466A307A65494E7A62654F7344683533776C7A2B6876336C6B544451392F367070484848374A4E4B796F6B6963634A64466969396E6569656241506B725163632B4A45456C4A61574F67327648434A456C44557270544C377435642B794F536A53537149676C485A55744A4E52756E4A454F395168427A4B517532614D773265627445724A507053624F78746D464F757552752B33666E4D7747676D5754394F494751762B7761764C676F645278626D5A73716D2B386E487975352F75557A346A7679753630627356637246745773556F776965306A62546A6A4A764459536773574B4C6A336E52427436666776635231673046455358714675457852495A61356D484F6B7059795073566435372B6D6A6C7836697432652F4473417957423863445A2B383239443935544F6C354F674D4F43734575452B523372796F625A4B704C346A6C304E4B4A4A656B5979694F7357647543524C6C33796B6A45734550726C34495A474E79582F335A657A3469373679636A3770752F627A684B76456778636665614A533577496D516474366E434B79764C696F5470614F5A7A526D6D3877794E6C7167754C356C6650364F507863576B707A64716B615144504E32374B714145794635767956686C4E6B7573314E312F3234636A71386653336D31517334357534666A646D587A6C7A647A78745773556F7763502F6E4D786D7648346A68592B3278464C32744B755968447745753375646839684D5579522B4C466A42316873526A4F7665396C6C4C41343963446477654F4F71322B2B4B6841516A7A7A324C667565786575762B6F5867654A4138786732382B56312B4F7048457963736E52702F51354A684C2F4A494930734969546D685A2F536742366551664A462F58666E7A58726676546438417545617248457270746D396A634F463269792B5A576E537864346F724758435573387274786C36697A7533505062356977474B79736D4A5667645349585643344A6C3279634A65715573426E71477745544E372F38303437663258624E724F554A58767A457A616E45716C6A4E5344474B3270633553423975546D3473525275527743334E4F644865417373674C486F667A6B63435146694D52455342575241594A537A6B4D5964374F664F316C2F397338434F6C333372736E506D56713139767A392F382B552F4E58466A6F424F5354683037637375385459796773584A44583558317938653235637537546C35482B58546E3544424E766C6A677A63614945515834585879545558435470755254374C6E485A354B5048366359696E315848645A6C777A466E373266694B635567666754444B3575596656556762667056454869567432422B31564F336B77735333476465526C5A626348766B4B67432B72782B763273375A6A6756662B61444A67316741414547464A524546554C6D3171446B37555A5A386237716473456F2F542F4D705069704562682F704D43597663442B79346E4F68596F47416F2F4756456E77694C5755544562726542734F69326656737A753772437776314971627A4565666B4E377A4A5866507739356A57582F59775646652F393241456A6A307A714273435235594B456D7756396D39694C52783175655679536A5249576132765A69346C4238493853307367582B46514373694A6878617973364953726B6C41703045746445526C5A777256435A345377434A4F6F4569684632326F3878624634444B6B795764494F453374327A505735596E6B354952437672726A6A6354765A334170426B6F734E313662764C3634586A376E6965384C325A58397877694A615953674A43383146373166304C58795477734C4E57566164484A63686256546161623531454261744361757448516A436F72576D3664624152676D4C6878383561332F356C6677534C506C6C574774583762652F484F7553742F2B592F57565A783737774766505555302F4E52465234386543547330745962716B37537A4C52533467537945734A53535852516D674D535334365165626C2F624B36616B754A477A63322B376D324662775849654F55752B57676A4B3472377751455935592B6E4C445169557A3938716147456C59357363386951645A67716E6C5A6D366736785473566F656A7A4E764F7254646E344936613662646C6632544366632B2B65754864693874576E55457A6B376267794C62494A77714A6273586B65733046597A494D71625A59496A42495771615169763835626671313336687A485A70463061514D2F477438484542616C384D61426941444349674C43312F6B516D45525945505448442F6F7767396D38665142684D5A38593261565745525A64736D614C35344B77494F484E4F2B48522F6D4A3844474852346B44626B7145684C467069694B3450413247786D4B4250636F587A7648304159644831614433392F424157307A4F6B68526F454542596B76486B6E504E70666A4938684C476F45764A345851566A30334145574E58324578574B4350736B567A765032415954466F714C6D387661447346686532793356794245574A4C78354A7A7A6158347950495379574B7651324D6C6945525350592B396370776D4978515A2F6B437564352B7744436F6E2F786539775A49797A474A556235695167674C45683438303534744C385948304E59544251436531554A59644572637A633357595446596F492B7952584F382F59426845567A6358525A656B5A594C49756C6C6E79635451714C652B2B393137444241422B5933676445744341736C6A77594C32443443497346514B594C59356F5546764F2B67364E3956676E3635414D4943794C364B414949693147454F4438544167674C6B6D2B666B6D2B58353471776D456C493748516A4349744F6D3763396B304E59494379366E477A374E44654552587669616C74486772426F713255364E69364542634B6954386D3379334E46574851734F4D39684F67694C4F55436C79544942684158436F73764A746B397A51316955347874485167494969354148332B5A4541474742734F685438753379584245576377715348576F575964456859375A354B67674C684557586B323266356F617761484F6B62636659454262747345506E5234477751466A304B666C32656134496938364836366B6E694C43594769454E314347417345425964446E5A396D6C754349733645612F665A5241572F62622F776D6150734542594E4A3138543236736D4D48616C6D6C36484D766550384A695957467A6154744357437974365A5A72344A4D4969386566654E7963662B4C386A42504253624F784D6A434451623674624A69544F31746D7A5830505074664D316B346B434C62577A4D724779635359704E3056733345794B692F317439624753476A5A574E61326F6E616B6A6345673358666C6D4B493234726E4D39587647755453506D66515A32544377575778627A5544594A6D78717836533457395A563558523761762F6B686C6D78767054624F7A6D6D43762B5943524D316C6A6D336837425972746A6278476752466B315137324766645958466B3038396162612B38476E7A6931652B316C7A79397065626E337248716C6C372F33357A362F4574492B634F66665A71632F615268784B4A665A4C41756D58576E4C427753614549796D45536B7274644B79684B5364793155533073704F3777424B73547055732B2B7468677144445A5768754D6144396B492B554C5961555434457A7635725078443539334F4B36703775524C647646743235554B50552B37763261326372475773596946684E6866624A454A6A69517661636378693452465758774B6A37675050386170356C373437474C6151316A304D4943504F575745785A6A414B44345A6754724334734B46432B626752332F4C76504A74503270652F6475586D4864663977377A7A6D742F33567836344A5832324D3866664A58397650762B72383965574A51536A7952666C7769716B6F756354776D4C71764A78516E667470354B4F48484D69493077593655515A7435312F64346B766D58786B6E47344D59522F544A3772354359744B595A53796F52574D49563874456774686B4F516A5445597A4373657A596A5932557174616F39755A6E766D73625A68754432457857517A7355793245525A2B73336542633677694C6D2B2F347042554F76377235656E50753059634C3866434E68782B30516B4D4568327A54436F73674D556372466B585355516C466A68563333715537347970684D537068363053544A57462F567979436F6C705936415130376D7146726C736E6159626C30346B6D58575A2B77734C3246397468314865336F694366546D776C4831466C342F59724474704F512B627632686542556F776C7371767274314C4544476D2F525855514667304730695870476D47784A495A61396D48574552612F2F5037586D6464633974506D306363664C5553464A4A4550664F5A39566C41345958487667366543382B6E455668326B765642776F73435839634C434859755351335258764C4B786B54394F6B584A756863456E49326E5043345A734653464C5772374D7A6F375539554A6B6138304A693851716848356B45797A6C6C387357597167794B656B7868504E6432354A7A417A4E772F556E6956484D503238374C3575657A2B575863696E4B75667046635533566B444B3565314838386878467A462B5A36484C454E3550766157766265536E41756E3639646862426A6C58463432315436576C4A594F4B62642B6B52594C4873306E762F344552627A5A307750707436665454393533776C7A2B6876336C6B544451392F36706C326C6B4A574B615557464A495973636674676E30722B4C746E344F3965386648453336756F37635649744C48516258726A6F6846556C4C4A785143632F62354A596E61743232546E7231566A4C30474E7838737354754877504A385A4E6D593031656376554D2F506C4D414A54486B62566A6859555641573475306F625530643956325678592B506264754B4C503241366A767475784F317570656552434A2F594A7A7A4C464B42714C744F32456B38787249794659724F6A5363303630346669322F424E6851556766525142684D596F5135326443594E534B686278666365667072356B547037356974776650506C415347412B6376642F632B2B413970654D2B4364514A31693578356E66344B78746D537A337138496C2F794A4A32636563756437497557556D374C6E48345A42533074374E6A2F4864667874326C4F7A457A73456C58747966372B7134357137755257413378626452356F564F507762484C2B4251724453724A796468392B2F6C345244533456513156317330705778585159362F2B71596C4D6E46543348396935396F70467874795032363373354339765469307373764861396830484B334B32497076464E6E53386C2B3854595447546B4E6A70526841576E545A7665795933536C696365754475344848483154646646516949527837376C6E3350347656582F554A775045673251574B724562446C4C6E4E747979623763754C4A45704250646A365268736447433475343761792B5475706830736E756E6B656431794B6C504E647056797743595247766A746A766E7363775954465957544572776570454C6978634569375A724B6177694F76464B786236664446657364576133655448694C33494B3639692B523852316E596F63793738542F707763334A6A4566475443786664563146486A33474A3968455737596D726252304A77714B746C756E597545594A43336E4D34643668654F336C50787638534F6D33486A746E667558713139767A4E332F2B557A4D58466A72512B77516743633674514B6A4537354A4739463545646F66757976746B354E754C6B3549765935665258564A794355596C70617A74364B342F54347978614E4866413348673267302B3152694B34346E454871314B794A7A386F77707051362B4F624A6B4E2B33732B564475354D50486A69657449596E667A552F574B4D635873736A4A3672756C396156504B4B7274597A706B59334C4476736D5274783439437644424C4D5972486B7A384B63545973664553746C72687A6C584E4B744E6E537367694C6A67586E4F557748595445487144525A4A6C4258574C67664B5A57584F432B2F3456336D696F2B2F78377A6D73702B786F754B39487A7467354A474A46674A5437617345344E724A6B715A624C74637641506F37394A5731746578467869425A52416C733541742F506D47567859647553784B4F6648654A31796567636A312F7A69644766387A4E30582F364D66686A307063574371352F7863544F5834306E4677355A636E6648343359794D5645496B71434F37692B754E327A38366C7A436C6E354F7270786258597145514F6D39473831463737743245702B70465176374C6F6E6A3572676B36725A55514A54355A574E48574A546A473064434167694C6B416666356B52676C4C42342B4A477A3970646679532F426B6C2B47745862566676764C735335352B342F5A58355A31374175664D5538393964524D524955584433496E36784B6566765468676E2F303071496B6746494379784B6854617146304269536A4852437A637637752F5738333251663563525545686136375A48437873317832543456372B4A644635653845352B577361705476464F6878557A344B43546B477670486157566B5A634E387A7231376B7264744836505973576D62356532344D6B736D4A72544951466A4D4B55683271466D455259654D326561706A4249574F6E433566666C3133764A72766431335070644E424444654C766F7377714C4E6B62596459304E59744D4D4F6E522F464A4D4B696930475A4F5345326C7430484542616444396454547842684D5456434771684441474642516C3332684D72344D783947574E534A655030756737446F742F30584E6E754542634B43784E774E483042594C4378734C6D31484349756C4E643179445278683059326B676A6A416A67694C35597139545977575964454539523732696241674953464B7575454443497365427641787034797747424D597853636A6F49574643307838506D4E6741494E6C3951473570712B2B2B6D707A374E6778632F66646435756E6E33376166502F37333538735146437255775151467030795A33736E6737416767533572416D586361643946574C5133336A59394D6F52463078626F53663853684E686767413930797764597365684A4142397A6D67694C4D5946526648594535453777394F6E5435726262626A4E486A783431482F7A67422B3353716751724E686A67412B333341626C753566715636316975357864656547463241594B576C705941776D4A705462663841332F323257664E32624E6E7A5A652F2F4755626E473635355262377646616532624C424142396F76772B49714A44725636376A33643164684D5879682B575A7A4142684D524F4D4E44494A676565666639362B384356425365353437726E6E487673536D4C774978675944664B4439506944587256792F38754B6D584D382F2B4D45504A676B46314F6B594159524678777936544E4F525A564D4A526E4B6E4938756F45707A59594941504C493850794855724B343979486376316A4C425970676738763745694C4F62486C705A48454A41674A4A73454A4E6E6B52395859594941504C493850754776585863736A4C6E6C4F393451417771496E686D616145494141424341416755555151466773676A4A395141414345494141424870434147485245304D7A5451684141414951674D416943434173466B475A5069414141516841414149394959437736496D686D535945494141424345426745515151466F75675442385167414145494143426E684241575054453045775441684341414151677341674343497446554B595043454141416843415145384949437836596D696D4351454951414143454667454159544649696A544277516741414549514B416E4242415750544530303451414243414141516773676744435968475536514D43454941414243445145774949693534596D6D6C434141495167414145466B45415962454979765142415168414141495136416B4268455650444D30304951414243454141416F7367674C4259424758366741414549414142435053457747426E5A38654D326E356E59374D6E4F4A676D424341414151684141414C544545425954454F50756843414141516741414549424151514667454F766B414141684341414151674D413042684D5530394B674C41516841414149516745424141474552344F414C424341414151684141414C544545425954454F50756843414141516741414549424151514667454F766B414141684341414151674D413042684D5530394B674C41516841414149516745424141474552344F414C424341414151684141414C544545425954454F50756843414141516741414549424151514667454F766B414141684341414151674D413042684D5530394B674C41516841414149516745424141474552344F414C424341414151684141414C544545425954454F50756843414141516741414549424151514667454F766B414141684341414151674D413042684D5530394B674C41516841414149516745424141474552344F414C424341414151684141414C544545425954454F50756843414141516741414549424151514667454F766B414141684341414151674D413042684D5530394B674C41516841414149516745424141474552344F414C424341414151684141414C544545425954454F50756843414141516741414549424151514667454F766B414141684341414151674D413042684D5530394B674C41516841414149516745424141474552344F414C424341414151684141414C544545425954454F50756843414141516741414549424151514667454F766B414141684341414151674D413042684D5530394B674C41516841414149516745424141474552344F414C424341414151684141414C544545425954454F50756843414141516741414549424151514667454F766B414141684341414151674D413042684D5530394B674C41516841414149516745424141474552344F414C424341414151684141414C544545425954454F507568434141415167414145494241542B503954655A3652337674474C4141414141456C46546B5375516D4343223E3C2F703E3C703EE59CA82271426974746F7272656E7422E4B8ADE689BEE588B0E5889AE6898DE5889AE588B6E4BD9CE5A5BDE79A84E7A78DE5AD90E4BBBBE58AA12CE59CA8E5BA95E983A822547261636B657222E4B8ADE58FB3E994AE22E6B7BBE58AA0E696B0E79A8420747261636B6572222C20E7B298E8B4B4E5889AE6898DE5A48DE588B6E588B0E79A84547261636B6572E59CB0E59D80E58DB3E58FAFE5AE8CE68890E5819AE7A78D2E3C2F703E, '0', 'admin', '2021-03-19 13:21:38', 'admin', '2021-03-19 13:25:44', NULL);
INSERT INTO `sys_notice` VALUES (12, '[科普]下载速度慢的看这里!', '2', 0x3C703E5BE69198E887AA3A2068747470733A2F2F7A6875616E6C616E2E7A686968752E636F6D2F702F38373139333536365D3C2F703E3C703E3C62723E3C2F703E3C703EE9A696E58588EFBC8C425420E4B88BE8BDBDE9809FE5BAA6E58F96E586B3E4BA8EE585B6E4BB96E4B88BE8BDBDE5908CE4B880E8B584E6BA90E79A84E794A8E688B7E4B88AE4BCA0E9809FE5BAA6E380823C2F703E3C703EE4B99FE5B0B1E698AFE5819AE7A78DE79A84E4BABAE8B68AE5A49AEFBC8CE4BDA0E79A84E4B88BE8BDBDE9809FE5BAA6E8B68AE5BFABEFBC81E5A682E69E9CE4B880E4B8AAE8B584E6BA90E6B2A1E4BABAE4B88AE4BCA0EFBC8CE4BDA0E5B0B1E5AE8CE585A8E6B2A1E69C89E4B88BE8BDBDE9809FE5BAA6E380823C2F703E3C703E3C62723E3C2F703E3C68333EE4B880E38081E585ACE7BD9149503C2F68333E3C703E09E4B8ADE59BBDE59BA0E4B8BAE68EA5E8A7A6E4BA92E88194E7BD91E6AF94E8BE83E6999AEFBC8CE5AFBCE887B4204950763420E58886E588B0E79A84E695B0E9878FE5BE88E69C89E99990EFBC8CE7BE8EE59BBD203320E4BABFE4BABAE58FA320313520E4BABF2049507634EFBC88E4BABAE59D87E7BAA620342E3720E4B8AA204950763420EFBC89EFBC8CE8808CE4B8ADE59BBD20313420E4BABFE4BABAE58FA3203420E4BABF2049507634EFBC88E4BABAE59D87E7BAA620302E323920E4B8AA2049507634EFBC89E380823C2F703E3C703E3C62723E3C2F703E3C703E094950763420313620E5808DE79A84E5B7AEE8B79DE5AFBCE887B4E59BBDE58685204950763420E8BF91E4BA8CE58D81E5B9B4E5A587E7BCBAEFBC884950763620E695B0E9878FE7AEA1E5A49FEFBC8CE59BA0E6ADA4E69CAAE69DA5E5B0B1E4B88DE5AD98E59CA8E8AFA5E997AEE9A298E4BA86EFBC89EFBC8CE68980E4BBA5E59BBDE58685E79A84E8BF90E890A5E59586E5B9B2E88486E4B88DE7BB99E5AEB6E5BAADE5AEBDE5B8A6E58886E9858D20E585ACE7BD91495020E4BA86E38082E8808CE5AFB9E4BA8E2050325020E69DA5E8AFB4EFBC8CE585ACE7BD91495020E5AFB9E4B88BE8BDBDE9809FE5BAA6E5BDB1E5938DE4B88DE5A4A7EFBC8CE4BD86E5AFB9E4B88AE4BCA0E9809FE5BAA6E5BDB1E5938DE5BE88E5A4A7EFBC8CE8808CE4BDA0E79A84E4B88AE4BCA0E9809FE5BAA6E58F97E5BDB1E5938DEFBC8CE79BB8E5BA94E4BB96E4BABAE79A84E4B88BE8BDBDE9809FE5BAA6E4B99FE4BC9AE58F97E5BDB1E5938DE380823C2F703E3C703E3C62723E3C2F703E3C703E09E59BA0E4B8BAE8BF99E782B9EFBC8CE58F8DE79D80E79C8B20E59BBDE58685E5A4A7E983A8E58886E794A8E688B7E6B2A1E69C8920E585ACE7BD91495020E4B99FE4BC9AE5BDB1E5938DE588B0E4BDA0E4B88BE8BDBD20425420E8B584E6BA90EFBC8CE68980E4BBA5E8AFB4E8BF99E698AFE4B880E4B8AAE695B4E4BD93E680A7E79A84E5BDB1E5938DEFBC8CE7BB93E69E9CE4B99FE698AFE695B4E4BD93E680A7E79A84E59BBDE5868520425420E9809FE5BAA6E4B88BE9998DE380823C2F703E3C703E3C62723E3C2F703E3C68333EE4BA8CE38081E4B88AE4B88BE8A18CE4B88DE5AFB9E7AD893C2F68333E3C703E09E999A4E4BA86E4B88DE7BB99E5A4A7E5AEB6E68F90E4BE9B20E585ACE7BD91495020E4BBA5E5A496EFBC8CE8BF90E890A5E59586E8BF98E99990E588B6E4BA86E5AEB6E5BAADE5AEBDE5B8A6E79A84E4B88AE4BCA0E9809FE5BAA6EFBC8CE5A4A7E5AEB6E58FAFE4BBA5E58F91E78EB0EFBC8CE887AAE5B7B1E79A84E4B88AE4BCA0E9809FE5BAA6E6AF94E4B88BE8BDBDE9809FE5BAA6E5B7AEE8BF9CE4BA86EFBC88E6ACA7E7BE8EE7AD89E58F91E8BEBEE59BBDE5AEB6E79A84E5AEB6E5BAADE5AEBDE5B8A6E5BE88E5A49AE983BDE698AFE4B88AE4B88BE8A18CE5AFB9E7AD89E79A84EFBC8CE5BD93E784B6E4BBB7E6A0BCE4B99FE4B88DE4BEBFE5AE9C2E2E2EEFBC89EFBC8CE69CACE8B4A8E8BF98E698AFE59BBDE58685E8BF90E890A5E59586E4B8BAE4BA86E9998DE4BD8EE68890E69CACE68F90E9AB98E588A9E6B6A6EFBC8CE8808CE5AFB9E4BA8E2050325020E69DA5E8AFB4EFBC8CE99990E588B628E4BB96E4BABAE79A8429E4B88AE4BCA0E9809FE5BAA6203D20E99990E588B628E887AAE5B7B1E79A8429E4B88BE8BDBDE9809FE5BAA6E380823C2F703E3C703E3C62723E3C2F703E3C703E09E5928CE4B88AE99DA2E79A8420E585ACE7BD91495020E8AFB4E6988EE4B880E6A0B7EFBC8CE899BDE784B6E4BB8EE4B8AAE4BABAE8A792E5BAA6E79C8BE4B88AE4BCA0E9809FE5BAA6E8A2ABE99990E588B6E4B88DE5BDB1E5938DE4BDA0E4B88BE8BDBD20425420E8B584E6BA90EFBC8CE4BD86E698AFE59BBDE58685E5A4A7E983A8E58886E794A8E688B7E4B88AE4BCA0E9809FE5BAA6E983BDE8A2ABE99990E588B6E58DB4E4BC9AE5BDB1E5938DE588B0E4BDA0E4B88BE8BDBD20425420E8B584E6BA90EFBC8CE68980E4BBA5E8AFB4E8BF99E698AFE4B880E4B8AAE695B4E4BD93E680A7E79A84E5BDB1E5938DEFBC8CE7BB93E69E9CE4B99FE698AFE695B4E4BD93E680A7E79A84E59BBDE5868520425420E9809FE5BAA6E4B88BE9998DE380823C2F703E3C703E3C62723E3C2F703E3C68333EE4B889E38081E8BF90E890A5E59586EFBC88E5B9B2E689B042542F554450EFBC893C2F68333E3C703E09E999A4E4BA86E4B88DE7BB99E5A4A7E5AEB6E68F90E4BE9B20E585ACE7BD914950E38081E4B88AE4BCA0E99990E9809F20E4BBA5E5A496EFBC8CE8BF98E4BC9AE4B8BBE58AA8E58EBBE99990E588B620503250EFBC8CE4BBA5E58F8AE5B9B2E689B020425420E993BEE68EA5EFBC88E8BF99E4B99FE698AFE4B8BAE4BB80E4B988E4B880E4BA9BE4BABAE4B88BE8BDBDE4B880E4BC9AE5B0B1E58F91E78EB0E697A0E8AEBAE4B88BE8BDBDE4BB80E4B98820425420E983BDE6B2A1E9809FE5BAA6E79A84E58E9FE59BA0EFBC8CE79BAEE5898DE59084E5A4A720425420E8BDAFE4BBB6E983BDE694AFE68C81E58AA0E5AF86E6B7B7E6B78620425420E58D8FE8AEAEE4BA86EFBC8CE59CA8E98187E588B0E6B2A1E9809FE5BAA6E79A84E697B6E58099E58FAFE4BBA5E5B09DE8AF95E8B083E695B420425420E8BDAFE4BBB6E4B8ADE79A84E58D8FE8AEAEE58AA0E5AF86E98089E9A1B9EFBC89EFBC8CE5AFBCE887B4E695B4E4BD93E680A7E79A84E59BBDE5868520425420E9809FE5BAA6E4B88BE9998DE380823C2F703E3C703E3C62723E3C2F703E3C703E09E58FA6E5A496EFBC8CE5AFB92050325020E5BE88E9878DE8A681E79A842055445020E4BCA0E8BE93E58D8FE8AEAEEFBC8CE4B99FE4BC9AE7BB8FE5B8B8E8A2ABE8BF90E890A5E59586E5B9B2E689B0E38081E99990E9809FEFBC88E58C85E68BACE5BE88E5A49AE88194E69CBAE38081E7BD91E7BB9CE6B8B8E6888FE983BDE698AF2055445020E4BCA0E8BE93E58D8FE8AEAEEFBC8CE8BF99E4B99FE698AFE6B8B8E6888FE5BBB6E8BF9FE68ABDE9A38EE38081E68E89E7BABFE79A84E4B8BBE8A681E58E9FE59BA0E4B98BE4B880EFBC89E380823C2F703E3C703E3C62723E3C2F703E, '0', 'admin', '2021-03-25 17:33:58', '', NULL, NULL);

-- ----------------------------
-- Table structure for sys_oper_log
-- ----------------------------
DROP TABLE IF EXISTS `sys_oper_log`;
CREATE TABLE `sys_oper_log`  (
  `oper_id` bigint(20) NOT NULL AUTO_INCREMENT COMMENT '日志主键',
  `title` varchar(50) CHARACTER SET utf8mb4 COLLATE utf8mb4_general_ci NULL DEFAULT '' COMMENT '模块标题',
  `business_type` int(2) NULL DEFAULT 0 COMMENT '业务类型（0其它 1新增 2修改 3删除）',
  `method` varchar(100) CHARACTER SET utf8mb4 COLLATE utf8mb4_general_ci NULL DEFAULT '' COMMENT '方法名称',
  `request_method` varchar(10) CHARACTER SET utf8mb4 COLLATE utf8mb4_general_ci NULL DEFAULT '' COMMENT '请求方式',
  `operator_type` int(1) NULL DEFAULT 0 COMMENT '操作类别（0其它 1后台用户 2手机端用户）',
  `oper_name` varchar(50) CHARACTER SET utf8mb4 COLLATE utf8mb4_general_ci NULL DEFAULT '' COMMENT '操作人员',
  `dept_name` varchar(50) CHARACTER SET utf8mb4 COLLATE utf8mb4_general_ci NULL DEFAULT '' COMMENT '部门名称',
  `oper_url` varchar(255) CHARACTER SET utf8mb4 COLLATE utf8mb4_general_ci NULL DEFAULT '' COMMENT '请求URL',
  `oper_ip` varchar(128) CHARACTER SET utf8mb4 COLLATE utf8mb4_general_ci NULL DEFAULT '' COMMENT '主机地址',
  `oper_location` varchar(255) CHARACTER SET utf8mb4 COLLATE utf8mb4_general_ci NULL DEFAULT '' COMMENT '操作地点',
  `oper_param` varchar(2000) CHARACTER SET utf8mb4 COLLATE utf8mb4_general_ci NULL DEFAULT '' COMMENT '请求参数',
  `json_result` varchar(2000) CHARACTER SET utf8mb4 COLLATE utf8mb4_general_ci NULL DEFAULT '' COMMENT '返回参数',
  `status` int(1) NULL DEFAULT 0 COMMENT '操作状态（0正常 1异常）',
  `error_msg` varchar(2000) CHARACTER SET utf8mb4 COLLATE utf8mb4_general_ci NULL DEFAULT '' COMMENT '错误消息',
  `oper_time` datetime(0) NULL DEFAULT NULL COMMENT '操作时间',
  PRIMARY KEY (`oper_id`) USING BTREE
) ENGINE = InnoDB AUTO_INCREMENT = 123 CHARACTER SET = utf8mb4 COLLATE = utf8mb4_general_ci COMMENT = '操作日志记录' ROW_FORMAT = Dynamic;

-- ----------------------------
-- Table structure for sys_post
-- ----------------------------
DROP TABLE IF EXISTS `sys_post`;
CREATE TABLE `sys_post`  (
  `post_id` bigint(20) NOT NULL AUTO_INCREMENT COMMENT '岗位ID',
  `post_code` varchar(64) CHARACTER SET utf8mb4 COLLATE utf8mb4_general_ci NOT NULL COMMENT '岗位编码',
  `post_name` varchar(50) CHARACTER SET utf8mb4 COLLATE utf8mb4_general_ci NOT NULL COMMENT '岗位名称',
  `post_sort` int(4) NOT NULL COMMENT '显示顺序',
  `status` char(1) CHARACTER SET utf8mb4 COLLATE utf8mb4_general_ci NOT NULL COMMENT '状态（0正常 1停用）',
  `create_by` varchar(64) CHARACTER SET utf8mb4 COLLATE utf8mb4_general_ci NULL DEFAULT '' COMMENT '创建者',
  `create_time` datetime(0) NULL DEFAULT NULL COMMENT '创建时间',
  `update_by` varchar(64) CHARACTER SET utf8mb4 COLLATE utf8mb4_general_ci NULL DEFAULT '' COMMENT '更新者',
  `update_time` datetime(0) NULL DEFAULT NULL COMMENT '更新时间',
  `remark` varchar(500) CHARACTER SET utf8mb4 COLLATE utf8mb4_general_ci NULL DEFAULT NULL COMMENT '备注',
  PRIMARY KEY (`post_id`) USING BTREE
) ENGINE = InnoDB AUTO_INCREMENT = 5 CHARACTER SET = utf8mb4 COLLATE = utf8mb4_general_ci COMMENT = '岗位信息表' ROW_FORMAT = Dynamic;

-- ----------------------------
-- Records of sys_post
-- ----------------------------
INSERT INTO `sys_post` VALUES (1, 'vip_plus', 'Galaxy VIP', 1, '0', 'admin', '2021-03-17 17:46:23', 'admin', '2021-03-20 18:50:25', '');
INSERT INTO `sys_post` VALUES (2, 'vip', 'VIP', 2, '0', 'admin', '2021-03-17 17:46:23', 'admin', '2021-03-20 18:50:04', '');
INSERT INTO `sys_post` VALUES (3, 'user_plus', '高级用户', 3, '0', 'admin', '2021-03-17 17:46:23', 'admin', '2021-03-20 18:50:40', '免审核用户');
INSERT INTO `sys_post` VALUES (4, 'user', '普通用户', 4, '0', 'admin', '2021-03-17 17:46:23', 'admin', '2021-03-20 18:48:04', '');

-- ----------------------------
-- Table structure for sys_role
-- ----------------------------
DROP TABLE IF EXISTS `sys_role`;
CREATE TABLE `sys_role`  (
  `role_id` bigint(20) NOT NULL AUTO_INCREMENT COMMENT '角色ID',
  `role_name` varchar(30) CHARACTER SET utf8mb4 COLLATE utf8mb4_general_ci NOT NULL COMMENT '角色名称',
  `role_key` varchar(100) CHARACTER SET utf8mb4 COLLATE utf8mb4_general_ci NOT NULL COMMENT '角色权限字符串',
  `role_sort` int(4) NOT NULL COMMENT '显示顺序',
  `data_scope` char(1) CHARACTER SET utf8mb4 COLLATE utf8mb4_general_ci NULL DEFAULT '1' COMMENT '数据范围（1：全部数据权限 2：自定数据权限 3：本部门数据权限 4：本部门及以下数据权限）',
  `menu_check_strictly` tinyint(1) NULL DEFAULT 1 COMMENT '菜单树选择项是否关联显示',
  `dept_check_strictly` tinyint(1) NULL DEFAULT 1 COMMENT '部门树选择项是否关联显示',
  `status` char(1) CHARACTER SET utf8mb4 COLLATE utf8mb4_general_ci NOT NULL COMMENT '角色状态（0正常 1停用）',
  `del_flag` char(1) CHARACTER SET utf8mb4 COLLATE utf8mb4_general_ci NULL DEFAULT '0' COMMENT '删除标志（0代表存在 2代表删除）',
  `create_by` varchar(64) CHARACTER SET utf8mb4 COLLATE utf8mb4_general_ci NULL DEFAULT '' COMMENT '创建者',
  `create_time` datetime(0) NULL DEFAULT NULL COMMENT '创建时间',
  `update_by` varchar(64) CHARACTER SET utf8mb4 COLLATE utf8mb4_general_ci NULL DEFAULT '' COMMENT '更新者',
  `update_time` datetime(0) NULL DEFAULT NULL COMMENT '更新时间',
  `remark` varchar(500) CHARACTER SET utf8mb4 COLLATE utf8mb4_general_ci NULL DEFAULT NULL COMMENT '备注',
  PRIMARY KEY (`role_id`) USING BTREE
) ENGINE = InnoDB AUTO_INCREMENT = 103 CHARACTER SET = utf8mb4 COLLATE = utf8mb4_general_ci COMMENT = '角色信息表' ROW_FORMAT = Dynamic;

-- ----------------------------
-- Records of sys_role
-- ----------------------------
INSERT INTO `sys_role` VALUES (1, '超级管理员', 'admin', 1, '1', 1, 1, '0', '0', 'admin', '2021-03-17 17:46:23', '', NULL, '超级管理员');
INSERT INTO `sys_role` VALUES (2, '普通角色', 'common', 2, '2', 1, 1, '0', '2', 'admin', '2021-03-17 17:46:23', '', NULL, '普通角色');
INSERT INTO `sys_role` VALUES (100, '普通用户', 'user', 2, '1', 1, 1, '0', '0', 'admin', '2021-03-18 21:59:30', 'admin', '2021-03-20 17:48:59', NULL);
INSERT INTO `sys_role` VALUES (101, '高级用户', 'user_plus', 3, '1', 1, 1, '0', '0', 'admin', '2021-03-24 06:47:22', 'admin', '2021-03-24 07:13:57', NULL);
INSERT INTO `sys_role` VALUES (102, '内容审核人员', 'content_manager', 0, '1', 1, 1, '0', '0', 'admin', '2021-04-15 11:43:42', 'admin', '2021-04-15 12:12:33', NULL);

-- ----------------------------
-- Table structure for sys_role_dept
-- ----------------------------
DROP TABLE IF EXISTS `sys_role_dept`;
CREATE TABLE `sys_role_dept`  (
  `role_id` bigint(20) NOT NULL COMMENT '角色ID',
  `dept_id` bigint(20) NOT NULL COMMENT '部门ID',
  PRIMARY KEY (`role_id`, `dept_id`) USING BTREE
) ENGINE = InnoDB CHARACTER SET = utf8mb4 COLLATE = utf8mb4_general_ci COMMENT = '角色和部门关联表' ROW_FORMAT = Dynamic;

-- ----------------------------
-- Records of sys_role_dept
-- ----------------------------

-- ----------------------------
-- Table structure for sys_role_menu
-- ----------------------------
DROP TABLE IF EXISTS `sys_role_menu`;
CREATE TABLE `sys_role_menu`  (
  `role_id` bigint(20) NOT NULL COMMENT '角色ID',
  `menu_id` bigint(20) NOT NULL COMMENT '菜单ID',
  PRIMARY KEY (`role_id`, `menu_id`) USING BTREE
) ENGINE = InnoDB CHARACTER SET = utf8mb4 COLLATE = utf8mb4_general_ci COMMENT = '角色和菜单关联表' ROW_FORMAT = Dynamic;

-- ----------------------------
-- Records of sys_role_menu
-- ----------------------------
INSERT INTO `sys_role_menu` VALUES (100, 2000);
INSERT INTO `sys_role_menu` VALUES (100, 2001);
INSERT INTO `sys_role_menu` VALUES (100, 2002);
INSERT INTO `sys_role_menu` VALUES (100, 2007);
INSERT INTO `sys_role_menu` VALUES (100, 2008);
INSERT INTO `sys_role_menu` VALUES (100, 2009);
INSERT INTO `sys_role_menu` VALUES (100, 2010);
INSERT INTO `sys_role_menu` VALUES (100, 2011);
INSERT INTO `sys_role_menu` VALUES (100, 2025);
INSERT INTO `sys_role_menu` VALUES (100, 2026);
INSERT INTO `sys_role_menu` VALUES (100, 2031);
INSERT INTO `sys_role_menu` VALUES (100, 2032);
INSERT INTO `sys_role_menu` VALUES (100, 2044);
INSERT INTO `sys_role_menu` VALUES (100, 2045);
INSERT INTO `sys_role_menu` VALUES (100, 2050);
INSERT INTO `sys_role_menu` VALUES (101, 2000);
INSERT INTO `sys_role_menu` VALUES (101, 2001);
INSERT INTO `sys_role_menu` VALUES (101, 2002);
INSERT INTO `sys_role_menu` VALUES (101, 2007);
INSERT INTO `sys_role_menu` VALUES (101, 2008);
INSERT INTO `sys_role_menu` VALUES (101, 2009);
INSERT INTO `sys_role_menu` VALUES (101, 2010);
INSERT INTO `sys_role_menu` VALUES (101, 2013);
INSERT INTO `sys_role_menu` VALUES (101, 2014);
INSERT INTO `sys_role_menu` VALUES (101, 2025);
INSERT INTO `sys_role_menu` VALUES (101, 2026);
INSERT INTO `sys_role_menu` VALUES (101, 2031);
INSERT INTO `sys_role_menu` VALUES (101, 2032);
INSERT INTO `sys_role_menu` VALUES (101, 2044);
INSERT INTO `sys_role_menu` VALUES (101, 2045);
INSERT INTO `sys_role_menu` VALUES (101, 2050);
INSERT INTO `sys_role_menu` VALUES (102, 2000);
INSERT INTO `sys_role_menu` VALUES (102, 2001);
INSERT INTO `sys_role_menu` VALUES (102, 2002);
INSERT INTO `sys_role_menu` VALUES (102, 2007);
INSERT INTO `sys_role_menu` VALUES (102, 2008);
INSERT INTO `sys_role_menu` VALUES (102, 2013);
INSERT INTO `sys_role_menu` VALUES (102, 2014);
INSERT INTO `sys_role_menu` VALUES (102, 2025);
INSERT INTO `sys_role_menu` VALUES (102, 2026);
INSERT INTO `sys_role_menu` VALUES (102, 2031);
INSERT INTO `sys_role_menu` VALUES (102, 2032);
INSERT INTO `sys_role_menu` VALUES (102, 2037);
INSERT INTO `sys_role_menu` VALUES (102, 2044);
INSERT INTO `sys_role_menu` VALUES (102, 2045);
INSERT INTO `sys_role_menu` VALUES (102, 2050);
INSERT INTO `sys_role_menu` VALUES (102, 2051);

-- ----------------------------
-- Table structure for sys_user
-- ----------------------------
DROP TABLE IF EXISTS `sys_user`;
CREATE TABLE `sys_user`  (
  `user_id` bigint(20) NOT NULL AUTO_INCREMENT COMMENT '用户ID',
  `dept_id` bigint(20) NULL DEFAULT NULL COMMENT '部门ID',
  `user_name` varchar(30) CHARACTER SET utf8mb4 COLLATE utf8mb4_general_ci NOT NULL COMMENT '用户账号',
  `nick_name` varchar(30) CHARACTER SET utf8mb4 COLLATE utf8mb4_general_ci NOT NULL COMMENT '用户昵称',
  `user_type` varchar(2) CHARACTER SET utf8mb4 COLLATE utf8mb4_general_ci NULL DEFAULT '00' COMMENT '用户类型（00系统用户）',
  `points` decimal(20, 3) NULL DEFAULT 0.000 COMMENT '积分',
  `downloaded` bigint(20) UNSIGNED NULL DEFAULT 0 COMMENT '下载总量',
  `uploaded` bigint(20) UNSIGNED NULL DEFAULT 0 COMMENT '上传总量',
  `email` varchar(50) CHARACTER SET utf8mb4 COLLATE utf8mb4_general_ci NULL DEFAULT '' COMMENT '用户邮箱',
  `phonenumber` varchar(11) CHARACTER SET utf8mb4 COLLATE utf8mb4_general_ci NULL DEFAULT '' COMMENT '手机号码',
  `sex` char(1) CHARACTER SET utf8mb4 COLLATE utf8mb4_general_ci NULL DEFAULT '0' COMMENT '用户性别（0男 1女 2未知）',
  `avatar` varchar(100) CHARACTER SET utf8mb4 COLLATE utf8mb4_general_ci NULL DEFAULT '' COMMENT '头像地址',
  `password` varchar(100) CHARACTER SET utf8mb4 COLLATE utf8mb4_general_ci NULL DEFAULT '' COMMENT '密码',
  `token` varchar(128) CHARACTER SET utf8mb4 COLLATE utf8mb4_general_ci NULL DEFAULT NULL COMMENT '下载令牌',
  `status` char(1) CHARACTER SET utf8mb4 COLLATE utf8mb4_general_ci NULL DEFAULT '0' COMMENT '帐号状态（0正常 1停用）',
  `del_flag` char(1) CHARACTER SET utf8mb4 COLLATE utf8mb4_general_ci NULL DEFAULT '0' COMMENT '删除标志（0代表存在 2代表删除）',
  `login_ip` varchar(128) CHARACTER SET utf8mb4 COLLATE utf8mb4_general_ci NULL DEFAULT '' COMMENT '最后登录IP',
  `login_date` datetime(0) NULL DEFAULT NULL COMMENT '最后登录时间',
  `create_by` varchar(64) CHARACTER SET utf8mb4 COLLATE utf8mb4_general_ci NULL DEFAULT '' COMMENT '创建者',
  `create_time` datetime(0) NULL DEFAULT NULL COMMENT '创建时间',
  `update_by` varchar(64) CHARACTER SET utf8mb4 COLLATE utf8mb4_general_ci NULL DEFAULT '' COMMENT '更新者',
  `update_time` datetime(0) NULL DEFAULT NULL COMMENT '更新时间',
  `remark` varchar(500) CHARACTER SET utf8mb4 COLLATE utf8mb4_general_ci NULL DEFAULT NULL COMMENT '备注',
  PRIMARY KEY (`user_id`) USING BTREE
) ENGINE = InnoDB AUTO_INCREMENT = 336 CHARACTER SET = utf8mb4 COLLATE = utf8mb4_general_ci COMMENT = '用户信息表' ROW_FORMAT = Dynamic;

-- ----------------------------
-- Records of sys_user
-- ----------------------------
INSERT INTO `sys_user` VALUES (1, 103, 'admin', '臭榴莲', '00', 707.842, 54802997083, 784930468, 'ry@163.com', '15888888888', '1', '', '$2a$10$7JB720yubVSZvUI0rEqK/.VqGOZTH.ulu33dHOiBE8ByOhJIrdAu2', 'dec994e3-88b0-484a-85da-163999d66c1c', '0', '0', '127.0.0.1', '2021-03-17 17:46:23', 'admin', '2021-03-17 17:46:23', '', '2021-03-19 15:17:56', '管理员');


-- ----------------------------
-- Table structure for sys_user_post
-- ----------------------------
DROP TABLE IF EXISTS `sys_user_post`;
CREATE TABLE `sys_user_post`  (
  `user_id` bigint(20) NOT NULL COMMENT '用户ID',
  `post_id` bigint(20) NOT NULL COMMENT '岗位ID',
  PRIMARY KEY (`user_id`, `post_id`) USING BTREE
) ENGINE = InnoDB CHARACTER SET = utf8mb4 COLLATE = utf8mb4_general_ci COMMENT = '用户与岗位关联表' ROW_FORMAT = Dynamic;

-- ----------------------------
-- Records of sys_user_post
-- ----------------------------
INSERT INTO `sys_user_post` VALUES (279, 4);

-- ----------------------------
-- Table structure for sys_user_role
-- ----------------------------
DROP TABLE IF EXISTS `sys_user_role`;
CREATE TABLE `sys_user_role`  (
  `user_id` bigint(20) NOT NULL COMMENT '用户ID',
  `role_id` bigint(20) NOT NULL COMMENT '角色ID',
  PRIMARY KEY (`user_id`, `role_id`) USING BTREE
) ENGINE = InnoDB CHARACTER SET = utf8mb4 COLLATE = utf8mb4_general_ci COMMENT = '用户和角色关联表' ROW_FORMAT = Dynamic;


SET FOREIGN_KEY_CHECKS = 1;
